timestamp_utc,gpu_name,gpu_memory_total_mib,gpu_memory_used_mib,gpu_utilization_pct,gpu_memory_utilization_pct,gpu_temperature_c,gpu_power_w,ram_total_mib,ram_used_mib,ram_available_mib,load_1m,disk_available_gib
2026-08-25T12:36:41+00:00,NVIDIA H200,143771,0,15,0,26,118.69,76293,4247,72046,1.17,9386,
2026-08-25T12:37:14+00:00,NVIDIA H200,143771,1239,11,1,26,131.74,76293,5689,70604,1.29,9386,
2026-08-25T12:37:44+00:00,NVIDIA H200,143771,1239,11,1,27,134.54,76293,5694,70599,1.24,9386,
2026-08-25T12:38:14+00:00,NVIDIA H200,143771,1239,11,1,27,132.22,76293,5727,70566,1.15,9386,
2026-08-25T12:38:44+00:00,NVIDIA H200,143771,1239,11,1,28,131.43,76293,5731,70562,1.30,9386,
2026-08-25T12:39:15+00:00,NVIDIA H200,143771,1239,11,1,29,131.68,76293,5746,70547,1.25,9386,
2026-08-25T12:39:45+00:00,NVIDIA H200,143771,1239,11,1,30,135.56,76293,5756,70537,1.15,9386,
2026-08-25T12:40:15+00:00,NVIDIA H200,143771,1239,11,1,31,135.26,76293,5694,70599,1.09,9386,
2026-08-25T12:40:45+00:00,NVIDIA H200,143771,1239,11,1,32,137.06,76293,5720,70573,1.11,9386,
2026-08-25T12:41:15+00:00,NVIDIA H200,143771,1239,11,1,33,136.44,76293,5745,70548,1.16,9386,
2026-08-25T12:41:45+00:00,NVIDIA H200,143771,1239,12,1,33,143.19,76293,5820,70473,1.34,9386,
2026-08-25T12:42:15+00:00,NVIDIA H200,143771,1239,10,1,34,133.79,76293,5833,70460,1.14,9386,
2026-08-25T12:42:45+00:00,NVIDIA H200,143771,1239,12,1,34,135.48,76293,5843,70450,1.09,9386,
2026-08-25T12:43:15+00:00,NVIDIA H200,143771,1239,12,1,35,138.42,76293,5855,70438,1.11,9386,
2026-08-25T12:43:46+00:00,NVIDIA H200,143771,1239,12,1,36,138.62,76293,5845,70448,1.06,9386,
2026-08-25T12:44:16+00:00,NVIDIA H200,143771,1241,11,1,36,137.32,76293,5844,70449,0.97,9386,
2026-08-25T12:44:46+00:00,NVIDIA H200,143771,1241,11,1,35,137.88,76293,5846,70447,0.98,9386,
2026-08-25T12:45:16+00:00,NVIDIA H200,143771,1241,11,1,35,138.15,76293,5846,70447,0.93,9386,
2026-08-25T12:45:46+00:00,NVIDIA H200,143771,1241,10,1,35,137.30,76293,5842,70451,0.96,9386,
2026-08-25T12:46:16+00:00,NVIDIA H200,143771,1241,10,1,35,135.40,76293,5862,70431,0.97,9386,
2026-08-25T12:46:46+00:00,NVIDIA H200,143771,1241,11,1,35,137.00,76293,5857,70436,1.32,9386,
2026-08-25T12:47:16+00:00,NVIDIA H200,143771,1241,10,1,34,135.32,76293,5850,70443,1.43,9386,
2026-08-25T12:47:47+00:00,NVIDIA H200,143771,1243,11,1,34,136.77,76293,5850,70443,1.45,9386,
2026-08-25T12:48:17+00:00,NVIDIA H200,143771,1243,10,1,35,135.00,76293,5867,70426,1.27,9386,
2026-08-25T12:48:47+00:00,NVIDIA H200,143771,1243,10,1,35,135.93,76293,5858,70435,1.16,9386,
2026-08-25T12:49:17+00:00,NVIDIA H200,143771,1243,11,1,36,132.60,76293,5850,70443,1.60,9386,
2026-08-25T12:49:47+00:00,NVIDIA H200,143771,1243,11,1,36,135.73,76293,5855,70438,1.43,9386,
2026-08-25T12:50:17+00:00,NVIDIA H200,143771,1243,11,1,37,137.34,76293,5855,70438,1.33,9386,
2026-08-25T12:50:47+00:00,NVIDIA H200,143771,1243,12,1,36,135.94,76293,5855,70437,1.20,9386,
2026-08-25T12:51:17+00:00,NVIDIA H200,143771,1243,12,1,36,136.16,76293,5862,70431,1.20,9386,
2026-08-25T12:51:47+00:00,NVIDIA H200,143771,1245,11,1,35,134.55,76293,5959,70334,1.42,9386,
2026-08-25T12:52:18+00:00,NVIDIA H200,143771,1245,13,1,35,136.57,76293,5947,70346,2.51,9386,
2026-08-25T12:52:48+00:00,NVIDIA H200,143771,1245,11,1,34,134.98,76293,5948,70344,1.98,9386,
2026-08-25T12:53:18+00:00,NVIDIA H200,143771,1245,11,1,34,136.24,76293,5949,70344,1.65,9386,
2026-08-25T12:53:48+00:00,NVIDIA H200,143771,1245,10,1,34,134.86,76293,5955,70338,1.39,9386,
2026-08-25T12:54:18+00:00,NVIDIA H200,143771,1245,10,1,33,135.78,76293,5809,70484,1.65,9386,
2026-08-25T12:54:48+00:00,NVIDIA H200,143771,1245,11,1,34,136.31,76293,5810,70483,1.39,9386,
2026-08-25T12:55:18+00:00,NVIDIA H200,143771,905,28,1,34,139.57,76293,6129,70164,1.38,9386,
2026-08-25T12:55:48+00:00,NVIDIA H200,143771,905,23,1,35,137.46,76293,6169,70124,1.21,9386,
2026-08-25T12:56:19+00:00,NVIDIA H200,143771,905,24,1,35,139.06,76293,6037,70256,1.35,9386,
2026-08-25T12:56:49+00:00,NVIDIA H200,143771,905,22,1,35,144.94,76293,6037,70256,1.15,9386,
2026-08-25T12:57:19+00:00,NVIDIA H200,143771,905,20,0,35,136.68,76293,6038,70255,1.09,9386,
2026-08-25T12:57:49+00:00,NVIDIA H200,143771,905,24,1,35,140.42,76293,6054,70239,1.05,9386,
2026-08-25T12:58:19+00:00,NVIDIA H200,143771,905,24,1,35,138.90,76293,6055,70238,1.03,9386,
2026-08-25T12:58:49+00:00,NVIDIA H200,143771,905,24,1,35,137.23,76293,6063,70230,1.02,9386,
2026-08-25T12:59:19+00:00,NVIDIA H200,143771,905,21,1,35,134.29,76293,6062,70231,1.01,9386,
2026-08-25T12:59:49+00:00,NVIDIA H200,143771,5479,77,42,45,509.94,76293,6096,70197,1.00,9386,
2026-08-25T13:00:19+00:00,NVIDIA H200,143771,5479,77,42,54,540.08,76293,6096,70197,1.08,9386,
2026-08-25T13:00:50+00:00,NVIDIA H200,143771,5479,81,44,56,547.65,76293,6096,70197,1.05,9386,
2026-08-25T13:01:20+00:00,NVIDIA H200,143771,5479,82,45,55,551.45,76293,6096,70197,1.03,9386,
2026-08-25T13:01:50+00:00,NVIDIA H200,143771,5479,82,45,53,530.72,76293,6096,70197,1.02,9386,
2026-08-25T13:02:20+00:00,NVIDIA H200,143771,5479,80,44,52,521.63,76293,6100,70193,1.01,9386,
2026-08-25T13:02:50+00:00,NVIDIA H200,143771,5479,82,45,50,537.58,76293,6096,70197,1.00,9386,
2026-08-25T13:03:20+00:00,NVIDIA H200,143771,5479,78,42,49,524.28,76293,6098,70195,1.00,9386,
2026-08-25T13:03:50+00:00,NVIDIA H200,143771,5479,82,45,50,536.14,76293,6105,70188,1.06,9386,
2026-08-25T13:04:20+00:00,NVIDIA H200,143771,5479,82,44,50,534.40,76293,6122,70171,1.40,9386,
2026-08-25T13:04:51+00:00,NVIDIA H200,143771,5479,84,46,49,537.15,76293,6151,70142,1.31,9386,
2026-08-25T13:05:21+00:00,NVIDIA H200,143771,5479,81,44,50,550.42,76293,6173,70120,1.35,9386,
2026-08-25T13:05:51+00:00,NVIDIA H200,143771,5479,81,44,51,539.24,76293,6177,70116,1.28,9386,
2026-08-25T13:06:21+00:00,NVIDIA H200,143771,5479,66,36,49,437.23,76293,6237,70056,1.71,9386,
2026-08-25T13:06:51+00:00,NVIDIA H200,143771,5479,80,43,52,538.61,76293,3186,73107,1.43,9386,
2026-08-25T13:07:21+00:00,NVIDIA H200,143771,5479,78,42,53,537.50,76293,3186,73107,1.26,9386,
2026-08-25T13:07:51+00:00,NVIDIA H200,143771,5759,83,45,53,541.34,76293,3186,73107,1.16,9386,
2026-08-25T13:08:21+00:00,NVIDIA H200,143771,5759,81,44,54,547.44,76293,3187,73106,1.17,9386,
2026-08-25T13:08:52+00:00,NVIDIA H200,143771,5759,82,44,55,550.61,76293,3187,73106,1.10,9386,
2026-08-25T13:09:22+00:00,NVIDIA H200,143771,5759,82,45,55,537.76,76293,3186,73107,1.14,9386,
2026-08-25T13:09:52+00:00,NVIDIA H200,143771,5759,76,41,55,533.69,76293,3187,73106,1.08,9386,
2026-08-25T13:10:22+00:00,NVIDIA H200,143771,5759,80,43,55,530.24,76293,3187,73106,1.05,9386,
2026-08-25T13:10:52+00:00,NVIDIA H200,143771,5759,84,45,56,537.85,76293,3188,73105,1.03,9386,
2026-08-25T13:11:22+00:00,NVIDIA H200,143771,5759,77,42,56,532.30,76293,3187,73106,1.02,9386,
2026-08-25T13:11:52+00:00,NVIDIA H200,143771,5759,78,42,57,531.12,76293,2657,73636,1.01,9386,
2026-08-25T13:12:22+00:00,NVIDIA H200,143771,5759,81,44,57,536.29,76293,2658,73635,1.00,9386,
2026-08-25T13:12:53+00:00,NVIDIA H200,143771,5759,80,44,56,543.93,76293,2658,73635,1.00,9386,
2026-08-25T13:13:23+00:00,NVIDIA H200,143771,5759,78,43,56,537.08,76293,2658,73635,1.00,9386,
2026-08-25T13:13:53+00:00,NVIDIA H200,143771,5759,82,44,56,573.54,76293,2659,73634,1.00,9386,
2026-08-25T13:14:23+00:00,NVIDIA H200,143771,5759,80,43,56,545.81,76293,2659,73634,1.00,9386,
2026-08-25T13:14:53+00:00,NVIDIA H200,143771,5759,78,42,55,527.91,76293,2659,73634,1.00,9386,
2026-08-25T13:15:23+00:00,NVIDIA H200,143771,6201,78,43,55,538.09,76293,2658,73635,1.00,9386,
2026-08-25T13:15:53+00:00,NVIDIA H200,143771,6201,81,44,55,544.27,76293,2658,73635,1.08,9386,
2026-08-25T13:16:23+00:00,NVIDIA H200,143771,6201,79,43,56,542.71,76293,2658,73635,1.05,9386,
2026-08-25T13:16:54+00:00,NVIDIA H200,143771,6201,80,43,56,544.04,76293,2658,73635,1.03,9386,
2026-08-25T13:17:24+00:00,NVIDIA H200,143771,6201,77,42,56,538.02,76293,2658,73635,1.02,9386,
2026-08-25T13:17:54+00:00,NVIDIA H200,143771,6201,79,43,57,535.88,76293,2659,73634,1.01,9386,
2026-08-25T13:18:24+00:00,NVIDIA H200,143771,6201,84,46,57,550.46,76293,2659,73634,1.00,9386,
2026-08-25T13:18:54+00:00,NVIDIA H200,143771,6201,82,45,57,539.71,76293,2659,73634,1.05,9386,
2026-08-25T13:19:24+00:00,NVIDIA H200,143771,6201,80,44,56,541.83,76293,2659,73634,1.03,9386,
2026-08-25T13:19:54+00:00,NVIDIA H200,143771,6201,65,35,53,517.00,76293,2659,73634,1.02,9386,
2026-08-25T13:20:24+00:00,NVIDIA H200,143771,6201,82,45,54,538.98,76293,2660,73633,1.01,9386,
2026-08-25T13:20:54+00:00,NVIDIA H200,143771,6201,80,44,53,547.28,76293,2663,73630,1.00,9386,
2026-08-25T13:21:25+00:00,NVIDIA H200,143771,6201,82,45,53,556.16,76293,2664,73629,1.20,9386,
2026-08-25T13:21:55+00:00,NVIDIA H200,143771,6201,79,43,53,528.88,76293,2662,73631,1.12,9386,
2026-08-25T13:22:25+00:00,NVIDIA H200,143771,6201,83,45,53,541.02,76293,2663,73630,1.07,9386,
2026-08-25T13:22:55+00:00,NVIDIA H200,143771,6569,83,45,53,539.23,76293,2663,73630,1.04,9386,
2026-08-25T13:23:25+00:00,NVIDIA H200,143771,6569,80,44,54,553.63,76293,2663,73630,1.17,9386,
2026-08-25T13:23:55+00:00,NVIDIA H200,143771,6569,79,43,55,540.25,76293,2666,73627,1.11,9386,
2026-08-25T13:24:25+00:00,NVIDIA H200,143771,6569,82,45,54,529.10,76293,2666,73627,1.07,9386,
2026-08-25T13:24:55+00:00,NVIDIA H200,143771,6569,82,44,54,541.67,76293,2666,73627,1.22,9386,
2026-08-25T13:25:26+00:00,NVIDIA H200,143771,6569,77,42,54,538.28,76293,2664,73629,1.13,9386,
2026-08-25T13:25:56+00:00,NVIDIA H200,143771,6569,80,43,54,545.62,76293,2664,73629,1.08,9386,
2026-08-25T13:26:26+00:00,NVIDIA H200,143771,6569,81,44,54,526.93,76293,2665,73628,1.05,9386,
2026-08-25T13:26:56+00:00,NVIDIA H200,143771,6569,80,44,54,535.14,76293,2665,73628,1.03,9386,
2026-08-25T13:27:26+00:00,NVIDIA H200,143771,6569,78,43,54,524.71,76293,2665,73628,1.10,9386,
2026-08-25T13:27:56+00:00,NVIDIA H200,143771,6569,79,43,55,521.79,76293,2666,73627,1.06,9386,
2026-08-25T13:28:26+00:00,NVIDIA H200,143771,6569,82,45,56,538.95,76293,2667,73626,1.03,9386,
2026-08-25T13:28:56+00:00,NVIDIA H200,143771,6569,81,44,56,542.87,76293,2667,73626,1.02,9386,
2026-08-25T13:29:27+00:00,NVIDIA H200,143771,6569,82,45,57,534.11,76293,2667,73626,1.06,9386,
2026-08-25T13:29:57+00:00,NVIDIA H200,143771,6569,80,43,55,536.51,76293,2666,73627,1.04,9386,
2026-08-25T13:30:27+00:00,NVIDIA H200,143771,6569,79,43,52,534.01,76293,2669,73624,0.94,9386,
2026-08-25T13:30:57+00:00,NVIDIA H200,143771,6989,77,42,51,543.11,76293,2683,73610,0.97,9386,
2026-08-25T13:31:27+00:00,NVIDIA H200,143771,6989,79,43,51,527.52,76293,2684,73608,0.98,9386,
2026-08-25T13:31:57+00:00,NVIDIA H200,143771,6989,81,44,50,535.32,76293,2685,73608,0.99,9386,
2026-08-25T13:32:27+00:00,NVIDIA H200,143771,6989,73,40,50,533.61,76293,2685,73608,0.99,9386,
2026-08-25T13:32:57+00:00,NVIDIA H200,143771,6989,83,45,50,529.58,76293,2686,73607,1.00,9386,
2026-08-25T13:33:28+00:00,NVIDIA H200,143771,6989,77,42,48,533.39,76293,2685,73608,1.07,9386,
2026-08-25T13:33:58+00:00,NVIDIA H200,143771,6989,80,44,50,545.04,76293,2687,73606,0.99,9386,
2026-08-25T13:34:28+00:00,NVIDIA H200,143771,6989,79,43,52,530.40,76293,2687,73606,0.99,9386,
2026-08-25T13:34:58+00:00,NVIDIA H200,143771,6989,79,43,53,540.26,76293,2686,73607,1.06,9386,
2026-08-25T13:35:28+00:00,NVIDIA H200,143771,6989,80,44,54,532.98,76293,2686,73607,1.04,9386,
2026-08-25T13:35:58+00:00,NVIDIA H200,143771,6989,79,43,54,517.18,76293,2689,73604,1.18,9386,
2026-08-25T13:36:28+00:00,NVIDIA H200,143771,6989,76,41,55,519.67,76293,2688,73604,1.11,9386,
2026-08-25T13:36:58+00:00,NVIDIA H200,143771,6989,76,41,55,530.91,76293,2688,73605,1.06,9386,
2026-08-25T13:37:29+00:00,NVIDIA H200,143771,6989,77,42,54,538.60,76293,2689,73604,1.04,9386,
2026-08-25T13:37:59+00:00,NVIDIA H200,143771,6989,82,45,56,541.02,76293,2689,73604,1.02,9386,
2026-08-25T13:38:29+00:00,NVIDIA H200,143771,6989,79,43,56,538.89,76293,2689,73604,1.01,9386,
2026-08-25T13:38:59+00:00,NVIDIA H200,143771,3549,0,0,41,122.35,76293,4230,72062,10.77,9386,
2026-08-25T13:39:29+00:00,NVIDIA H200,143771,3549,0,0,38,120.49,76293,4284,72009,19.14,9386,
2026-08-25T13:39:59+00:00,NVIDIA H200,143771,3549,0,0,37,119.82,76293,4238,72055,24.26,9386,
2026-08-25T13:40:29+00:00,NVIDIA H200,143771,3549,0,0,36,119.29,76293,4260,72033,27.31,9386,
2026-08-25T13:40:59+00:00,NVIDIA H200,143771,905,10,0,35,132.37,76293,4523,71770,23.37,9386,
2026-08-25T13:41:29+00:00,NVIDIA H200,143771,905,10,0,35,132.25,76293,4523,71770,14.55,9386,
2026-08-25T13:42:00+00:00,NVIDIA H200,143771,889,10,0,35,132.09,76293,4525,71768,9.27,9386,
2026-08-25T13:42:30+00:00,NVIDIA H200,143771,889,10,0,35,132.94,76293,4526,71767,6.02,9386,
2026-08-25T13:43:00+00:00,NVIDIA H200,143771,889,10,0,35,134.57,76293,4526,71767,4.11,9386,
2026-08-25T13:43:30+00:00,NVIDIA H200,143771,889,10,0,35,131.68,76293,4525,71768,2.88,9386,
2026-08-25T13:44:00+00:00,NVIDIA H200,143771,889,10,0,35,132.40,76293,4533,71760,2.19,9386,
2026-08-25T13:44:30+00:00,NVIDIA H200,143771,889,10,0,36,133.60,76293,4534,71759,1.72,9386,
2026-08-25T13:45:00+00:00,NVIDIA H200,143771,889,0,0,35,118.76,76293,4319,71974,6.20,9386,
2026-08-25T13:45:30+00:00,NVIDIA H200,143771,889,0,0,35,118.42,76293,4290,72003,16.45,9386,
2026-08-25T13:46:00+00:00,NVIDIA H200,143771,889,0,0,34,118.12,76293,4366,71927,22.58,9386,
2026-08-25T13:46:31+00:00,NVIDIA H200,143771,889,0,0,33,117.90,76293,4366,71927,26.29,9386,
2026-08-25T13:47:01+00:00,NVIDIA H200,143771,1229,10,1,34,136.38,76293,4125,72168,19.66,9386,
2026-08-25T13:47:31+00:00,NVIDIA H200,143771,1229,10,1,34,136.60,76293,4126,72167,12.31,9386,
2026-08-25T13:48:01+00:00,NVIDIA H200,143771,1229,11,1,33,135.50,76293,4126,72167,7.85,9386,
2026-08-25T13:48:31+00:00,NVIDIA H200,143771,1229,12,1,33,136.23,76293,4125,72168,5.15,9386,
2026-08-25T13:49:01+00:00,NVIDIA H200,143771,1309,10,1,33,132.74,76293,4126,72167,3.51,9386,
2026-08-25T13:49:31+00:00,NVIDIA H200,143771,1309,10,1,33,134.27,76293,4126,72167,2.60,9386,
2026-08-25T13:50:01+00:00,NVIDIA H200,143771,1309,11,1,34,135.48,76293,4126,72167,1.97,9386,
2026-08-25T13:50:31+00:00,NVIDIA H200,143771,1309,10,1,34,135.71,76293,4126,72167,1.69,9386,
2026-08-25T13:51:02+00:00,NVIDIA H200,143771,1311,11,1,35,137.19,76293,4126,72167,1.42,9386,
2026-08-25T13:51:32+00:00,NVIDIA H200,143771,1311,11,1,35,138.16,76293,4126,72167,1.25,9386,
2026-08-25T13:52:02+00:00,NVIDIA H200,143771,1311,12,1,35,135.85,76293,2405,73888,1.15,9386,
2026-08-25T13:52:32+00:00,NVIDIA H200,143771,1311,12,1,35,134.66,76293,2406,73887,1.09,9386,
2026-08-25T13:53:02+00:00,NVIDIA H200,143771,1313,10,1,35,134.91,76293,2407,73886,1.05,9386,
2026-08-25T13:53:32+00:00,NVIDIA H200,143771,1313,11,1,35,135.74,76293,2405,73888,1.03,9386,
2026-08-25T13:54:02+00:00,NVIDIA H200,143771,1313,11,1,35,136.60,76293,2405,73888,1.09,9386,
2026-08-25T13:54:32+00:00,NVIDIA H200,143771,1313,10,1,35,134.99,76293,2405,73888,1.06,9386,
2026-08-25T13:55:03+00:00,NVIDIA H200,143771,1315,11,1,35,137.65,76293,2405,73888,0.96,9386,
2026-08-25T13:55:33+00:00,NVIDIA H200,143771,1315,11,1,35,135.26,76293,2406,73887,0.91,9386,
2026-08-25T13:56:03+00:00,NVIDIA H200,143771,1315,11,1,36,135.16,76293,2405,73888,0.95,9386,
2026-08-25T13:56:33+00:00,NVIDIA H200,143771,1315,11,1,36,136.31,76293,2404,73889,0.97,9386,
2026-08-25T13:57:03+00:00,NVIDIA H200,143771,1315,24,1,35,137.27,76293,2389,73904,0.98,9386,
2026-08-25T13:57:33+00:00,NVIDIA H200,143771,913,24,1,34,138.17,76293,2389,73904,0.99,9386,
2026-08-25T13:58:03+00:00,NVIDIA H200,143771,913,25,1,33,136.57,76293,2388,73905,1.06,9386,
2026-08-25T13:58:33+00:00,NVIDIA H200,143771,913,24,1,31,137.84,76293,2389,73904,1.03,9386,
2026-08-25T13:59:04+00:00,NVIDIA H200,143771,913,24,1,30,137.31,76293,2389,73904,1.02,9386,
2026-08-25T13:59:34+00:00,NVIDIA H200,143771,913,24,1,29,136.72,76293,2391,73902,1.01,9386,
2026-08-25T14:00:04+00:00,NVIDIA H200,143771,5291,73,39,45,484.32,76293,2367,73925,1.08,9386,
2026-08-25T14:00:34+00:00,NVIDIA H200,143771,5291,88,48,50,570.17,76293,2367,73926,1.05,9386,
2026-08-25T14:01:04+00:00,NVIDIA H200,143771,5291,80,43,50,523.05,76293,2367,73925,1.09,9386,
2026-08-25T14:01:34+00:00,NVIDIA H200,143771,5291,74,40,50,499.83,76293,2367,73926,1.05,9386,
2026-08-25T14:02:04+00:00,NVIDIA H200,143771,5291,73,40,51,506.32,76293,2367,73926,1.03,9386,
2026-08-25T14:02:34+00:00,NVIDIA H200,143771,5291,78,42,53,527.41,76293,2367,73926,1.08,9386,
2026-08-25T14:03:05+00:00,NVIDIA H200,143771,5291,78,42,53,534.26,76293,2368,73925,1.05,9386,
2026-08-25T14:03:35+00:00,NVIDIA H200,143771,5291,79,43,53,530.64,76293,2367,73926,1.10,9386,
2026-08-25T14:04:05+00:00,NVIDIA H200,143771,5291,82,45,54,544.93,76293,2367,73926,1.06,9386,
2026-08-25T14:04:35+00:00,NVIDIA H200,143771,5735,82,45,54,538.09,76293,2369,73924,1.03,9386,
2026-08-25T14:05:05+00:00,NVIDIA H200,143771,5735,81,44,55,546.31,76293,2367,73925,1.02,9386,
2026-08-25T14:05:35+00:00,NVIDIA H200,143771,5735,81,44,55,558.61,76293,2367,73926,1.01,9386,
2026-08-25T14:06:05+00:00,NVIDIA H200,143771,5735,78,42,55,533.97,76293,2367,73926,1.00,9386,
2026-08-25T14:06:35+00:00,NVIDIA H200,143771,5735,81,44,55,544.57,76293,2367,73926,1.08,9386,
2026-08-25T14:07:06+00:00,NVIDIA H200,143771,5735,84,46,56,539.58,76293,2368,73925,1.04,9386,
2026-08-25T14:07:36+00:00,NVIDIA H200,143771,5735,81,44,57,546.30,76293,2368,73925,1.03,9386,
2026-08-25T14:08:06+00:00,NVIDIA H200,143771,5735,83,45,56,542.57,76293,2372,73921,1.01,9386,
2026-08-25T14:08:36+00:00,NVIDIA H200,143771,6155,83,45,55,536.28,76293,2373,73920,1.01,9386,
2026-08-25T14:09:06+00:00,NVIDIA H200,143771,6155,83,45,56,555.26,76293,2371,73922,0.93,9386,
2026-08-25T14:09:36+00:00,NVIDIA H200,143771,6155,80,43,56,535.11,76293,2370,73923,1.01,9386,
2026-08-25T14:10:06+00:00,NVIDIA H200,143771,6155,81,44,56,553.53,76293,2369,73924,1.00,9386,
2026-08-25T14:10:36+00:00,NVIDIA H200,143771,6155,83,45,56,549.75,76293,2368,73925,1.00,9386,
2026-08-25T14:11:07+00:00,NVIDIA H200,143771,6155,83,45,55,547.76,76293,2368,73925,1.00,9386,
2026-08-25T14:11:37+00:00,NVIDIA H200,143771,6155,83,45,55,553.93,76293,2368,73925,1.00,9386,
2026-08-25T14:12:07+00:00,NVIDIA H200,143771,6155,79,43,55,550.58,76293,2369,73924,1.00,9386,
2026-08-25T14:12:37+00:00,NVIDIA H200,143771,6155,80,43,56,548.85,76293,2370,73923,1.00,9386,
2026-08-25T14:13:07+00:00,NVIDIA H200,143771,6575,81,44,56,560.90,76293,2368,73925,1.13,9386,
2026-08-25T14:13:37+00:00,NVIDIA H200,143771,6575,81,44,56,545.25,76293,2369,73924,1.08,9386,
2026-08-25T14:14:07+00:00,NVIDIA H200,143771,6575,78,42,57,543.24,76293,2369,73924,1.05,9386,
2026-08-25T14:14:37+00:00,NVIDIA H200,143771,6575,78,42,57,541.93,76293,2370,73923,1.09,9386,
2026-08-25T14:15:08+00:00,NVIDIA H200,143771,6575,78,42,57,551.28,76293,2369,73924,1.00,9386,
2026-08-25T14:15:38+00:00,NVIDIA H200,143771,6575,80,44,56,542.70,76293,2369,73924,1.00,9386,
2026-08-25T14:16:08+00:00,NVIDIA H200,143771,6575,77,41,54,556.85,76293,2369,73923,1.00,9386,
2026-08-25T14:16:38+00:00,NVIDIA H200,143771,6575,78,42,53,538.73,76293,2370,73923,1.08,9386,
2026-08-25T14:17:08+00:00,NVIDIA H200,143771,6575,83,45,53,534.45,76293,2369,73924,1.05,9386,
2026-08-25T14:17:38+00:00,NVIDIA H200,143771,6995,84,45,52,516.58,76293,2369,73924,1.03,9386,
2026-08-25T14:18:08+00:00,NVIDIA H200,143771,6995,79,43,52,521.47,76293,2369,73924,1.08,9386,
2026-08-25T14:18:38+00:00,NVIDIA H200,143771,6995,80,43,52,539.66,76293,2370,73923,1.05,9386,
2026-08-25T14:19:09+00:00,NVIDIA H200,143771,6995,79,43,52,531.17,76293,2370,73923,1.03,9386,
2026-08-25T14:19:39+00:00,NVIDIA H200,143771,6995,83,45,54,546.45,76293,2370,73923,1.02,9386,
2026-08-25T14:20:09+00:00,NVIDIA H200,143771,6995,82,45,55,543.50,76293,2371,73922,1.01,9386,
2026-08-25T14:20:39+00:00,NVIDIA H200,143771,6995,83,45,55,539.57,76293,2371,73922,1.00,9386,
2026-08-25T14:21:09+00:00,NVIDIA H200,143771,6995,78,43,55,541.63,76293,2372,73921,1.08,9386,
2026-08-25T14:21:39+00:00,NVIDIA H200,143771,6995,0,0,46,210.58,76293,2538,73755,3.53,9386,
2026-08-25T14:22:09+00:00,NVIDIA H200,143771,6995,0,0,39,120.64,76293,4070,72222,14.75,9386,
2026-08-25T14:22:39+00:00,NVIDIA H200,143771,6995,10,0,37,134.46,76293,4124,72168,17.95,9386,
2026-08-25T14:23:09+00:00,NVIDIA H200,143771,919,10,0,36,133.01,76293,4124,72169,11.39,9386,
2026-08-25T14:23:40+00:00,NVIDIA H200,143771,919,10,0,36,133.19,76293,4125,72168,7.16,9386,
2026-08-25T14:24:10+00:00,NVIDIA H200,143771,919,10,0,35,131.35,76293,4123,72169,4.67,9386,
2026-08-25T14:24:40+00:00,NVIDIA H200,143771,919,10,0,36,134.24,76293,4123,72169,3.23,9386,
2026-08-25T14:25:10+00:00,NVIDIA H200,143771,919,0,0,35,118.70,76293,4094,72199,11.15,9386,
2026-08-25T14:25:40+00:00,NVIDIA H200,143771,1235,11,1,36,136.15,76293,3946,72347,14.60,9386,
2026-08-25T14:26:10+00:00,NVIDIA H200,143771,1315,12,1,36,137.00,76293,3945,72348,9.24,9386,
2026-08-25T14:26:40+00:00,NVIDIA H200,143771,1315,12,1,36,137.41,76293,3945,72348,5.99,9386,
2026-08-25T14:27:10+00:00,NVIDIA H200,143771,1315,12,1,34,136.75,76293,3944,72349,4.02,9386,
2026-08-25T14:27:41+00:00,NVIDIA H200,143771,1315,11,1,33,137.35,76293,3945,72348,2.83,9386,
2026-08-25T14:28:11+00:00,NVIDIA H200,143771,1315,11,1,31,133.23,76293,3948,72345,2.11,9386,
2026-08-25T14:28:41+00:00,NVIDIA H200,143771,1315,12,1,30,137.69,76293,3948,72345,1.67,9386,
2026-08-25T14:29:11+00:00,NVIDIA H200,143771,913,22,1,29,134.65,76293,3948,72345,1.41,9386,
2026-08-25T14:29:41+00:00,NVIDIA H200,143771,913,25,1,28,136.28,76293,3948,72345,1.24,9386,
2026-08-25T14:30:11+00:00,NVIDIA H200,143771,5289,80,44,45,530.80,76293,3971,72322,1.69,9386,
2026-08-25T14:30:41+00:00,NVIDIA H200,143771,5289,80,43,49,540.14,76293,2250,74042,1.42,9386,
2026-08-25T14:31:11+00:00,NVIDIA H200,143771,5289,80,43,51,519.29,76293,2251,74042,1.38,9386,
2026-08-25T14:31:42+00:00,NVIDIA H200,143771,5755,77,42,51,519.89,76293,2251,74042,1.23,9386,
2026-08-25T14:32:12+00:00,NVIDIA H200,143771,5755,81,44,53,534.53,76293,2250,74042,1.14,9386,
2026-08-25T14:32:42+00:00,NVIDIA H200,143771,5755,71,38,52,507.43,76293,2251,74042,1.14,9386,
2026-08-25T14:33:12+00:00,NVIDIA H200,143771,6199,79,43,52,534.68,76293,2252,74041,1.08,9386,
2026-08-25T14:33:42+00:00,NVIDIA H200,143771,6199,80,44,54,544.63,76293,2251,74042,1.17,9386,
2026-08-25T14:34:12+00:00,NVIDIA H200,143771,6565,82,45,54,551.67,76293,2251,74042,1.10,9386,
2026-08-25T14:34:42+00:00,NVIDIA H200,143771,6565,77,42,54,538.65,76293,2251,74042,1.06,9386,
2026-08-25T14:35:12+00:00,NVIDIA H200,143771,6565,79,43,54,542.72,76293,2251,74042,1.09,9386,
2026-08-25T14:35:43+00:00,NVIDIA H200,143771,6985,80,43,55,555.11,76293,2252,74041,1.05,9386,
2026-08-25T14:36:13+00:00,NVIDIA H200,143771,6985,79,43,55,530.13,76293,2252,74041,1.09,9386,
2026-08-25T14:36:43+00:00,NVIDIA H200,143771,6985,75,41,55,537.31,76293,2251,74042,1.06,9386,
2026-08-25T14:37:13+00:00,NVIDIA H200,143771,6985,0,0,43,123.64,76293,3767,72525,1.73,9386,
2026-08-25T14:37:43+00:00,NVIDIA H200,143771,915,10,0,39,136.85,76293,3940,72353,8.89,9386,
2026-08-25T14:38:13+00:00,NVIDIA H200,143771,915,10,0,38,134.70,76293,3945,72348,5.78,9386,
2026-08-25T14:38:43+00:00,NVIDIA H200,143771,1233,11,1,37,137.02,76293,3944,72349,11.99,9386,
2026-08-25T14:39:13+00:00,NVIDIA H200,143771,1233,11,1,36,136.54,76293,3946,72347,7.66,9386,
2026-08-25T14:39:43+00:00,NVIDIA H200,143771,1233,11,1,36,135.83,76293,3946,72346,5.10,9386,
2026-08-25T14:40:14+00:00,NVIDIA H200,143771,1233,10,1,36,137.91,76293,3943,72350,3.49,9386,
2026-08-25T14:40:44+00:00,NVIDIA H200,143771,1235,11,1,35,137.83,76293,3943,72350,2.56,9386,
2026-08-25T14:41:14+00:00,NVIDIA H200,143771,1235,12,1,35,136.47,76293,3944,72349,1.94,9386,
2026-08-25T14:41:44+00:00,NVIDIA H200,143771,1237,11,1,35,136.82,76293,3944,72349,1.57,9386,
2026-08-25T14:42:14+00:00,NVIDIA H200,143771,1237,25,1,35,137.10,76293,3940,72353,1.45,9386,
2026-08-25T14:42:44+00:00,NVIDIA H200,143771,1237,24,1,35,138.76,76293,3940,72353,1.27,9386,
2026-08-25T14:43:14+00:00,NVIDIA H200,143771,5315,83,45,51,533.12,76293,3974,72319,1.18,9386,
2026-08-25T14:43:44+00:00,NVIDIA H200,143771,5315,78,43,54,544.25,76293,2253,74040,1.11,9386,
2026-08-25T14:44:15+00:00,NVIDIA H200,143771,5315,80,43,56,546.51,76293,2250,74043,1.07,9386,
2026-08-25T14:44:45+00:00,NVIDIA H200,143771,5757,81,44,57,550.84,76293,2250,74043,1.04,9386,
2026-08-25T14:45:15+00:00,NVIDIA H200,143771,5757,82,45,56,552.70,76293,2251,74042,1.09,9386,
2026-08-25T14:45:45+00:00,NVIDIA H200,143771,5757,76,41,55,514.77,76293,2251,74042,0.97,9386,
2026-08-25T14:46:15+00:00,NVIDIA H200,143771,6175,79,43,54,533.42,76293,2251,74042,0.98,9386,
2026-08-25T14:46:45+00:00,NVIDIA H200,143771,6175,75,41,53,535.54,76293,2251,74042,1.04,9386,
2026-08-25T14:47:15+00:00,NVIDIA H200,143771,6175,76,41,52,531.31,76293,2252,74041,1.09,9386,
2026-08-25T14:47:45+00:00,NVIDIA H200,143771,6541,77,42,52,523.70,76293,2252,74041,1.06,9386,
2026-08-25T14:48:16+00:00,NVIDIA H200,143771,6541,76,41,52,518.03,76293,2252,74041,1.03,9386,
2026-08-25T14:48:46+00:00,NVIDIA H200,143771,6541,78,42,52,534.42,76293,2251,74042,1.02,9386,
2026-08-25T14:49:16+00:00,NVIDIA H200,143771,6961,83,45,53,529.55,76293,2250,74043,1.01,9386,
2026-08-25T14:49:46+00:00,NVIDIA H200,143771,6961,79,43,53,545.02,76293,2250,74043,1.08,9386,
2026-08-25T14:50:16+00:00,NVIDIA H200,143771,6961,81,44,54,519.81,76293,2250,74043,1.05,9386,
2026-08-25T14:50:46+00:00,NVIDIA H200,143771,6961,10,0,39,134.73,76293,3940,72353,10.76,9386,
2026-08-25T14:51:16+00:00,NVIDIA H200,143771,6961,10,0,37,133.43,76293,3940,72353,6.98,9386,
2026-08-25T14:51:46+00:00,NVIDIA H200,143771,6961,14,1,36,131.54,76293,3940,72353,13.49,9386,
2026-08-25T14:52:17+00:00,NVIDIA H200,143771,6961,11,1,36,134.96,76293,3940,72353,8.57,9386,
2026-08-25T14:52:47+00:00,NVIDIA H200,143771,6961,11,1,35,134.29,76293,3940,72353,5.64,9386,
2026-08-25T14:53:17+00:00,NVIDIA H200,143771,6961,12,1,35,136.32,76293,3940,72353,3.81,9386,
2026-08-25T14:53:47+00:00,NVIDIA H200,143771,6961,11,1,34,134.96,76293,3940,72353,2.70,9386,
2026-08-25T14:54:17+00:00,NVIDIA H200,143771,6961,11,1,34,135.79,76293,3941,72352,2.03,9386,
2026-08-25T14:54:47+00:00,NVIDIA H200,143771,6961,10,1,34,134.82,76293,3940,72353,1.62,9386,
2026-08-25T14:55:17+00:00,NVIDIA H200,143771,6961,24,1,34,136.16,76293,3939,72354,1.38,9386,
2026-08-25T14:55:47+00:00,NVIDIA H200,143771,6961,24,1,35,137.45,76293,3941,72352,1.16,9386,
2026-08-25T14:56:18+00:00,NVIDIA H200,143771,6961,81,44,49,517.88,76293,3972,72321,0.98,9386,
2026-08-25T14:56:48+00:00,NVIDIA H200,143771,6961,77,42,54,528.56,76293,2251,74042,0.99,9386,
2026-08-25T14:57:18+00:00,NVIDIA H200,143771,6961,80,43,56,531.28,76293,2251,74041,0.92,9386,
2026-08-25T14:57:48+00:00,NVIDIA H200,143771,6961,77,42,56,534.41,76293,2252,74041,0.95,9386,
2026-08-25T14:58:18+00:00,NVIDIA H200,143771,6961,79,43,57,561.82,76293,2252,74041,1.02,9386,
2026-08-25T14:58:48+00:00,NVIDIA H200,143771,6961,84,46,57,549.01,76293,2251,74042,1.09,9386,
2026-08-25T14:59:18+00:00,NVIDIA H200,143771,6961,82,45,54,533.11,76293,2252,74041,1.06,9386,
2026-08-25T14:59:48+00:00,NVIDIA H200,143771,6961,79,43,52,541.02,76293,2251,74042,1.03,9386,
2026-08-25T15:00:19+00:00,NVIDIA H200,143771,6961,82,45,50,526.27,76293,2252,74041,1.02,9386,
2026-08-25T15:00:49+00:00,NVIDIA H200,143771,6961,83,45,50,528.66,76293,2251,74042,1.01,9386,
2026-08-25T15:01:19+00:00,NVIDIA H200,143771,6961,80,43,49,526.91,76293,2251,74041,1.32,9386,
2026-08-25T15:01:49+00:00,NVIDIA H200,143771,6961,84,46,49,522.56,76293,2252,74041,1.19,9386,
2026-08-25T15:02:19+00:00,NVIDIA H200,143771,7017,83,45,48,531.51,76293,2251,74042,1.06,9386,
2026-08-25T15:02:49+00:00,NVIDIA H200,143771,7017,81,44,48,524.10,76293,2251,74042,1.03,9386,
2026-08-25T15:03:19+00:00,NVIDIA H200,143771,7017,82,44,48,534.90,76293,2251,74042,1.19,9386,
2026-08-25T15:03:49+00:00,NVIDIA H200,143771,7017,11,0,33,125.35,76293,3941,72352,8.72,9386,
2026-08-25T15:04:20+00:00,NVIDIA H200,143771,7017,10,0,32,131.65,76293,3940,72353,5.41,9386,
2026-08-25T15:04:50+00:00,NVIDIA H200,143771,7017,0,0,31,116.92,76293,4046,72247,10.54,9386,
2026-08-25T15:05:20+00:00,NVIDIA H200,143771,7017,11,1,31,136.38,76293,6032,70261,6.78,9386,
2026-08-25T15:05:50+00:00,NVIDIA H200,143771,7017,11,1,31,137.10,76293,6032,70261,4.50,9386,
2026-08-25T15:06:20+00:00,NVIDIA H200,143771,7017,11,1,32,133.32,76293,6033,70260,3.12,9386,
2026-08-25T15:06:50+00:00,NVIDIA H200,143771,7017,11,1,32,135.05,76293,6032,70261,2.28,9386,
2026-08-25T15:07:20+00:00,NVIDIA H200,143771,7017,11,1,32,134.28,76293,6032,70261,1.78,9386,
2026-08-25T15:07:50+00:00,NVIDIA H200,143771,7017,11,1,33,134.44,76293,6033,70260,1.54,9386,
2026-08-25T15:08:20+00:00,NVIDIA H200,143771,7017,11,1,33,138.12,76293,6038,70255,1.32,9386,
2026-08-25T15:08:51+00:00,NVIDIA H200,143771,7017,11,1,33,136.14,76293,6037,70256,1.20,9386,
2026-08-25T15:09:21+00:00,NVIDIA H200,143771,7017,12,1,34,135.32,76293,6036,70257,1.12,9386,
2026-08-25T15:09:51+00:00,NVIDIA H200,143771,1103,24,1,34,137.71,76293,6048,70245,1.06,9386,
2026-08-25T15:10:21+00:00,NVIDIA H200,143771,1103,24,1,34,138.43,76293,4325,71967,1.09,9386,
2026-08-25T15:10:51+00:00,NVIDIA H200,143771,5303,88,48,43,264.46,76293,4296,71997,1.05,9386,
2026-08-25T15:11:21+00:00,NVIDIA H200,143771,5303,76,41,52,528.40,76293,4296,71997,1.03,9386,
2026-08-25T15:11:51+00:00,NVIDIA H200,143771,5303,77,41,54,520.63,76293,4296,71997,1.02,9386,
2026-08-25T15:12:21+00:00,NVIDIA H200,143771,5303,78,43,54,528.04,76293,4294,71999,1.01,9386,
2026-08-25T15:12:52+00:00,NVIDIA H200,143771,5303,81,44,55,546.90,76293,4294,71999,1.00,9386,
2026-08-25T15:13:22+00:00,NVIDIA H200,143771,5303,80,43,55,538.11,76293,4295,71998,1.00,9386,
2026-08-25T15:13:52+00:00,NVIDIA H200,143771,5303,79,43,55,531.65,76293,4295,71998,0.92,9386,
2026-08-25T15:14:22+00:00,NVIDIA H200,143771,5303,83,45,55,533.96,76293,4293,72000,0.95,9386,
2026-08-25T15:14:52+00:00,NVIDIA H200,143771,5303,79,43,56,528.68,76293,4294,71999,0.97,9386,
2026-08-25T15:15:22+00:00,NVIDIA H200,143771,5303,77,42,56,537.88,76293,4293,72000,0.98,9386,
2026-08-25T15:15:52+00:00,NVIDIA H200,143771,5303,80,43,57,551.47,76293,4294,71999,0.99,9386,
2026-08-25T15:16:22+00:00,NVIDIA H200,143771,5303,79,43,57,545.09,76293,4294,71999,1.06,9386,
2026-08-25T15:16:53+00:00,NVIDIA H200,143771,5303,79,43,57,551.02,76293,4295,71998,1.04,9386,
2026-08-25T15:17:23+00:00,NVIDIA H200,143771,5303,76,41,56,557.65,76293,4294,71999,1.07,9386,
2026-08-25T15:17:53+00:00,NVIDIA H200,143771,5303,82,45,56,534.60,76293,4294,71999,1.04,9386,
2026-08-25T15:18:23+00:00,NVIDIA H200,143771,5303,81,44,55,530.47,76293,4295,71998,1.03,9386,
2026-08-25T15:18:53+00:00,NVIDIA H200,143771,5303,79,43,54,534.11,76293,4294,71999,1.01,9386,
2026-08-25T15:19:23+00:00,NVIDIA H200,143771,5303,84,46,54,538.68,76293,4294,71998,1.01,9386,
2026-08-25T15:19:53+00:00,NVIDIA H200,143771,5303,80,43,53,534.02,76293,4295,71998,1.00,9386,
2026-08-25T15:20:23+00:00,NVIDIA H200,143771,5303,78,43,53,535.04,76293,4295,71998,1.00,9386,
2026-08-25T15:20:54+00:00,NVIDIA H200,143771,5303,0,0,40,121.56,76293,5153,71140,3.70,9386,
2026-08-25T15:21:24+00:00,NVIDIA H200,143771,5303,0,0,36,118.88,76293,5515,70778,14.85,9386,
2026-08-25T15:21:54+00:00,NVIDIA H200,143771,5303,0,0,34,118.11,76293,5421,70872,21.68,9386,
2026-08-25T15:22:24+00:00,NVIDIA H200,143771,5303,0,0,33,117.77,76293,5437,70856,25.90,9386,
2026-08-25T15:22:54+00:00,NVIDIA H200,143771,5303,0,0,33,117.69,76293,5439,70854,28.54,9386,
2026-08-25T15:23:24+00:00,NVIDIA H200,143771,5303,0,0,33,117.83,76293,5420,70873,29.96,9386,
2026-08-25T15:23:54+00:00,NVIDIA H200,143771,5303,0,0,34,117.79,76293,5467,70826,30.91,9386,
2026-08-25T15:24:24+00:00,NVIDIA H200,143771,5303,0,0,33,117.81,76293,5457,70835,31.45,9386,
2026-08-25T15:24:54+00:00,NVIDIA H200,143771,5303,0,0,33,117.66,76293,5466,70827,31.66,9386,
2026-08-25T15:25:24+00:00,NVIDIA H200,143771,5303,0,0,33,117.61,76293,5401,70892,29.56,9386,
2026-08-25T15:25:55+00:00,NVIDIA H200,143771,5303,10,0,33,132.57,76293,6107,70186,21.78,9386,
2026-08-25T15:26:25+00:00,NVIDIA H200,143771,5303,9,0,33,129.10,76293,6107,70186,13.54,9386,
2026-08-25T15:26:55+00:00,NVIDIA H200,143771,895,0,0,33,117.75,76293,5528,70765,14.94,9386,
2026-08-25T15:27:25+00:00,NVIDIA H200,143771,895,0,0,33,117.60,76293,5491,70802,21.66,9386,
2026-08-25T15:27:55+00:00,NVIDIA H200,143771,895,0,0,33,117.67,76293,5541,70752,25.73,9386,
2026-08-25T15:28:25+00:00,NVIDIA H200,143771,895,0,0,33,117.79,76293,5478,70815,28.20,9386,
2026-08-25T15:28:55+00:00,NVIDIA H200,143771,895,0,0,34,117.97,76293,5474,70819,30.00,9386,
2026-08-25T15:29:25+00:00,NVIDIA H200,143771,895,0,0,34,118.20,76293,5506,70787,30.79,9386,
2026-08-25T15:29:56+00:00,NVIDIA H200,143771,895,0,0,35,118.31,76293,5422,70871,31.47,9386,
2026-08-25T15:30:26+00:00,NVIDIA H200,143771,895,0,0,35,118.59,76293,5539,70754,31.75,9386,
2026-08-25T15:30:56+00:00,NVIDIA H200,143771,895,0,0,35,118.47,76293,5507,70786,31.85,9386,
2026-08-25T15:31:26+00:00,NVIDIA H200,143771,1229,11,1,34,137.52,76293,4968,71325,29.43,9386,
2026-08-25T15:31:56+00:00,NVIDIA H200,143771,1229,11,1,33,134.33,76293,4968,71325,18.23,9386,
2026-08-25T15:32:26+00:00,NVIDIA H200,143771,1229,11,1,31,133.23,76293,4969,71324,11.44,9386,
2026-08-25T15:32:56+00:00,NVIDIA H200,143771,1229,11,1,30,135.34,76293,4969,71324,7.33,9386,
2026-08-25T15:33:26+00:00,NVIDIA H200,143771,1229,10,1,29,135.17,76293,4969,71324,4.83,9386,
2026-08-25T15:33:56+00:00,NVIDIA H200,143771,1229,11,1,28,135.23,76293,4969,71324,3.32,9386,
2026-08-25T15:34:27+00:00,NVIDIA H200,143771,1229,23,1,27,134.48,76293,4969,71324,2.41,9386,
2026-08-25T15:34:57+00:00,NVIDIA H200,143771,5307,81,44,41,519.93,76293,4908,71385,2.04,9386,
2026-08-25T15:35:27+00:00,NVIDIA H200,143771,5307,82,45,48,531.53,76293,4907,71386,1.55,9386,
2026-08-25T15:35:57+00:00,NVIDIA H200,143771,5307,82,45,50,537.52,76293,4908,71385,1.33,9386,
2026-08-25T15:36:27+00:00,NVIDIA H200,143771,5307,83,45,52,521.78,76293,3186,73107,1.20,9386,
2026-08-25T15:36:57+00:00,NVIDIA H200,143771,5307,79,43,52,521.60,76293,3186,73107,1.12,9386,
2026-08-25T15:37:27+00:00,NVIDIA H200,143771,5307,80,43,53,528.62,76293,3187,73106,1.19,9386,
2026-08-25T15:37:57+00:00,NVIDIA H200,143771,5307,82,44,54,542.31,76293,3187,73106,1.11,9386,
2026-08-25T15:38:28+00:00,NVIDIA H200,143771,5307,80,43,54,532.83,76293,3188,73105,1.07,9386,
2026-08-25T15:38:58+00:00,NVIDIA H200,143771,5307,79,43,55,534.58,76293,3187,73106,1.04,9386,
2026-08-25T15:39:28+00:00,NVIDIA H200,143771,5307,83,45,56,541.19,76293,3188,73105,1.02,9386,
2026-08-25T15:39:58+00:00,NVIDIA H200,143771,5307,79,43,55,539.84,76293,3188,73105,1.01,9386,
2026-08-25T15:40:28+00:00,NVIDIA H200,143771,5307,0,0,40,122.11,76293,4698,71595,4.00,9386,
2026-08-25T15:40:58+00:00,NVIDIA H200,143771,5307,0,0,38,119.52,76293,4690,71603,15.10,9386,
2026-08-25T15:41:28+00:00,NVIDIA H200,143771,5307,0,0,36,118.94,76293,4605,71688,21.96,9386,
2026-08-25T15:41:58+00:00,NVIDIA H200,143771,5307,0,0,35,118.57,76293,4660,71632,25.92,9386,
2026-08-25T15:42:29+00:00,NVIDIA H200,143771,5307,0,0,35,118.28,76293,4630,71662,28.45,9386,
2026-08-25T15:42:59+00:00,NVIDIA H200,143771,5307,10,0,35,132.43,76293,4925,71368,21.05,9386,
2026-08-25T15:43:29+00:00,NVIDIA H200,143771,5307,0,0,34,118.11,76293,4691,71602,20.02,9386,
2026-08-25T15:43:59+00:00,NVIDIA H200,143771,5307,0,0,33,117.98,76293,4653,71640,24.74,9386,
2026-08-25T15:44:29+00:00,NVIDIA H200,143771,5307,0,0,33,117.75,76293,4698,71595,27.60,9386,
2026-08-25T15:44:59+00:00,NVIDIA H200,143771,5307,0,0,33,117.75,76293,4622,71671,29.41,9386,
2026-08-25T15:45:29+00:00,NVIDIA H200,143771,5307,12,1,33,136.26,76293,4718,71575,27.95,9386,
2026-08-25T15:45:59+00:00,NVIDIA H200,143771,5307,10,1,34,131.61,76293,4718,71575,17.33,9386,
2026-08-25T15:46:29+00:00,NVIDIA H200,143771,5307,24,1,34,137.66,76293,4719,71574,11.10,9386,
2026-08-25T15:47:00+00:00,NVIDIA H200,143771,5307,84,45,53,533.57,76293,4697,71596,7.28,9386,
2026-08-25T15:47:30+00:00,NVIDIA H200,143771,5307,81,44,56,536.00,76293,4697,71595,4.80,9386,
2026-08-25T15:48:00+00:00,NVIDIA H200,143771,5307,79,43,57,519.64,76293,4698,71595,3.30,9386,
2026-08-25T15:48:30+00:00,NVIDIA H200,143771,5307,0,0,44,124.26,76293,4542,71751,2.62,9386,
2026-08-25T15:49:00+00:00,NVIDIA H200,143771,5307,0,0,39,120.75,76293,4581,71712,14.25,9386,
2026-08-25T15:49:30+00:00,NVIDIA H200,143771,5307,0,0,37,120.13,76293,4565,71728,22.19,9386,
2026-08-25T15:50:00+00:00,NVIDIA H200,143771,5307,0,0,36,119.50,76293,4516,71777,26.05,9386,
2026-08-25T15:50:30+00:00,NVIDIA H200,143771,5307,17,0,35,132.39,76293,4458,71835,21.75,9386,
2026-08-25T15:51:00+00:00,NVIDIA H200,143771,5307,0,0,34,118.10,76293,4587,71706,25.79,9386,
2026-08-25T15:51:31+00:00,NVIDIA H200,143771,5307,0,0,33,117.74,76293,4560,71733,28.37,9386,
2026-08-25T15:52:01+00:00,NVIDIA H200,143771,5307,0,0,32,117.45,76293,4534,71758,29.80,9386,
2026-08-25T15:52:31+00:00,NVIDIA H200,143771,5307,12,1,32,134.73,76293,4817,71476,28.18,9386,
2026-08-25T15:53:01+00:00,NVIDIA H200,143771,5307,11,1,32,135.55,76293,4817,71476,17.47,9386,
2026-08-25T15:53:31+00:00,NVIDIA H200,143771,5307,11,1,32,136.05,76293,4817,71476,11.11,9386,
2026-08-25T15:54:01+00:00,NVIDIA H200,143771,5307,11,1,33,135.54,76293,4818,71475,7.19,9386,
2026-08-25T15:54:31+00:00,NVIDIA H200,143771,5307,24,1,33,138.36,76293,4814,71479,4.75,9386,
2026-08-25T15:55:01+00:00,NVIDIA H200,143771,5307,83,45,51,531.55,76293,4796,71497,3.27,9386,
2026-08-25T15:55:32+00:00,NVIDIA H200,143771,5307,82,45,54,534.52,76293,4795,71498,2.37,9386,
2026-08-25T15:56:02+00:00,NVIDIA H200,143771,5307,81,44,55,531.40,76293,4796,71497,1.83,9386,
2026-08-25T15:56:32+00:00,NVIDIA H200,143771,5307,84,45,55,525.26,76293,4796,71497,1.50,9386,
2026-08-25T15:57:02+00:00,NVIDIA H200,143771,5307,78,42,55,541.97,76293,4797,71496,1.30,9386,
2026-08-25T15:57:32+00:00,NVIDIA H200,143771,5307,79,43,55,534.51,76293,3078,73215,1.18,9386,
2026-08-25T15:58:02+00:00,NVIDIA H200,143771,5307,79,43,55,525.90,76293,3078,73215,1.11,9386,
2026-08-25T15:58:32+00:00,NVIDIA H200,143771,5307,0,0,41,122.26,76293,4580,71713,4.06,9386,
2026-08-25T15:59:02+00:00,NVIDIA H200,143771,5307,0,0,37,119.43,76293,4622,71671,15.07,9386,
2026-08-25T15:59:33+00:00,NVIDIA H200,143771,5307,0,0,36,118.83,76293,4585,71708,21.74,9386,
2026-08-25T16:00:03+00:00,NVIDIA H200,143771,5307,0,0,34,118.09,76293,4615,71678,25.78,9386,
2026-08-25T16:00:33+00:00,NVIDIA H200,143771,5307,11,0,34,127.24,76293,4817,71476,28.34,9386,
2026-08-25T16:01:03+00:00,NVIDIA H200,143771,5307,0,0,34,118.06,76293,4590,71703,20.05,9386,
2026-08-25T16:01:33+00:00,NVIDIA H200,143771,5307,0,0,34,118.29,76293,4576,71717,24.76,9386,
2026-08-25T16:02:03+00:00,NVIDIA H200,143771,5307,0,0,33,117.73,76293,4596,71697,27.68,9386,
2026-08-25T16:02:33+00:00,NVIDIA H200,143771,5307,0,0,32,117.34,76293,4582,71710,29.43,9386,
2026-08-25T16:03:03+00:00,NVIDIA H200,143771,5307,0,0,31,117.06,76293,4569,71724,30.45,9386,
2026-08-25T16:03:33+00:00,NVIDIA H200,143771,5307,11,1,31,133.48,76293,4710,71583,18.84,9386,
2026-08-25T16:04:04+00:00,NVIDIA H200,143771,5307,23,1,30,135.82,76293,4711,71582,12.03,9386,
2026-08-25T16:04:34+00:00,NVIDIA H200,143771,5307,79,43,46,518.89,76293,4693,71600,7.69,9386,
2026-08-25T16:05:04+00:00,NVIDIA H200,143771,5307,79,43,49,528.79,76293,4692,71601,5.05,9386,
2026-08-25T16:05:34+00:00,NVIDIA H200,143771,5307,82,44,50,533.28,76293,4692,71601,3.39,9386,
2026-08-25T16:06:04+00:00,NVIDIA H200,143771,5307,81,39,54,628.23,76293,4809,71484,2.44,9386,
2026-08-25T16:06:34+00:00,NVIDIA H200,143771,5307,0,0,35,118.58,76293,4524,71769,12.53,9386,
2026-08-25T16:07:04+00:00,NVIDIA H200,143771,5307,0,0,33,117.61,76293,4561,71732,20.26,9386,
2026-08-25T16:07:34+00:00,NVIDIA H200,143771,5307,0,0,32,117.32,76293,4540,71753,25.03,9386,
2026-08-25T16:08:05+00:00,NVIDIA H200,143771,5307,10,0,32,131.66,76293,4710,71583,26.57,9386,
2026-08-25T16:08:35+00:00,NVIDIA H200,143771,5307,0,0,32,117.37,76293,4560,71733,25.44,9386,
2026-08-25T16:09:05+00:00,NVIDIA H200,143771,5307,0,0,32,117.53,76293,4532,71761,28.09,9386,
2026-08-25T16:09:35+00:00,NVIDIA H200,143771,5307,0,0,33,117.53,76293,4506,71787,29.63,9386,
2026-08-25T16:10:05+00:00,NVIDIA H200,143771,5307,0,0,33,117.80,76293,4558,71735,30.57,9386,
2026-08-25T16:10:35+00:00,NVIDIA H200,143771,5307,12,1,34,139.04,76293,4710,71583,20.55,9386,
2026-08-25T16:11:05+00:00,NVIDIA H200,143771,5307,23,1,35,138.79,76293,4711,71582,13.09,9386,
2026-08-25T16:11:35+00:00,NVIDIA H200,143771,5307,81,44,51,537.65,76293,4693,71600,8.41,9386,
2026-08-25T16:12:05+00:00,NVIDIA H200,143771,5307,78,42,55,535.68,76293,4693,71600,5.34,9386,
2026-08-25T16:12:36+00:00,NVIDIA H200,143771,5307,82,45,54,545.83,76293,4694,71599,3.63,9386,
2026-08-25T16:13:06+00:00,NVIDIA H200,143771,5307,74,40,54,528.25,76293,4693,71600,2.59,9386,
2026-08-25T16:13:36+00:00,NVIDIA H200,143771,5307,0,0,38,119.75,76293,4530,71763,12.75,9386,
2026-08-25T16:14:06+00:00,NVIDIA H200,143771,5307,0,0,35,118.34,76293,4574,71719,20.34,9386,
2026-08-25T16:14:36+00:00,NVIDIA H200,143771,5307,0,0,33,117.62,76293,4556,71737,25.07,9386,
2026-08-25T16:15:06+00:00,NVIDIA H200,143771,5307,10,0,32,130.26,76293,4712,71581,25.32,9386,
2026-08-25T16:15:36+00:00,NVIDIA H200,143771,5307,0,0,30,116.76,76293,4544,71749,24.60,9386,
2026-08-25T16:16:06+00:00,NVIDIA H200,143771,5307,0,0,29,116.51,76293,4606,71687,27.52,9386,
2026-08-25T16:16:36+00:00,NVIDIA H200,143771,5307,0,0,29,116.21,76293,4539,71754,29.35,9386,
2026-08-25T16:17:07+00:00,NVIDIA H200,143771,5307,0,0,29,116.39,76293,4526,71767,30.39,9386,
2026-08-25T16:17:37+00:00,NVIDIA H200,143771,5307,12,1,30,136.93,76293,4818,71475,18.81,9386,
2026-08-25T16:18:07+00:00,NVIDIA H200,143771,5307,11,1,31,135.33,76293,4818,71475,11.79,9386,
2026-08-25T16:18:37+00:00,NVIDIA H200,143771,5307,10,1,31,135.77,76293,4817,71476,7.54,9386,
2026-08-25T16:19:07+00:00,NVIDIA H200,143771,5307,22,1,32,136.41,76293,4812,71481,4.96,9386,
2026-08-25T16:19:37+00:00,NVIDIA H200,143771,5307,79,43,48,526.24,76293,4797,71496,3.40,9386,
2026-08-25T16:20:07+00:00,NVIDIA H200,143771,5307,78,42,53,506.14,76293,4797,71496,2.51,9386,
2026-08-25T16:20:37+00:00,NVIDIA H200,143771,5307,83,45,56,543.67,76293,4797,71496,1.91,9386,
2026-08-25T16:21:08+00:00,NVIDIA H200,143771,5307,81,44,56,534.90,76293,4797,71496,1.55,9386,
2026-08-25T16:21:38+00:00,NVIDIA H200,143771,5307,80,43,56,568.39,76293,4796,71497,1.48,9386,
2026-08-25T16:22:08+00:00,NVIDIA H200,143771,5307,81,44,56,538.79,76293,4798,71495,1.35,9386,
2026-08-25T16:22:38+00:00,NVIDIA H200,143771,5307,80,43,56,545.62,76293,3076,73217,1.41,9386,
2026-08-25T16:23:08+00:00,NVIDIA H200,143771,5307,34,16,51,558.09,76293,2063,74230,1.32,9386,
2026-08-25T16:23:38+00:00,NVIDIA H200,143771,5307,0,0,39,120.12,76293,4567,71726,12.14,9386,
2026-08-25T16:24:08+00:00,NVIDIA H200,143771,5307,0,0,37,119.15,76293,4539,71754,19.97,9386,
2026-08-25T16:24:38+00:00,NVIDIA H200,143771,5307,0,0,35,118.51,76293,4597,71696,24.84,9386,
2026-08-25T16:25:09+00:00,NVIDIA H200,143771,5307,0,0,34,118.17,76293,4643,71650,27.79,9386,
2026-08-25T16:25:39+00:00,NVIDIA H200,143771,5307,10,0,35,132.23,76293,4881,71412,18.95,9386,
2026-08-25T16:26:09+00:00,NVIDIA H200,143771,5307,0,0,34,118.37,76293,4584,71709,24.09,9386,
2026-08-25T16:26:39+00:00,NVIDIA H200,143771,5307,0,0,35,118.31,76293,4619,71674,27.21,9386,
2026-08-25T16:27:09+00:00,NVIDIA H200,143771,5307,0,0,35,118.51,76293,4645,71648,29.10,9386,
2026-08-25T16:27:39+00:00,NVIDIA H200,143771,5307,0,0,35,118.62,76293,4596,71697,30.24,9386,
2026-08-25T16:28:09+00:00,NVIDIA H200,143771,5307,11,1,36,137.87,76293,4814,71479,18.72,9386,
2026-08-25T16:28:39+00:00,NVIDIA H200,143771,5307,11,1,36,134.90,76293,4814,71479,11.74,9386,
2026-08-25T16:29:09+00:00,NVIDIA H200,143771,5307,12,1,35,135.71,76293,4814,71479,7.51,9386,
2026-08-25T16:29:40+00:00,NVIDIA H200,143771,5307,24,1,33,137.73,76293,4813,71480,4.94,9386,
2026-08-25T16:30:10+00:00,NVIDIA H200,143771,5309,78,42,46,520.48,76293,4796,71497,3.39,9386,
2026-08-25T16:30:40+00:00,NVIDIA H200,143771,5309,74,40,49,518.84,76293,4796,71497,2.45,9386,
2026-08-25T16:31:10+00:00,NVIDIA H200,143771,5309,77,42,50,513.91,76293,4796,71497,1.87,9386,
2026-08-25T16:31:40+00:00,NVIDIA H200,143771,5309,78,42,50,522.66,76293,4796,71497,1.53,9386,
2026-08-25T16:32:10+00:00,NVIDIA H200,143771,5309,79,43,50,526.30,76293,4797,71496,1.32,9386,
2026-08-25T16:32:40+00:00,NVIDIA H200,143771,5309,82,44,50,525.08,76293,4796,71497,1.19,9386,
2026-08-25T16:33:10+00:00,NVIDIA H200,143771,5309,77,42,51,517.44,76293,3075,73218,1.17,9386,
2026-08-25T16:33:41+00:00,NVIDIA H200,143771,5309,0,0,43,123.53,76293,2923,73370,1.41,9386,
2026-08-25T16:34:11+00:00,NVIDIA H200,143771,5309,0,0,36,118.89,76293,4570,71723,14.41,9386,
2026-08-25T16:34:41+00:00,NVIDIA H200,143771,5309,0,0,34,118.07,76293,4589,71704,22.25,9386,
2026-08-25T16:35:11+00:00,NVIDIA H200,143771,5309,0,0,33,117.65,76293,4659,71634,26.14,9386,
2026-08-25T16:35:41+00:00,NVIDIA H200,143771,5309,0,0,32,117.29,76293,4594,71698,28.58,9386,
2026-08-25T16:36:11+00:00,NVIDIA H200,143771,5309,10,0,33,132.17,76293,4820,71473,23.06,9386,
2026-08-25T16:36:41+00:00,NVIDIA H200,143771,5309,0,0,32,117.33,76293,4603,71690,23.23,9386,
2026-08-25T16:37:11+00:00,NVIDIA H200,143771,5309,0,0,32,117.32,76293,4557,71736,26.76,9386,
2026-08-25T16:37:41+00:00,NVIDIA H200,143771,5309,0,0,32,117.33,76293,4650,71643,28.89,9386,
2026-08-25T16:38:12+00:00,NVIDIA H200,143771,5309,0,0,32,117.42,76293,4566,71727,30.11,9386,
2026-08-25T16:38:42+00:00,NVIDIA H200,143771,5309,11,1,33,134.90,76293,4457,71836,26.16,9386,
2026-08-25T16:39:12+00:00,NVIDIA H200,143771,5309,11,1,33,134.74,76293,4457,71836,16.17,9386,
2026-08-25T16:39:42+00:00,NVIDIA H200,143771,1257,11,1,34,136.52,76293,4456,71837,10.19,9386,
2026-08-25T16:40:12+00:00,NVIDIA H200,143771,1259,11,1,34,136.38,76293,4456,71837,6.57,9386,
2026-08-25T16:40:42+00:00,NVIDIA H200,143771,1259,11,1,34,136.98,76293,4456,71837,4.37,9386,
2026-08-25T16:41:12+00:00,NVIDIA H200,143771,1261,11,1,35,134.79,76293,4456,71837,3.04,9386,
2026-08-25T16:41:42+00:00,NVIDIA H200,143771,1263,11,1,35,135.90,76293,4456,71837,2.24,9386,
2026-08-25T16:42:13+00:00,NVIDIA H200,143771,1263,11,1,36,136.71,76293,4457,71836,1.75,9386,
2026-08-25T16:42:43+00:00,NVIDIA H200,143771,1265,11,1,36,137.84,76293,4456,71837,1.45,9386,
2026-08-25T16:43:13+00:00,NVIDIA H200,143771,1267,11,1,36,136.68,76293,4457,71836,1.27,9386,
2026-08-25T16:43:43+00:00,NVIDIA H200,143771,1269,11,1,35,138.97,76293,2736,73557,1.16,9386,
2026-08-25T16:44:13+00:00,NVIDIA H200,143771,1269,11,1,34,135.97,76293,2737,73556,1.15,9386,
2026-08-25T16:44:43+00:00,NVIDIA H200,143771,1271,11,1,33,138.08,76293,2736,73557,1.09,9386,
2026-08-25T16:45:13+00:00,NVIDIA H200,143771,1271,11,1,32,138.83,76293,2735,73558,1.05,9386,
2026-08-25T16:45:43+00:00,NVIDIA H200,143771,1271,11,1,31,135.35,76293,2736,73557,1.03,9386,
2026-08-25T16:46:13+00:00,NVIDIA H200,143771,1273,11,1,31,134.98,76293,2737,73556,0.97,9386,
2026-08-25T16:46:44+00:00,NVIDIA H200,143771,1275,11,1,30,134.98,76293,2736,73557,0.98,9386,
2026-08-25T16:47:14+00:00,NVIDIA H200,143771,1275,11,1,30,135.92,76293,2736,73557,0.99,9386,
2026-08-25T16:47:44+00:00,NVIDIA H200,143771,1277,11,1,31,134.74,76293,2736,73557,1.00,9386,
2026-08-25T16:48:14+00:00,NVIDIA H200,143771,1279,11,1,32,136.18,76293,2737,73556,1.06,9386,
2026-08-25T16:48:44+00:00,NVIDIA H200,143771,1279,10,1,33,135.90,76293,2737,73556,1.03,9386,
2026-08-25T16:49:14+00:00,NVIDIA H200,143771,1281,11,1,33,135.60,76293,2737,73556,1.02,9386,
2026-08-25T16:49:44+00:00,NVIDIA H200,143771,1283,11,1,34,133.52,76293,2737,73556,1.08,9386,
2026-08-25T16:50:14+00:00,NVIDIA H200,143771,1445,13,2,35,140.25,76293,2739,73554,1.05,9386,
2026-08-25T16:50:45+00:00,NVIDIA H200,143771,1445,11,1,35,136.67,76293,2739,73554,1.03,9386,
2026-08-25T16:51:15+00:00,NVIDIA H200,143771,1447,11,1,36,135.92,76293,2739,73554,1.02,9386,
2026-08-25T16:51:45+00:00,NVIDIA H200,143771,1449,11,1,36,135.54,76293,2740,73553,1.01,9386,
2026-08-25T16:52:15+00:00,NVIDIA H200,143771,1449,11,1,36,137.57,76293,2741,73552,1.00,9386,
2026-08-25T16:52:45+00:00,NVIDIA H200,143771,1451,11,1,36,136.99,76293,2741,73551,1.00,9386,
2026-08-25T16:53:15+00:00,NVIDIA H200,143771,1453,11,1,35,137.99,76293,2711,73582,1.00,9386,
2026-08-25T16:53:45+00:00,NVIDIA H200,143771,1455,11,1,35,139.36,76293,2712,73581,1.00,9386,
2026-08-25T16:54:15+00:00,NVIDIA H200,143771,1457,13,1,35,138.21,76293,2713,73580,1.00,9386,
2026-08-25T16:54:46+00:00,NVIDIA H200,143771,1457,11,1,34,135.74,76293,2713,73580,1.00,9386,
2026-08-25T16:55:16+00:00,NVIDIA H200,143771,1459,11,1,34,137.34,76293,2713,73580,1.00,9386,
2026-08-25T16:55:46+00:00,NVIDIA H200,143771,913,24,1,34,137.86,76293,2746,73547,1.00,9386,
2026-08-25T16:56:16+00:00,NVIDIA H200,143771,913,24,1,34,138.91,76293,2746,73546,1.00,9386,
2026-08-25T16:56:46+00:00,NVIDIA H200,143771,913,24,1,34,139.02,76293,2746,73547,1.05,9386,
2026-08-25T16:57:16+00:00,NVIDIA H200,143771,913,24,1,35,138.48,76293,2747,73546,0.97,9386,
2026-08-25T16:57:46+00:00,NVIDIA H200,143771,913,22,1,35,137.72,76293,2745,73548,0.98,9386,
2026-08-25T16:58:16+00:00,NVIDIA H200,143771,913,23,1,36,138.47,76293,2746,73547,0.99,9386,
2026-08-25T16:58:47+00:00,NVIDIA H200,143771,913,24,1,36,139.47,76293,2745,73548,1.00,9386,
2026-08-25T16:59:17+00:00,NVIDIA H200,143771,913,24,1,37,139.74,76293,2714,73578,1.01,9386,
2026-08-25T16:59:47+00:00,NVIDIA H200,143771,5289,81,44,48,522.93,76293,2777,73516,1.00,9386,
2026-08-25T17:00:17+00:00,NVIDIA H200,143771,5289,83,45,54,541.65,76293,2776,73516,1.00,9386,
2026-08-25T17:00:47+00:00,NVIDIA H200,143771,5289,82,45,54,541.23,76293,2776,73517,1.11,9386,
2026-08-25T17:01:17+00:00,NVIDIA H200,143771,5289,80,43,52,536.79,76293,2777,73516,1.00,9386,
2026-08-25T17:01:47+00:00,NVIDIA H200,143771,5751,78,42,50,542.66,76293,2777,73516,1.00,9386,
2026-08-25T17:02:17+00:00,NVIDIA H200,143771,5751,76,41,49,515.58,76293,2778,73515,1.00,9386,
2026-08-25T17:02:48+00:00,NVIDIA H200,143771,5751,81,44,49,516.98,76293,2777,73516,1.00,9386,
2026-08-25T17:03:18+00:00,NVIDIA H200,143771,6195,77,42,47,516.93,76293,2778,73515,1.00,9386,
2026-08-25T17:03:48+00:00,NVIDIA H200,143771,6195,79,43,47,519.65,76293,2777,73516,1.00,9386,
2026-08-25T17:04:18+00:00,NVIDIA H200,143771,6195,73,39,46,506.16,76293,2778,73515,1.00,9386,
2026-08-25T17:04:48+00:00,NVIDIA H200,143771,6615,76,41,48,529.66,76293,2777,73516,1.00,9386,
2026-08-25T17:05:18+00:00,NVIDIA H200,143771,6615,81,44,51,525.39,76293,2777,73516,1.00,9386,
2026-08-25T17:05:48+00:00,NVIDIA H200,143771,6615,79,43,52,533.07,76293,2777,73516,1.00,9386,
2026-08-25T17:06:18+00:00,NVIDIA H200,143771,6981,78,42,53,526.64,76293,2776,73517,1.00,9386,
2026-08-25T17:06:49+00:00,NVIDIA H200,143771,6981,77,42,53,529.51,76293,2776,73516,1.00,9386,
2026-08-25T17:07:19+00:00,NVIDIA H200,143771,6981,83,45,54,542.05,76293,2777,73516,1.07,9386,
2026-08-25T17:07:49+00:00,NVIDIA H200,143771,6981,81,44,55,541.99,76293,2778,73515,0.96,9386,
2026-08-25T17:08:19+00:00,NVIDIA H200,143771,7401,79,43,55,550.03,76293,2777,73516,0.98,9386,
2026-08-25T17:08:49+00:00,NVIDIA H200,143771,7401,83,45,56,540.03,76293,2776,73517,1.07,9386,
2026-08-25T17:09:19+00:00,NVIDIA H200,143771,7401,80,43,55,556.98,76293,2777,73516,1.04,9386,
2026-08-25T17:09:49+00:00,NVIDIA H200,143771,7821,81,44,56,559.45,76293,2777,73516,1.02,9386,
2026-08-25T17:10:19+00:00,NVIDIA H200,143771,7821,81,44,56,553.10,76293,2777,73516,1.01,9386,
2026-08-25T17:10:50+00:00,NVIDIA H200,143771,7821,81,44,55,537.67,76293,2777,73516,1.06,9386,
2026-08-25T17:11:20+00:00,NVIDIA H200,143771,8243,81,44,55,544.00,76293,2777,73516,1.14,9386,
2026-08-25T17:11:50+00:00,NVIDIA H200,143771,8243,81,44,55,554.40,76293,2776,73517,1.08,9386,
2026-08-25T17:12:20+00:00,NVIDIA H200,143771,8243,82,45,54,540.77,76293,2777,73516,1.05,9386,
2026-08-25T17:12:50+00:00,NVIDIA H200,143771,8609,80,43,55,540.87,76293,2777,73516,1.03,9386,
2026-08-25T17:13:20+00:00,NVIDIA H200,143771,8609,81,44,55,542.22,76293,2778,73515,1.02,9386,
2026-08-25T17:13:50+00:00,NVIDIA H200,143771,8609,81,44,55,535.91,76293,2778,73515,1.01,9386,
2026-08-25T17:14:20+00:00,NVIDIA H200,143771,9029,80,44,55,549.85,76293,2778,73515,1.00,9386,
2026-08-25T17:14:51+00:00,NVIDIA H200,143771,9029,82,44,56,546.47,76293,2777,73516,1.00,9386,
2026-08-25T17:15:21+00:00,NVIDIA H200,143771,9029,82,45,56,550.92,76293,2781,73512,1.00,9386,
2026-08-25T17:15:51+00:00,NVIDIA H200,143771,9449,82,45,57,543.59,76293,2781,73512,1.00,9386,
2026-08-25T17:16:21+00:00,NVIDIA H200,143771,9449,79,43,57,543.12,76293,2783,73510,1.00,9386,
2026-08-25T17:16:51+00:00,NVIDIA H200,143771,9449,81,44,57,547.88,76293,2783,73510,1.00,9386,
2026-08-25T17:17:21+00:00,NVIDIA H200,143771,9449,79,43,56,556.62,76293,2780,73513,1.08,9386,
2026-08-25T17:17:51+00:00,NVIDIA H200,143771,9869,81,44,57,547.02,76293,2781,73512,1.05,9386,
2026-08-25T17:18:21+00:00,NVIDIA H200,143771,9869,83,45,55,543.72,76293,2782,73511,1.03,9386,
2026-08-25T17:18:52+00:00,NVIDIA H200,143771,9869,82,45,54,545.56,76293,2781,73512,1.02,9386,
2026-08-25T17:19:22+00:00,NVIDIA H200,143771,10289,84,46,53,552.01,76293,2782,73511,0.95,9386,
2026-08-25T17:19:52+00:00,NVIDIA H200,143771,10289,79,43,52,543.43,76293,2781,73512,0.90,9386,
2026-08-25T17:20:22+00:00,NVIDIA H200,143771,10289,84,46,52,564.92,76293,2784,73509,1.01,9386,
2026-08-25T17:20:52+00:00,NVIDIA H200,143771,10711,81,44,51,515.46,76293,2784,73509,1.42,9386,
2026-08-25T17:21:22+00:00,NVIDIA H200,143771,10711,78,42,50,529.44,76293,2782,73511,1.26,9386,
2026-08-25T17:21:52+00:00,NVIDIA H200,143771,10711,81,44,50,540.74,76293,2782,73511,1.23,9386,
2026-08-25T17:22:22+00:00,NVIDIA H200,143771,11131,83,45,51,529.11,76293,2782,73511,1.14,9386,
2026-08-25T17:22:53+00:00,NVIDIA H200,143771,11131,82,45,53,551.13,76293,2782,73511,1.08,9386,
2026-08-25T17:23:23+00:00,NVIDIA H200,143771,11131,80,44,55,532.84,76293,2782,73511,0.99,9386,
2026-08-25T17:23:53+00:00,NVIDIA H200,143771,11497,79,43,55,541.55,76293,2783,73510,0.99,9386,
2026-08-25T17:24:23+00:00,NVIDIA H200,143771,11497,81,44,55,519.03,76293,2784,73509,1.00,9386,
2026-08-25T17:24:53+00:00,NVIDIA H200,143771,11497,78,43,56,537.44,76293,2784,73509,1.00,9386,
2026-08-25T17:25:23+00:00,NVIDIA H200,143771,11497,78,42,56,528.53,76293,2784,73509,1.00,9386,
2026-08-25T17:25:53+00:00,NVIDIA H200,143771,11917,81,44,56,552.33,76293,2785,73508,1.08,9386,
2026-08-25T17:26:23+00:00,NVIDIA H200,143771,11917,78,43,57,545.44,76293,2786,73507,1.05,9386,
2026-08-25T17:26:54+00:00,NVIDIA H200,143771,11917,77,41,56,553.34,76293,2785,73507,1.03,9386,
2026-08-25T17:27:24+00:00,NVIDIA H200,143771,12337,81,44,57,540.09,76293,2787,73506,1.02,9386,
2026-08-25T17:27:54+00:00,NVIDIA H200,143771,12337,84,46,56,564.40,76293,2787,73506,1.01,9386,
2026-08-25T17:28:24+00:00,NVIDIA H200,143771,12337,82,45,55,529.85,76293,2787,73506,0.93,9386,
2026-08-25T17:28:54+00:00,NVIDIA H200,143771,12759,81,44,54,538.70,76293,2789,73504,1.16,9386,
2026-08-25T17:29:24+00:00,NVIDIA H200,143771,12759,80,43,54,524.85,76293,2789,73504,1.10,9386,
2026-08-25T17:29:54+00:00,NVIDIA H200,143771,12759,80,44,54,532.94,76293,2789,73504,1.06,9386,
2026-08-25T17:30:24+00:00,NVIDIA H200,143771,13179,83,45,53,534.63,76293,2791,73502,1.03,9386,
2026-08-25T17:30:55+00:00,NVIDIA H200,143771,13179,77,42,52,533.46,76293,2791,73502,1.02,9386,
2026-08-25T17:31:25+00:00,NVIDIA H200,143771,13179,77,41,52,539.41,76293,2791,73502,1.01,9386,
2026-08-25T17:31:55+00:00,NVIDIA H200,143771,13599,79,43,53,527.49,76293,2778,73515,1.00,9386,
2026-08-25T17:32:25+00:00,NVIDIA H200,143771,13599,81,44,55,542.06,76293,2778,73515,1.00,9386,
2026-08-25T17:32:55+00:00,NVIDIA H200,143771,13599,82,45,56,555.18,76293,2779,73514,1.00,9386,
2026-08-25T17:33:25+00:00,NVIDIA H200,143771,13965,79,43,56,546.53,76293,2779,73514,1.00,9386,
2026-08-25T17:33:55+00:00,NVIDIA H200,143771,13965,78,42,57,517.87,76293,2781,73512,0.94,9386,
2026-08-25T17:34:25+00:00,NVIDIA H200,143771,14413,79,43,57,543.82,76293,2784,73509,0.97,9386,
2026-08-25T17:34:55+00:00,NVIDIA H200,143771,14413,80,43,57,545.18,76293,2782,73511,0.98,9386,
2026-08-25T17:35:26+00:00,NVIDIA H200,143771,14833,83,45,58,559.03,76293,2783,73510,0.99,9386,
2026-08-25T17:35:56+00:00,NVIDIA H200,143771,14833,83,45,57,541.92,76293,2784,73509,1.00,9386,
2026-08-25T17:36:26+00:00,NVIDIA H200,143771,14833,79,43,55,538.51,76293,2784,73509,1.00,9386,
2026-08-25T17:36:56+00:00,NVIDIA H200,143771,14833,0,0,37,119.28,76293,4487,71806,6.24,9386,
2026-08-25T17:37:26+00:00,NVIDIA H200,143771,14833,0,0,33,117.78,76293,4525,71768,16.45,9386,
2026-08-25T17:37:56+00:00,NVIDIA H200,143771,14833,0,0,31,116.76,76293,4510,71783,22.58,9386,
2026-08-25T17:38:26+00:00,NVIDIA H200,143771,14833,10,0,29,131.73,76293,4483,71810,21.58,9386,
2026-08-25T17:38:56+00:00,NVIDIA H200,143771,1003,10,0,28,129.65,76293,4482,71811,12.55,9386,
2026-08-25T17:39:27+00:00,NVIDIA H200,143771,1003,10,0,27,131.27,76293,4483,71810,8.00,9386,
2026-08-25T17:39:57+00:00,NVIDIA H200,143771,1003,7,0,26,128.46,76293,4482,71811,5.18,9386,
2026-08-25T17:40:27+00:00,NVIDIA H200,143771,1003,11,0,26,129.09,76293,4483,71810,3.51,9386,
2026-08-25T17:40:57+00:00,NVIDIA H200,143771,1003,11,0,27,130.99,76293,4482,71811,2.46,9386,
2026-08-25T17:41:27+00:00,NVIDIA H200,143771,1003,10,0,28,129.77,76293,4484,71809,1.81,9386,
2026-08-25T17:41:57+00:00,NVIDIA H200,143771,1003,7,0,29,128.96,76293,4452,71841,1.49,9386,
2026-08-25T17:42:27+00:00,NVIDIA H200,143771,1003,0,0,29,116.55,76293,4559,71734,12.08,9386,
2026-08-25T17:42:57+00:00,NVIDIA H200,143771,1003,0,0,30,116.69,76293,4437,71856,19.93,9386,
2026-08-25T17:43:28+00:00,NVIDIA H200,143771,1003,0,0,30,116.81,76293,4510,71783,24.68,9386,
2026-08-25T17:43:58+00:00,NVIDIA H200,143771,1319,11,1,31,135.72,76293,4722,71570,20.75,9386,
2026-08-25T17:44:28+00:00,NVIDIA H200,143771,1319,11,1,32,134.21,76293,4719,71574,12.97,9386,
2026-08-25T17:44:58+00:00,NVIDIA H200,143771,1319,12,1,33,133.54,76293,4719,71574,8.48,9386,
2026-08-25T17:45:28+00:00,NVIDIA H200,143771,1319,11,1,33,136.72,76293,4719,71574,5.53,9386,
2026-08-25T17:45:58+00:00,NVIDIA H200,143771,1319,12,1,34,135.15,76293,4720,71573,3.75,9386,
2026-08-25T17:46:28+00:00,NVIDIA H200,143771,1319,12,1,34,136.23,76293,4719,71574,2.66,9386,
2026-08-25T17:46:58+00:00,NVIDIA H200,143771,1319,11,1,34,137.50,76293,4719,71574,2.08,9386,
2026-08-25T17:47:28+00:00,NVIDIA H200,143771,1319,11,1,34,136.54,76293,4719,71574,1.65,9386,
2026-08-25T17:47:59+00:00,NVIDIA H200,143771,1319,11,1,34,135.35,76293,4719,71573,1.39,9386,
2026-08-25T17:48:29+00:00,NVIDIA H200,143771,1319,11,1,34,136.86,76293,4718,71575,1.24,9386,
2026-08-25T17:48:59+00:00,NVIDIA H200,143771,1319,11,1,34,136.73,76293,2998,73295,1.21,9386,
2026-08-25T17:49:29+00:00,NVIDIA H200,143771,1319,11,1,34,136.18,76293,2999,73294,1.13,9386,
2026-08-25T17:49:59+00:00,NVIDIA H200,143771,1319,11,1,34,134.19,76293,2999,73294,1.08,9386,
2026-08-25T17:50:29+00:00,NVIDIA H200,143771,1319,12,1,34,136.48,76293,2998,73295,1.04,9386,
2026-08-25T17:50:59+00:00,NVIDIA H200,143771,1319,11,1,34,135.88,76293,2999,73294,1.03,9386,
2026-08-25T17:51:29+00:00,NVIDIA H200,143771,1319,11,1,34,136.47,76293,2999,73294,1.01,9386,
2026-08-25T17:52:00+00:00,NVIDIA H200,143771,1319,11,1,35,136.69,76293,2999,73294,1.01,9386,
2026-08-25T17:52:30+00:00,NVIDIA H200,143771,1319,11,1,36,133.81,76293,2999,73294,0.95,9386,
2026-08-25T17:53:00+00:00,NVIDIA H200,143771,1319,12,1,36,137.98,76293,2998,73295,0.90,9386,
2026-08-25T17:53:30+00:00,NVIDIA H200,143771,1319,11,1,36,138.27,76293,2998,73295,0.94,9386,
2026-08-25T17:54:00+00:00,NVIDIA H200,143771,1319,10,1,36,135.99,76293,2999,73294,0.89,9386,
2026-08-25T17:54:30+00:00,NVIDIA H200,143771,1319,10,1,35,134.51,76293,2998,73295,0.88,9386,
2026-08-25T17:55:00+00:00,NVIDIA H200,143771,1319,12,1,35,136.00,76293,2999,73294,0.86,9386,
2026-08-25T17:55:30+00:00,NVIDIA H200,143771,1319,11,1,34,136.96,76293,2999,73294,0.92,9386,
2026-08-25T17:56:01+00:00,NVIDIA H200,143771,1319,11,1,33,132.51,76293,2999,73294,1.08,9386,
2026-08-25T17:56:31+00:00,NVIDIA H200,143771,1319,11,1,33,135.05,76293,2998,73294,1.05,9386,
2026-08-25T17:57:01+00:00,NVIDIA H200,143771,1319,11,1,32,134.10,76293,3000,73293,1.03,9386,
2026-08-25T17:57:31+00:00,NVIDIA H200,143771,1319,11,1,32,137.52,76293,3001,73292,1.02,9386,
2026-08-25T17:58:01+00:00,NVIDIA H200,143771,1319,12,1,32,134.38,76293,2978,73315,1.01,9386,
2026-08-25T17:58:31+00:00,NVIDIA H200,143771,1319,12,1,33,136.71,76293,2977,73316,1.00,9386,
2026-08-25T17:59:01+00:00,NVIDIA H200,143771,1319,11,1,34,137.33,76293,2978,73315,1.22,9386,
2026-08-25T17:59:31+00:00,NVIDIA H200,143771,1319,11,1,34,137.06,76293,2978,73315,1.13,9386,
2026-08-25T18:00:02+00:00,NVIDIA H200,143771,1319,11,1,35,135.61,76293,2978,73315,1.20,9386,
2026-08-25T18:00:32+00:00,NVIDIA H200,143771,1319,11,1,35,137.24,76293,2978,73315,1.11,9386,
2026-08-25T18:01:02+00:00,NVIDIA H200,143771,1319,11,1,35,134.88,76293,2978,73315,1.07,9386,
2026-08-25T18:01:32+00:00,NVIDIA H200,143771,1319,11,1,35,137.73,76293,2978,73315,1.04,9386,
2026-08-25T18:02:02+00:00,NVIDIA H200,143771,1319,23,1,35,138.17,76293,2968,73325,1.02,9386,
2026-08-25T18:02:32+00:00,NVIDIA H200,143771,1319,24,1,35,137.05,76293,2967,73326,1.01,9386,
2026-08-25T18:03:02+00:00,NVIDIA H200,143771,1319,24,1,34,138.13,76293,2967,73326,1.01,9386,
2026-08-25T18:03:32+00:00,NVIDIA H200,143771,1319,23,1,34,137.68,76293,2967,73326,1.00,9386,
2026-08-25T18:04:03+00:00,NVIDIA H200,143771,1319,23,1,34,136.51,76293,2968,73325,1.00,9386,
2026-08-25T18:04:33+00:00,NVIDIA H200,143771,1319,24,1,34,137.31,76293,2967,73326,0.95,9386,
2026-08-25T18:05:03+00:00,NVIDIA H200,143771,1319,24,1,35,136.56,76293,2967,73326,0.91,9386,
2026-08-25T18:05:33+00:00,NVIDIA H200,143771,1319,23,1,35,138.43,76293,2976,73317,0.81,9386,
2026-08-25T18:06:03+00:00,NVIDIA H200,143771,1319,23,1,36,139.24,76293,2975,73318,0.89,9386,
2026-08-25T18:06:33+00:00,NVIDIA H200,143771,5373,84,45,45,496.86,76293,2966,73327,0.93,9386,
2026-08-25T18:07:03+00:00,NVIDIA H200,143771,5373,83,45,55,536.31,76293,2966,73327,0.90,9386,
2026-08-25T18:07:33+00:00,NVIDIA H200,143771,5373,79,43,57,551.68,76293,2966,73327,0.94,9386,
2026-08-25T18:08:04+00:00,NVIDIA H200,143771,5373,78,43,56,537.11,76293,2984,73309,0.97,9386,
2026-08-25T18:08:34+00:00,NVIDIA H200,143771,5373,78,43,55,554.06,76293,2984,73309,0.98,9386,
2026-08-25T18:09:04+00:00,NVIDIA H200,143771,5373,83,45,53,542.10,76293,2984,73309,1.04,9386,
2026-08-25T18:09:34+00:00,NVIDIA H200,143771,5373,76,41,53,534.84,76293,2984,73309,0.95,9386,
2026-08-25T18:10:04+00:00,NVIDIA H200,143771,5373,78,42,52,547.86,76293,2976,73317,0.97,9386,
2026-08-25T18:10:34+00:00,NVIDIA H200,143771,5373,79,43,51,538.48,76293,2976,73317,1.03,9386,
2026-08-25T18:11:04+00:00,NVIDIA H200,143771,5373,78,42,50,529.34,76293,2976,73317,1.02,9386,
2026-08-25T18:11:34+00:00,NVIDIA H200,143771,5373,83,45,50,534.22,76293,2977,73316,1.01,9386,
2026-08-25T18:12:05+00:00,NVIDIA H200,143771,5373,83,45,50,529.88,76293,2968,73325,1.00,9386,
2026-08-25T18:12:35+00:00,NVIDIA H200,143771,5373,81,44,51,529.65,76293,2969,73324,1.00,9386,
2026-08-25T18:13:05+00:00,NVIDIA H200,143771,5373,79,43,53,530.56,76293,2968,73325,1.00,9386,
2026-08-25T18:13:35+00:00,NVIDIA H200,143771,5373,80,43,54,523.13,76293,2968,73325,1.10,9386,
2026-08-25T18:14:05+00:00,NVIDIA H200,143771,5373,78,42,55,539.38,76293,2966,73327,1.06,9386,
2026-08-25T18:14:35+00:00,NVIDIA H200,143771,5781,79,43,55,542.94,76293,2966,73327,1.04,9386,
2026-08-25T18:15:05+00:00,NVIDIA H200,143771,5781,84,46,56,537.83,76293,2965,73328,0.97,9386,
2026-08-25T18:15:35+00:00,NVIDIA H200,143771,5781,82,45,57,537.67,76293,2965,73328,0.98,9386,
2026-08-25T18:16:05+00:00,NVIDIA H200,143771,5781,78,42,57,528.33,76293,2965,73328,0.99,9386,
2026-08-25T18:16:36+00:00,NVIDIA H200,143771,5781,76,41,57,541.29,76293,2965,73328,1.00,9386,
2026-08-25T18:17:06+00:00,NVIDIA H200,143771,5781,78,42,56,535.05,76293,2965,73328,1.00,9386,
2026-08-25T18:17:36+00:00,NVIDIA H200,143771,5781,77,42,56,532.96,76293,2965,73328,1.00,9386,
2026-08-25T18:18:06+00:00,NVIDIA H200,143771,5781,78,42,55,530.32,76293,2965,73328,1.00,9386,
2026-08-25T18:18:36+00:00,NVIDIA H200,143771,5781,81,44,56,551.02,76293,2965,73328,1.00,9386,
2026-08-25T18:19:06+00:00,NVIDIA H200,143771,5781,81,44,55,546.87,76293,2965,73328,1.05,9386,
2026-08-25T18:19:36+00:00,NVIDIA H200,143771,5781,78,42,54,538.26,76293,2966,73327,1.03,9386,
2026-08-25T18:20:06+00:00,NVIDIA H200,143771,5781,81,44,54,541.17,76293,2967,73326,0.97,9386,
2026-08-25T18:20:37+00:00,NVIDIA H200,143771,5781,78,42,54,525.34,76293,2966,73327,1.05,9386,
2026-08-25T18:21:07+00:00,NVIDIA H200,143771,5781,82,44,54,549.03,76293,2966,73327,1.09,9386,
2026-08-25T18:21:37+00:00,NVIDIA H200,143771,5781,82,44,55,543.19,76293,2966,73327,1.05,9386,
2026-08-25T18:22:07+00:00,NVIDIA H200,143771,6171,82,44,55,536.27,76293,2966,73327,1.30,9386,
2026-08-25T18:22:37+00:00,NVIDIA H200,143771,6171,80,43,56,538.44,76293,2966,73327,1.18,9386,
2026-08-25T18:23:07+00:00,NVIDIA H200,143771,6171,80,44,56,538.75,76293,2965,73328,1.11,9386,
2026-08-25T18:23:37+00:00,NVIDIA H200,143771,6171,79,43,58,542.22,76293,2965,73328,1.06,9386,
2026-08-25T18:24:07+00:00,NVIDIA H200,143771,6171,83,45,56,535.76,76293,2966,73327,1.04,9386,
2026-08-25T18:24:38+00:00,NVIDIA H200,143771,6171,78,43,53,529.60,76293,2967,73326,1.02,9386,
2026-08-25T18:25:08+00:00,NVIDIA H200,143771,6171,81,44,51,536.81,76293,2965,73328,1.01,9386,
2026-08-25T18:25:38+00:00,NVIDIA H200,143771,6171,83,45,50,540.26,76293,2966,73327,1.01,9386,
2026-08-25T18:26:08+00:00,NVIDIA H200,143771,6171,80,43,49,527.21,76293,2966,73327,1.00,9386,
2026-08-25T18:26:38+00:00,NVIDIA H200,143771,6171,68,37,47,508.24,76293,2965,73328,1.07,9386,
2026-08-25T18:27:08+00:00,NVIDIA H200,143771,6171,80,43,48,520.48,76293,2966,73327,1.04,9386,
2026-08-25T18:27:38+00:00,NVIDIA H200,143771,6171,77,42,48,499.91,76293,2966,73327,1.03,9386,
2026-08-25T18:28:08+00:00,NVIDIA H200,143771,6171,81,44,48,524.60,76293,2966,73327,1.01,9386,
2026-08-25T18:28:39+00:00,NVIDIA H200,143771,6171,79,43,50,524.13,76293,2965,73328,1.08,9386,
2026-08-25T18:29:09+00:00,NVIDIA H200,143771,6171,81,44,52,527.76,76293,2966,73327,1.05,9386,
2026-08-25T18:29:39+00:00,NVIDIA H200,143771,6539,80,43,52,525.82,76293,2966,73327,1.03,9386,
2026-08-25T18:30:09+00:00,NVIDIA H200,143771,6539,82,45,54,542.98,76293,2966,73327,1.02,9386,
2026-08-25T18:30:39+00:00,NVIDIA H200,143771,6539,81,44,55,545.07,76293,2966,73327,1.01,9386,
2026-08-25T18:31:09+00:00,NVIDIA H200,143771,6539,82,44,55,541.21,76293,2966,73327,1.00,9386,
2026-08-25T18:31:39+00:00,NVIDIA H200,143771,6539,77,42,55,541.68,76293,2967,73326,1.00,9386,
2026-08-25T18:32:09+00:00,NVIDIA H200,143771,6539,80,43,55,547.09,76293,2965,73328,1.00,9386,
2026-08-25T18:32:40+00:00,NVIDIA H200,143771,6539,83,45,55,536.76,76293,2966,73327,1.08,9386,
2026-08-25T18:33:10+00:00,NVIDIA H200,143771,6539,84,45,54,547.58,76293,2965,73328,1.05,9386,
2026-08-25T18:33:40+00:00,NVIDIA H200,143771,6539,78,42,54,541.31,76293,2966,73327,1.03,9386,
2026-08-25T18:34:10+00:00,NVIDIA H200,143771,6539,81,44,54,553.46,76293,2966,73327,1.02,9386,
2026-08-25T18:34:40+00:00,NVIDIA H200,143771,6539,77,42,54,552.57,76293,2968,73325,1.09,9386,
2026-08-25T18:35:10+00:00,NVIDIA H200,143771,6539,80,44,54,542.46,76293,2968,73325,1.05,9386,
2026-08-25T18:35:40+00:00,NVIDIA H200,143771,6539,80,43,55,526.78,76293,2966,73327,1.09,9386,
2026-08-25T18:36:10+00:00,NVIDIA H200,143771,6539,78,42,55,540.88,76293,2966,73327,1.12,9386,
2026-08-25T18:36:41+00:00,NVIDIA H200,143771,6539,79,43,55,560.28,76293,2966,73327,1.07,9386,
2026-08-25T18:37:11+00:00,NVIDIA H200,143771,6959,85,46,56,426.31,76293,2973,73319,1.04,9386,
2026-08-25T18:37:41+00:00,NVIDIA H200,143771,6959,82,44,57,548.97,76293,2973,73320,1.02,9386,
2026-08-25T18:38:11+00:00,NVIDIA H200,143771,6959,79,43,57,534.81,76293,2976,73317,1.09,9386,
2026-08-25T18:38:41+00:00,NVIDIA H200,143771,6959,81,44,57,550.12,76293,2977,73316,1.05,9386,
2026-08-25T18:39:11+00:00,NVIDIA H200,143771,6959,82,45,57,537.48,76293,2977,73316,1.08,9386,
2026-08-25T18:39:41+00:00,NVIDIA H200,143771,6959,81,44,58,569.00,76293,2975,73318,1.05,9386,
2026-08-25T18:40:11+00:00,NVIDIA H200,143771,6959,83,45,58,544.76,76293,2976,73317,1.09,9386,
2026-08-25T18:40:42+00:00,NVIDIA H200,143771,6959,80,43,57,541.31,76293,2975,73317,1.13,9386,
2026-08-25T18:41:12+00:00,NVIDIA H200,143771,6959,77,42,55,523.72,76293,2976,73317,1.14,9386,
2026-08-25T18:41:42+00:00,NVIDIA H200,143771,6959,80,44,53,536.30,76293,2976,73317,1.16,9386,
2026-08-25T18:42:12+00:00,NVIDIA H200,143771,6959,78,42,52,541.22,76293,2977,73316,1.10,9386,
2026-08-25T18:42:42+00:00,NVIDIA H200,143771,6959,77,42,51,525.53,76293,2978,73315,1.06,9386,
2026-08-25T18:43:12+00:00,NVIDIA H200,143771,6959,77,42,51,537.66,76293,2978,73315,1.06,9386,
2026-08-25T18:43:42+00:00,NVIDIA H200,143771,6959,81,44,51,533.98,76293,2978,73314,1.03,9386,
2026-08-25T18:44:12+00:00,NVIDIA H200,143771,6959,78,42,50,535.49,76293,2979,73314,1.02,9386,
2026-08-25T18:44:43+00:00,NVIDIA H200,143771,6959,79,43,51,541.03,76293,2979,73314,1.07,9386,
2026-08-25T18:45:13+00:00,NVIDIA H200,143771,6959,79,43,52,517.80,76293,2979,73314,1.04,9386,
2026-08-25T18:45:43+00:00,NVIDIA H200,143771,6959,0,0,37,120.11,76293,4495,71797,10.47,9386,
2026-08-25T18:46:13+00:00,NVIDIA H200,143771,6959,0,0,36,118.74,76293,4394,71899,19.02,9386,
2026-08-25T18:46:43+00:00,NVIDIA H200,143771,6959,0,0,35,118.44,76293,4488,71805,24.19,9386,
2026-08-25T18:47:13+00:00,NVIDIA H200,143771,6959,0,0,35,118.19,76293,4199,72094,28.63,9386,
2026-08-25T18:47:43+00:00,NVIDIA H200,143771,6959,10,0,35,134.01,76293,4729,71564,19.85,9386,
2026-08-25T18:48:13+00:00,NVIDIA H200,143771,6959,10,0,35,128.74,76293,4728,71565,12.43,9386,
2026-08-25T18:48:43+00:00,NVIDIA H200,143771,6959,10,0,36,132.32,76293,4728,71565,7.87,9386,
2026-08-25T18:49:14+00:00,NVIDIA H200,143771,6959,10,0,36,134.45,76293,4727,71566,5.16,9386,
2026-08-25T18:49:44+00:00,NVIDIA H200,143771,6959,10,0,36,133.93,76293,4727,71566,3.52,9386,
2026-08-25T18:50:14+00:00,NVIDIA H200,143771,6959,10,0,36,134.99,76293,4728,71565,2.53,9386,
2026-08-25T18:50:44+00:00,NVIDIA H200,143771,6959,10,0,35,132.32,76293,4703,71590,1.92,9386,
2026-08-25T18:51:14+00:00,NVIDIA H200,143771,6959,10,0,35,132.12,76293,4704,71589,1.49,9386,
2026-08-25T18:51:44+00:00,NVIDIA H200,143771,6959,0,0,34,118.23,76293,4531,71762,10.27,9386,
2026-08-25T18:52:14+00:00,NVIDIA H200,143771,6959,0,0,34,118.02,76293,4475,71818,18.83,9386,
2026-08-25T18:52:44+00:00,NVIDIA H200,143771,6959,0,0,33,117.85,76293,4479,71814,24.02,9386,
2026-08-25T18:53:15+00:00,NVIDIA H200,143771,6959,11,1,34,137.32,76293,4206,72087,22.68,9386,
2026-08-25T18:53:45+00:00,NVIDIA H200,143771,6959,11,1,34,136.38,76293,4206,72087,14.14,9386,
2026-08-25T18:54:15+00:00,NVIDIA H200,143771,6959,12,1,34,135.19,76293,4205,72087,9.03,9386,
2026-08-25T18:54:45+00:00,NVIDIA H200,143771,6959,11,1,34,138.16,76293,4206,72087,5.86,9386,
2026-08-25T18:55:15+00:00,NVIDIA H200,143771,6959,11,1,35,135.26,76293,4205,72088,3.95,9386,
2026-08-25T18:55:45+00:00,NVIDIA H200,143771,1265,11,1,35,135.44,76293,4206,72087,2.78,9386,
2026-08-25T18:56:15+00:00,NVIDIA H200,143771,1265,11,1,36,135.04,76293,4206,72086,2.08,9386,
2026-08-25T18:56:45+00:00,NVIDIA H200,143771,1265,12,1,36,142.16,76293,4207,72086,1.65,9386,
2026-08-25T18:57:16+00:00,NVIDIA H200,143771,1265,12,1,36,135.82,76293,4206,72087,1.40,9386,
2026-08-25T18:57:46+00:00,NVIDIA H200,143771,1265,12,1,37,140.29,76293,4206,72087,1.24,9386,
2026-08-25T18:58:16+00:00,NVIDIA H200,143771,1265,11,1,36,137.04,76293,2485,73808,1.22,9386,
2026-08-25T18:58:46+00:00,NVIDIA H200,143771,1265,11,1,36,141.34,76293,2486,73807,1.13,9386,
2026-08-25T18:59:16+00:00,NVIDIA H200,143771,1265,11,1,35,137.17,76293,2487,73806,1.08,9386,
2026-08-25T18:59:46+00:00,NVIDIA H200,143771,1265,10,1,34,135.33,76293,2486,73807,1.05,9386,
2026-08-25T19:00:16+00:00,NVIDIA H200,143771,1265,11,1,34,134.82,76293,2486,73807,1.03,9386,
2026-08-25T19:00:46+00:00,NVIDIA H200,143771,1265,11,1,33,133.87,76293,2487,73806,1.02,9386,
2026-08-25T19:01:17+00:00,NVIDIA H200,143771,1265,12,1,33,136.44,76293,2485,73808,1.09,9386,
2026-08-25T19:01:47+00:00,NVIDIA H200,143771,1265,11,1,33,137.08,76293,2486,73807,1.05,9386,
2026-08-25T19:02:17+00:00,NVIDIA H200,143771,1265,11,1,33,135.11,76293,2486,73807,1.03,9386,
2026-08-25T19:02:47+00:00,NVIDIA H200,143771,1265,11,1,33,134.36,76293,2485,73808,1.02,9386,
2026-08-25T19:03:17+00:00,NVIDIA H200,143771,1265,11,1,34,137.17,76293,2486,73807,1.23,9386,
2026-08-25T19:03:47+00:00,NVIDIA H200,143771,1265,11,1,34,137.93,76293,2486,73807,1.21,9386,
2026-08-25T19:04:17+00:00,NVIDIA H200,143771,1265,12,1,35,137.39,76293,2485,73808,1.19,9386,
2026-08-25T19:04:47+00:00,NVIDIA H200,143771,1265,12,1,35,135.97,76293,2485,73808,1.11,9386,
2026-08-25T19:05:17+00:00,NVIDIA H200,143771,1265,11,1,34,132.34,76293,2486,73807,1.14,9386,
2026-08-25T19:05:48+00:00,NVIDIA H200,143771,1265,11,1,34,136.85,76293,2487,73806,1.08,9386,
2026-08-25T19:06:18+00:00,NVIDIA H200,143771,1265,12,1,34,135.85,76293,2486,73807,1.05,9386,
2026-08-25T19:06:48+00:00,NVIDIA H200,143771,1265,11,1,34,135.11,76293,2486,73807,1.10,9386,
2026-08-25T19:07:18+00:00,NVIDIA H200,143771,1265,12,1,34,141.80,76293,2486,73807,1.06,9386,
2026-08-25T19:07:48+00:00,NVIDIA H200,143771,1265,10,1,34,131.76,76293,2486,73807,1.10,9386,
2026-08-25T19:08:18+00:00,NVIDIA H200,143771,1269,12,1,35,137.13,76293,2487,73806,1.06,9386,
2026-08-25T19:08:48+00:00,NVIDIA H200,143771,1269,12,1,35,137.63,76293,2487,73806,1.04,9386,
2026-08-25T19:09:18+00:00,NVIDIA H200,143771,1269,11,1,35,134.51,76293,2486,73807,1.02,9386,
2026-08-25T19:09:49+00:00,NVIDIA H200,143771,1269,12,1,35,136.48,76293,2486,73807,1.01,9386,
2026-08-25T19:10:19+00:00,NVIDIA H200,143771,1269,12,1,36,137.39,76293,2486,73807,1.01,9386,
2026-08-25T19:10:49+00:00,NVIDIA H200,143771,1269,11,1,36,136.70,76293,2485,73808,1.00,9386,
2026-08-25T19:11:19+00:00,NVIDIA H200,143771,1269,12,1,37,137.29,76293,2486,73807,1.00,9386,
2026-08-25T19:11:49+00:00,NVIDIA H200,143771,1269,12,1,36,138.03,76293,2486,73807,1.00,9386,
2026-08-25T19:12:19+00:00,NVIDIA H200,143771,1269,12,1,34,135.32,76293,2486,73807,1.00,9386,
2026-08-25T19:12:49+00:00,NVIDIA H200,143771,1271,11,1,32,135.21,76293,2486,73807,1.18,9386,
2026-08-25T19:13:19+00:00,NVIDIA H200,143771,1271,11,1,30,134.09,76293,2486,73807,1.11,9386,
2026-08-25T19:13:50+00:00,NVIDIA H200,143771,1271,11,1,29,134.45,76293,2487,73806,1.06,9386,
2026-08-25T19:14:20+00:00,NVIDIA H200,143771,1271,11,1,28,133.11,76293,2486,73807,1.04,9386,
2026-08-25T19:14:50+00:00,NVIDIA H200,143771,1271,12,1,27,133.68,76293,2486,73807,1.02,9386,
2026-08-25T19:15:20+00:00,NVIDIA H200,143771,1273,12,1,26,133.94,76293,2485,73808,1.14,9386,
2026-08-25T19:15:50+00:00,NVIDIA H200,143771,1273,11,1,26,132.30,76293,2486,73807,1.08,9386,
2026-08-25T19:16:20+00:00,NVIDIA H200,143771,1273,11,1,27,134.47,76293,2486,73807,1.05,9386,
2026-08-25T19:16:50+00:00,NVIDIA H200,143771,1273,11,1,28,133.30,76293,2486,73807,1.17,9386,
2026-08-25T19:17:20+00:00,NVIDIA H200,143771,1273,11,1,29,133.29,76293,2485,73808,1.10,9386,
2026-08-25T19:17:51+00:00,NVIDIA H200,143771,1273,12,1,30,136.69,76293,2488,73805,1.13,9386,
2026-08-25T19:18:21+00:00,NVIDIA H200,143771,1273,11,1,31,133.45,76293,2486,73807,1.08,9386,
2026-08-25T19:18:51+00:00,NVIDIA H200,143771,1273,11,1,32,135.77,76293,2486,73807,1.04,9386,
2026-08-25T19:19:21+00:00,NVIDIA H200,143771,1273,12,1,32,138.04,76293,2485,73808,1.03,9386,
2026-08-25T19:19:51+00:00,NVIDIA H200,143771,1273,11,1,33,134.90,76293,2486,73807,1.01,9386,
2026-08-25T19:20:21+00:00,NVIDIA H200,143771,1275,11,1,33,138.96,76293,2485,73808,1.01,9386,
2026-08-25T19:20:51+00:00,NVIDIA H200,143771,1275,11,1,34,136.78,76293,2486,73807,1.00,9386,
2026-08-25T19:21:21+00:00,NVIDIA H200,143771,1275,11,1,34,135.36,76293,2486,73807,1.12,9386,
2026-08-25T19:21:51+00:00,NVIDIA H200,143771,1275,11,1,35,138.53,76293,2487,73806,1.07,9386,
2026-08-25T19:22:22+00:00,NVIDIA H200,143771,1275,11,1,35,136.88,76293,2486,73807,1.04,9386,
2026-08-25T19:22:52+00:00,NVIDIA H200,143771,1277,11,1,34,135.79,76293,2487,73806,1.02,9386,
2026-08-25T19:23:22+00:00,NVIDIA H200,143771,1277,11,1,34,137.08,76293,2487,73806,1.01,9386,
2026-08-25T19:23:52+00:00,NVIDIA H200,143771,1277,11,1,34,138.46,76293,2487,73806,1.01,9386,
2026-08-25T19:24:22+00:00,NVIDIA H200,143771,1277,10,1,34,134.58,76293,2486,73807,1.00,9386,
2026-08-25T19:24:52+00:00,NVIDIA H200,143771,1277,11,1,34,135.83,76293,2485,73807,1.00,9386,
2026-08-25T19:25:22+00:00,NVIDIA H200,143771,1279,11,1,34,134.27,76293,2485,73808,1.14,9386,
2026-08-25T19:25:52+00:00,NVIDIA H200,143771,1279,11,1,34,136.61,76293,2487,73805,1.08,9386,
2026-08-25T19:26:23+00:00,NVIDIA H200,143771,1279,12,1,34,136.80,76293,2487,73806,1.05,9386,
2026-08-25T19:26:53+00:00,NVIDIA H200,143771,1279,11,1,35,137.96,76293,2486,73807,1.11,9386,
2026-08-25T19:27:23+00:00,NVIDIA H200,143771,1281,11,1,35,135.61,76293,2486,73807,1.06,9386,
2026-08-25T19:27:53+00:00,NVIDIA H200,143771,1281,11,1,36,135.89,76293,2486,73807,1.04,9386,
2026-08-25T19:28:23+00:00,NVIDIA H200,143771,1281,10,1,36,136.18,76293,2487,73806,1.02,9386,
2026-08-25T19:28:53+00:00,NVIDIA H200,143771,1281,11,1,36,139.31,76293,2487,73806,1.01,9386,
2026-08-25T19:29:23+00:00,NVIDIA H200,143771,1281,12,1,36,135.25,76293,2487,73806,1.01,9386,
2026-08-25T19:29:53+00:00,NVIDIA H200,143771,1283,12,1,35,141.27,76293,2488,73805,1.00,9386,
2026-08-25T19:30:24+00:00,NVIDIA H200,143771,1283,12,1,34,136.81,76293,2489,73804,1.00,9386,
2026-08-25T19:30:54+00:00,NVIDIA H200,143771,1283,11,1,33,136.03,76293,2489,73804,1.00,9386,
2026-08-25T19:31:24+00:00,NVIDIA H200,143771,1283,12,1,32,133.66,76293,2489,73804,1.00,9386,
2026-08-25T19:31:54+00:00,NVIDIA H200,143771,1283,11,1,32,135.54,76293,2490,73803,1.00,9386,
2026-08-25T19:32:24+00:00,NVIDIA H200,143771,1447,11,1,31,135.63,76293,2491,73802,1.10,9386,
2026-08-25T19:32:54+00:00,NVIDIA H200,143771,1447,11,1,31,133.39,76293,2491,73802,1.06,9386,
2026-08-25T19:33:24+00:00,NVIDIA H200,143771,1447,11,1,31,136.69,76293,2491,73802,1.04,9386,
2026-08-25T19:33:54+00:00,NVIDIA H200,143771,1447,11,1,31,134.21,76293,2492,73801,1.02,9386,
2026-08-25T19:34:25+00:00,NVIDIA H200,143771,1447,12,1,32,136.17,76293,2492,73801,1.01,9386,
2026-08-25T19:34:55+00:00,NVIDIA H200,143771,1447,11,1,33,134.09,76293,2493,73800,1.01,9386,
2026-08-25T19:35:25+00:00,NVIDIA H200,143771,1447,12,1,34,135.16,76293,2494,73799,1.00,9386,
2026-08-25T19:35:55+00:00,NVIDIA H200,143771,1447,14,2,35,138.19,76293,2493,73800,1.00,9386,
2026-08-25T19:36:25+00:00,NVIDIA H200,143771,1447,11,1,35,136.74,76293,2494,73799,1.00,9386,
2026-08-25T19:36:55+00:00,NVIDIA H200,143771,1447,12,1,35,140.97,76293,2494,73799,0.94,9386,
2026-08-25T19:37:25+00:00,NVIDIA H200,143771,1449,11,1,36,141.15,76293,2495,73798,0.96,9386,
2026-08-25T19:37:55+00:00,NVIDIA H200,143771,1449,10,1,36,135.46,76293,2505,73788,1.06,9386,
2026-08-25T19:38:26+00:00,NVIDIA H200,143771,1449,11,1,36,137.82,76293,2505,73788,1.04,9386,
2026-08-25T19:38:56+00:00,NVIDIA H200,143771,1449,11,1,36,135.01,76293,2505,73788,1.02,9386,
2026-08-25T19:39:26+00:00,NVIDIA H200,143771,1449,10,1,35,135.94,76293,2506,73787,1.01,9386,
2026-08-25T19:39:56+00:00,NVIDIA H200,143771,1451,11,1,35,137.51,76293,2507,73786,1.01,9386,
2026-08-25T19:40:26+00:00,NVIDIA H200,143771,1451,12,1,35,135.68,76293,2506,73787,1.00,9386,
2026-08-25T19:40:56+00:00,NVIDIA H200,143771,1451,11,1,34,135.90,76293,2506,73787,1.00,9386,
2026-08-25T19:41:26+00:00,NVIDIA H200,143771,1451,11,1,34,136.07,76293,2506,73786,1.00,9386,
2026-08-25T19:41:56+00:00,NVIDIA H200,143771,1451,11,1,34,135.03,76293,2503,73789,1.16,9386,
2026-08-25T19:42:26+00:00,NVIDIA H200,143771,1453,11,1,34,135.95,76293,2505,73788,1.16,9386,
2026-08-25T19:42:57+00:00,NVIDIA H200,143771,1453,10,1,35,135.71,76293,2505,73788,1.10,9386,
2026-08-25T19:43:27+00:00,NVIDIA H200,143771,1453,12,1,35,136.31,76293,2505,73788,1.06,9386,
2026-08-25T19:43:57+00:00,NVIDIA H200,143771,1453,11,1,36,134.73,76293,2502,73791,1.11,9386,
2026-08-25T19:44:27+00:00,NVIDIA H200,143771,1453,12,1,36,135.82,76293,2501,73792,1.07,9386,
2026-08-25T19:44:57+00:00,NVIDIA H200,143771,1455,11,1,36,137.85,76293,2502,73791,1.04,9386,
2026-08-25T19:45:27+00:00,NVIDIA H200,143771,1455,12,1,37,136.65,76293,2502,73791,1.13,9386,
2026-08-25T19:45:57+00:00,NVIDIA H200,143771,1455,12,1,36,135.44,76293,2503,73789,1.08,9386,
2026-08-25T19:46:27+00:00,NVIDIA H200,143771,1455,11,1,35,137.29,76293,2504,73789,1.10,9386,
2026-08-25T19:46:58+00:00,NVIDIA H200,143771,1455,11,1,35,138.40,76293,2504,73789,1.13,9386,
2026-08-25T19:47:28+00:00,NVIDIA H200,143771,1457,11,1,34,135.28,76293,2505,73788,1.02,9386,
2026-08-25T19:47:58+00:00,NVIDIA H200,143771,1457,11,1,34,136.88,76293,2505,73788,1.32,9386,
2026-08-25T19:48:28+00:00,NVIDIA H200,143771,1457,11,1,33,134.90,76293,2505,73788,1.20,9386,
2026-08-25T19:48:58+00:00,NVIDIA H200,143771,1457,12,1,33,136.40,76293,2505,73788,1.35,9386,
2026-08-25T19:49:28+00:00,NVIDIA H200,143771,1457,13,1,33,133.86,76293,2506,73786,1.29,9386,
2026-08-25T19:49:58+00:00,NVIDIA H200,143771,1457,10,1,33,136.32,76293,2507,73786,1.17,9386,
2026-08-25T19:50:28+00:00,NVIDIA H200,143771,1457,11,1,34,135.42,76293,2507,73786,1.10,9386,
2026-08-25T19:50:59+00:00,NVIDIA H200,143771,1457,11,1,34,133.33,76293,2507,73786,1.06,9386,
2026-08-25T19:51:29+00:00,NVIDIA H200,143771,1457,11,1,34,135.70,76293,2507,73786,1.04,9386,
2026-08-25T19:51:59+00:00,NVIDIA H200,143771,1459,11,1,35,136.10,76293,2509,73784,1.09,9386,
2026-08-25T19:52:29+00:00,NVIDIA H200,143771,1459,11,1,34,139.54,76293,2511,73782,1.05,9386,
2026-08-25T19:52:59+00:00,NVIDIA H200,143771,1459,10,1,34,139.00,76293,2511,73782,1.03,9386,
2026-08-25T19:53:29+00:00,NVIDIA H200,143771,1459,11,1,34,134.54,76293,2510,73783,1.02,9386,
2026-08-25T19:53:59+00:00,NVIDIA H200,143771,1459,11,1,34,136.86,76293,2510,73783,1.01,9386,
2026-08-25T19:54:29+00:00,NVIDIA H200,143771,1461,11,1,34,134.96,76293,2511,73782,1.00,9386,
2026-08-25T19:55:00+00:00,NVIDIA H200,143771,1461,12,1,34,136.19,76293,2512,73781,1.11,9386,
2026-08-25T19:55:30+00:00,NVIDIA H200,143771,1461,12,1,35,141.90,76293,2512,73781,1.18,9386,
2026-08-25T19:56:00+00:00,NVIDIA H200,143771,1461,12,1,35,139.24,76293,2514,73779,1.11,9386,
2026-08-25T19:56:30+00:00,NVIDIA H200,143771,1461,10,1,35,135.53,76293,2514,73779,1.07,9386,
2026-08-25T19:57:00+00:00,NVIDIA H200,143771,1463,11,1,35,134.38,76293,2515,73778,1.09,9386,
2026-08-25T19:57:30+00:00,NVIDIA H200,143771,1463,12,1,35,138.71,76293,2514,73779,1.11,9386,
2026-08-25T19:58:00+00:00,NVIDIA H200,143771,1463,11,1,35,138.63,76293,2515,73778,1.07,9386,
2026-08-25T19:58:30+00:00,NVIDIA H200,143771,1463,11,1,36,135.87,76293,2515,73778,1.10,9386,
2026-08-25T19:59:00+00:00,NVIDIA H200,143771,1463,11,1,36,137.78,76293,2514,73779,1.35,9386,
2026-08-25T19:59:31+00:00,NVIDIA H200,143771,1465,11,1,36,136.58,76293,2515,73778,1.21,9386,
2026-08-25T20:00:01+00:00,NVIDIA H200,143771,1465,11,1,36,136.12,76293,2517,73776,1.13,9386,
2026-08-25T20:00:31+00:00,NVIDIA H200,143771,1465,11,1,35,137.05,76293,2517,73776,1.08,9386,
2026-08-25T20:01:01+00:00,NVIDIA H200,143771,1465,11,1,34,135.13,76293,2518,73775,1.05,9386,
2026-08-25T20:01:31+00:00,NVIDIA H200,143771,1465,11,1,33,138.04,76293,2518,73775,1.17,9386,
2026-08-25T20:02:01+00:00,NVIDIA H200,143771,1467,12,1,32,135.08,76293,2519,73774,1.10,9386,
2026-08-25T20:02:31+00:00,NVIDIA H200,143771,1467,11,1,32,137.11,76293,2519,73774,1.06,9386,
2026-08-25T20:03:01+00:00,NVIDIA H200,143771,1467,11,1,31,132.69,76293,2518,73775,1.10,9386,
2026-08-25T20:03:32+00:00,NVIDIA H200,143771,1467,11,1,31,133.86,76293,2520,73773,1.06,9386,
2026-08-25T20:04:02+00:00,NVIDIA H200,143771,1467,11,1,31,133.55,76293,2520,73773,1.03,9386,
2026-08-25T20:04:32+00:00,NVIDIA H200,143771,1469,11,1,32,135.33,76293,2522,73771,1.08,9386,
2026-08-25T20:05:02+00:00,NVIDIA H200,143771,1469,11,1,32,134.52,76293,2520,73773,1.05,9386,
2026-08-25T20:05:32+00:00,NVIDIA H200,143771,1469,11,1,33,138.79,76293,2520,73773,1.03,9386,
2026-08-25T20:06:02+00:00,NVIDIA H200,143771,1469,11,1,34,137.02,76293,2522,73771,1.02,9386,
2026-08-25T20:06:32+00:00,NVIDIA H200,143771,1469,11,1,34,137.56,76293,2522,73771,1.01,9386,
2026-08-25T20:07:02+00:00,NVIDIA H200,143771,1471,11,1,35,135.15,76293,2523,73770,1.00,9386,
2026-08-25T20:07:33+00:00,NVIDIA H200,143771,1471,11,1,35,132.09,76293,2523,73770,1.00,9386,
2026-08-25T20:08:03+00:00,NVIDIA H200,143771,1471,11,1,36,136.13,76293,2525,73768,0.93,9386,
2026-08-25T20:08:33+00:00,NVIDIA H200,143771,1471,11,1,36,136.90,76293,2524,73769,0.96,9386,
2026-08-25T20:09:03+00:00,NVIDIA H200,143771,1471,12,1,36,135.82,76293,2524,73769,1.03,9386,
2026-08-25T20:09:33+00:00,NVIDIA H200,143771,1473,11,1,36,136.10,76293,2524,73769,1.19,9386,
2026-08-25T20:10:03+00:00,NVIDIA H200,143771,1473,11,1,36,135.95,76293,2526,73767,1.32,9386,
2026-08-25T20:10:33+00:00,NVIDIA H200,143771,1473,11,1,35,135.06,76293,2526,73767,1.23,9386,
2026-08-25T20:11:03+00:00,NVIDIA H200,143771,1473,11,1,35,136.35,76293,2526,73767,1.14,9386,
2026-08-25T20:11:34+00:00,NVIDIA H200,143771,1473,12,1,34,136.09,76293,2527,73766,1.08,9386,
2026-08-25T20:12:04+00:00,NVIDIA H200,143771,1475,11,1,34,137.43,76293,2528,73765,1.05,9386,
2026-08-25T20:12:34+00:00,NVIDIA H200,143771,1475,11,1,34,138.44,76293,2527,73766,1.03,9386,
2026-08-25T20:13:04+00:00,NVIDIA H200,143771,1475,11,1,34,133.70,76293,2528,73765,1.02,9386,
2026-08-25T20:13:34+00:00,NVIDIA H200,143771,1475,11,1,34,136.88,76293,2529,73764,0.95,9386,
2026-08-25T20:14:04+00:00,NVIDIA H200,143771,1475,11,1,35,135.06,76293,2530,73763,0.90,9386,
2026-08-25T20:14:34+00:00,NVIDIA H200,143771,1475,11,1,35,137.34,76293,2531,73762,0.94,9386,
2026-08-25T20:15:04+00:00,NVIDIA H200,143771,1475,11,1,36,137.91,76293,2530,73763,0.97,9386,
2026-08-25T20:15:35+00:00,NVIDIA H200,143771,1475,12,1,36,138.15,76293,2531,73762,0.98,9386,
2026-08-25T20:16:05+00:00,NVIDIA H200,143771,1475,11,1,36,137.08,76293,2532,73761,1.04,9386,
2026-08-25T20:16:35+00:00,NVIDIA H200,143771,1477,11,1,37,136.34,76293,2532,73761,1.03,9386,
2026-08-25T20:17:05+00:00,NVIDIA H200,143771,1477,11,1,37,137.23,76293,2532,73761,1.01,9386,
2026-08-25T20:17:35+00:00,NVIDIA H200,143771,1477,11,1,35,135.07,76293,2533,73760,1.08,9386,
2026-08-25T20:18:05+00:00,NVIDIA H200,143771,1477,11,1,33,137.54,76293,2534,73759,1.10,9386,
2026-08-25T20:18:35+00:00,NVIDIA H200,143771,1477,11,1,31,132.85,76293,2534,73759,1.06,9386,
2026-08-25T20:19:05+00:00,NVIDIA H200,143771,1479,11,1,30,134.88,76293,2533,73760,1.04,9386,
2026-08-25T20:19:36+00:00,NVIDIA H200,143771,1479,11,1,28,134.43,76293,2535,73758,1.02,9386,
2026-08-25T20:20:06+00:00,NVIDIA H200,143771,1479,11,1,27,131.94,76293,2534,73759,1.01,9386,
2026-08-25T20:20:36+00:00,NVIDIA H200,143771,1479,11,1,26,131.65,76293,2534,73759,1.01,9386,
2026-08-25T20:21:06+00:00,NVIDIA H200,143771,1479,11,1,26,131.47,76293,2535,73758,1.00,9386,
2026-08-25T20:21:36+00:00,NVIDIA H200,143771,1481,11,1,26,133.29,76293,2536,73757,1.00,9386,
2026-08-25T20:22:06+00:00,NVIDIA H200,143771,1481,11,1,27,131.88,76293,2538,73755,1.00,9386,
2026-08-25T20:22:36+00:00,NVIDIA H200,143771,1481,11,1,28,133.05,76293,2539,73754,1.00,9386,
2026-08-25T20:23:06+00:00,NVIDIA H200,143771,1481,10,1,29,132.32,76293,2538,73755,1.00,9386,
2026-08-25T20:23:37+00:00,NVIDIA H200,143771,1481,10,1,30,130.68,76293,2538,73755,1.00,9386,
2026-08-25T20:24:07+00:00,NVIDIA H200,143771,1483,11,1,31,134.51,76293,2539,73754,1.00,9386,
2026-08-25T20:24:37+00:00,NVIDIA H200,143771,1483,11,1,31,134.55,76293,2539,73753,1.00,9386,
2026-08-25T20:25:07+00:00,NVIDIA H200,143771,1483,11,1,32,135.57,76293,2539,73754,1.00,9386,
2026-08-25T20:25:37+00:00,NVIDIA H200,143771,1483,11,1,33,135.14,76293,2539,73754,1.00,9386,
2026-08-25T20:26:07+00:00,NVIDIA H200,143771,1483,11,1,34,135.03,76293,2541,73752,1.00,9386,
2026-08-25T20:26:37+00:00,NVIDIA H200,143771,1485,11,1,34,136.50,76293,2541,73752,0.92,9386,
2026-08-25T20:27:07+00:00,NVIDIA H200,143771,1485,10,1,35,135.68,76293,2542,73751,0.95,9386,
2026-08-25T20:27:38+00:00,NVIDIA H200,143771,1485,11,1,35,133.81,76293,2542,73751,1.04,9386,
2026-08-25T20:28:08+00:00,NVIDIA H200,143771,1485,11,1,35,134.76,76293,2542,73751,1.02,9386,
2026-08-25T20:28:38+00:00,NVIDIA H200,143771,1485,10,1,34,136.73,76293,2543,73750,1.01,9386,
2026-08-25T20:29:08+00:00,NVIDIA H200,143771,1487,11,1,34,135.28,76293,2544,73749,1.01,9386,
2026-08-25T20:29:38+00:00,NVIDIA H200,143771,1487,11,1,34,135.25,76293,2544,73749,1.07,9386,
2026-08-25T20:30:08+00:00,NVIDIA H200,143771,1487,11,1,34,134.20,76293,2545,73748,1.19,9386,
2026-08-25T20:30:38+00:00,NVIDIA H200,143771,1487,11,1,33,136.85,76293,2543,73750,1.11,9386,
2026-08-25T20:31:08+00:00,NVIDIA H200,143771,1487,11,1,34,136.17,76293,2544,73749,1.07,9386,
2026-08-25T20:31:38+00:00,NVIDIA H200,143771,1487,24,1,34,136.53,76293,2537,73756,1.18,9386,
2026-08-25T20:32:09+00:00,NVIDIA H200,143771,913,24,1,34,135.38,76293,2539,73754,1.11,9386,
2026-08-25T20:32:39+00:00,NVIDIA H200,143771,913,24,1,35,137.97,76293,2538,73755,1.07,9386,
2026-08-25T20:33:09+00:00,NVIDIA H200,143771,913,24,1,36,137.95,76293,2538,73755,1.04,9386,
2026-08-25T20:33:39+00:00,NVIDIA H200,143771,913,23,1,36,140.32,76293,2538,73755,1.02,9386,
2026-08-25T20:34:09+00:00,NVIDIA H200,143771,913,23,1,36,140.96,76293,2538,73755,1.01,9386,
2026-08-25T20:34:39+00:00,NVIDIA H200,143771,913,24,1,37,140.23,76293,2537,73756,1.01,9386,
2026-08-25T20:35:09+00:00,NVIDIA H200,143771,913,24,1,36,139.25,76293,2537,73756,1.00,9386,
2026-08-25T20:35:39+00:00,NVIDIA H200,143771,913,24,1,35,140.47,76293,2538,73755,1.00,9386,
2026-08-25T20:36:10+00:00,NVIDIA H200,143771,913,24,1,34,136.28,76293,2539,73754,0.94,9386,
2026-08-25T20:36:40+00:00,NVIDIA H200,143771,913,23,1,33,136.55,76293,2539,73754,0.89,9386,
2026-08-25T20:37:10+00:00,NVIDIA H200,143771,913,20,0,32,135.95,76293,2539,73754,0.93,9386,
2026-08-25T20:37:40+00:00,NVIDIA H200,143771,913,24,1,32,137.88,76293,2538,73755,0.96,9386,
2026-08-25T20:38:10+00:00,NVIDIA H200,143771,913,24,1,31,136.50,76293,2539,73754,0.98,9386,
2026-08-25T20:38:40+00:00,NVIDIA H200,143771,913,25,1,31,136.19,76293,2538,73755,0.99,9386,
2026-08-25T20:39:10+00:00,NVIDIA H200,143771,913,24,1,31,137.38,76293,2538,73755,0.99,9386,
2026-08-25T20:39:40+00:00,NVIDIA H200,143771,913,24,1,32,137.16,76293,2538,73755,1.00,9386,
2026-08-25T20:40:11+00:00,NVIDIA H200,143771,913,24,1,32,138.04,76293,2539,73754,0.93,9386,
2026-08-25T20:40:41+00:00,NVIDIA H200,143771,913,23,1,33,137.71,76293,2538,73755,0.96,9386,
2026-08-25T20:41:11+00:00,NVIDIA H200,143771,913,24,1,34,137.93,76293,2537,73756,0.97,9386,
2026-08-25T20:41:41+00:00,NVIDIA H200,143771,913,25,1,35,138.07,76293,2540,73753,0.99,9386,
2026-08-25T20:42:11+00:00,NVIDIA H200,143771,913,24,1,35,138.59,76293,2541,73752,0.99,9386,
2026-08-25T20:42:41+00:00,NVIDIA H200,143771,913,25,1,36,139.02,76293,2539,73754,1.00,9386,
2026-08-25T20:43:11+00:00,NVIDIA H200,143771,913,24,1,36,139.34,76293,2539,73754,1.00,9386,
2026-08-25T20:43:41+00:00,NVIDIA H200,143771,913,22,1,36,138.71,76293,2539,73754,0.93,9386,
2026-08-25T20:44:12+00:00,NVIDIA H200,143771,913,23,1,36,137.77,76293,2540,73753,1.01,9386,
2026-08-25T20:44:42+00:00,NVIDIA H200,143771,913,23,1,36,136.97,76293,2540,73753,1.00,9386,
2026-08-25T20:45:12+00:00,NVIDIA H200,143771,913,25,1,36,139.24,76293,2541,73752,1.00,9386,
2026-08-25T20:45:42+00:00,NVIDIA H200,143771,913,25,1,36,140.03,76293,2540,73753,1.00,9386,
2026-08-25T20:46:12+00:00,NVIDIA H200,143771,913,23,1,35,137.94,76293,2541,73752,1.00,9386,
2026-08-25T20:46:42+00:00,NVIDIA H200,143771,913,24,1,35,138.46,76293,2540,73753,1.12,9386,
2026-08-25T20:47:12+00:00,NVIDIA H200,143771,913,24,1,35,137.30,76293,2540,73753,1.02,9386,
2026-08-25T20:47:42+00:00,NVIDIA H200,143771,913,24,1,35,139.07,76293,2540,73753,1.06,9386,
2026-08-25T20:48:13+00:00,NVIDIA H200,143771,913,24,1,35,137.62,76293,2540,73753,1.04,9386,
2026-08-25T20:48:43+00:00,NVIDIA H200,143771,913,24,1,35,138.88,76293,2540,73753,1.09,9386,
2026-08-25T20:49:13+00:00,NVIDIA H200,143771,913,24,1,35,137.82,76293,2540,73753,0.99,9386,
2026-08-25T20:49:43+00:00,NVIDIA H200,143771,913,25,1,36,140.52,76293,2540,73753,0.92,9386,
2026-08-25T20:50:13+00:00,NVIDIA H200,143771,913,24,1,36,138.74,76293,2540,73753,0.95,9386,
2026-08-25T20:50:43+00:00,NVIDIA H200,143771,913,25,1,36,138.69,76293,2539,73754,0.91,9386,
2026-08-25T20:51:13+00:00,NVIDIA H200,143771,913,24,1,37,138.96,76293,2540,73753,0.95,9386,
2026-08-25T20:51:43+00:00,NVIDIA H200,143771,913,24,1,36,140.51,76293,2540,73753,0.97,9386,
2026-08-25T20:52:13+00:00,NVIDIA H200,143771,913,24,1,35,140.11,76293,2540,73753,0.98,9386,
2026-08-25T20:52:44+00:00,NVIDIA H200,143771,913,25,1,35,139.30,76293,2539,73754,1.06,9386,
2026-08-25T20:53:14+00:00,NVIDIA H200,143771,913,24,1,34,137.27,76293,2538,73755,1.11,9386,
2026-08-25T20:53:44+00:00,NVIDIA H200,143771,913,23,1,34,138.22,76293,2540,73753,1.07,9386,
2026-08-25T20:54:14+00:00,NVIDIA H200,143771,913,25,1,33,138.47,76293,2540,73752,1.04,9386,
2026-08-25T20:54:44+00:00,NVIDIA H200,143771,913,24,1,33,136.10,76293,2541,73752,1.02,9386,
2026-08-25T20:55:14+00:00,NVIDIA H200,143771,913,24,1,33,137.27,76293,2541,73752,1.01,9386,
2026-08-25T20:55:44+00:00,NVIDIA H200,143771,913,24,1,33,136.91,76293,2541,73752,1.01,9386,
2026-08-25T20:56:14+00:00,NVIDIA H200,143771,915,24,1,34,138.13,76293,2541,73752,1.00,9386,
2026-08-25T20:56:45+00:00,NVIDIA H200,143771,5291,77,42,45,521.61,76293,2513,73780,1.22,9386,
2026-08-25T20:57:15+00:00,NVIDIA H200,143771,5291,79,43,54,538.90,76293,2511,73782,1.13,9386,
2026-08-25T20:57:45+00:00,NVIDIA H200,143771,5291,80,43,55,543.35,76293,2512,73781,1.08,9386,
2026-08-25T20:58:15+00:00,NVIDIA H200,143771,5291,77,42,55,545.68,76293,2513,73780,1.05,9386,
2026-08-25T20:58:45+00:00,NVIDIA H200,143771,5291,80,43,55,540.73,76293,2514,73779,1.03,9386,
2026-08-25T20:59:15+00:00,NVIDIA H200,143771,5291,82,45,55,546.60,76293,2513,73780,1.02,9386,
2026-08-25T20:59:45+00:00,NVIDIA H200,143771,5291,79,43,55,549.46,76293,2513,73780,1.01,9386,
2026-08-25T21:00:15+00:00,NVIDIA H200,143771,5291,79,43,55,545.80,76293,2513,73779,1.08,9386,
2026-08-25T21:00:46+00:00,NVIDIA H200,143771,5291,80,43,54,546.05,76293,2514,73779,1.05,9386,
2026-08-25T21:01:16+00:00,NVIDIA H200,143771,5291,78,42,55,542.48,76293,2513,73780,0.98,9386,
2026-08-25T21:01:46+00:00,NVIDIA H200,143771,5291,79,43,54,550.72,76293,2513,73780,0.99,9386,
2026-08-25T21:02:16+00:00,NVIDIA H200,143771,5721,84,46,57,562.70,76293,2513,73780,0.99,9386,
2026-08-25T21:02:46+00:00,NVIDIA H200,143771,5721,82,44,57,545.63,76293,2514,73779,1.00,9386,
2026-08-25T21:03:16+00:00,NVIDIA H200,143771,5721,77,42,56,544.80,76293,2514,73779,1.00,9386,
2026-08-25T21:03:46+00:00,NVIDIA H200,143771,5721,80,43,57,541.91,76293,2513,73780,1.00,9386,
2026-08-25T21:04:16+00:00,NVIDIA H200,143771,5721,82,45,57,545.32,76293,2513,73780,1.00,9386,
2026-08-25T21:04:47+00:00,NVIDIA H200,143771,5721,76,41,57,531.52,76293,2514,73779,1.00,9386,
2026-08-25T21:05:17+00:00,NVIDIA H200,143771,5721,78,42,57,521.80,76293,2513,73780,1.08,9386,
2026-08-25T21:05:47+00:00,NVIDIA H200,143771,5721,81,44,54,540.50,76293,2513,73780,1.05,9386,
2026-08-25T21:06:17+00:00,NVIDIA H200,143771,5721,82,45,51,544.72,76293,2513,73780,1.09,9386,
2026-08-25T21:06:47+00:00,NVIDIA H200,143771,5721,80,44,50,545.28,76293,2513,73780,1.13,9386,
2026-08-25T21:07:17+00:00,NVIDIA H200,143771,6275,82,44,49,547.32,76293,2513,73780,1.08,9386,
2026-08-25T21:07:47+00:00,NVIDIA H200,143771,6275,81,44,49,541.81,76293,2513,73780,1.04,9386,
2026-08-25T21:08:17+00:00,NVIDIA H200,143771,6275,82,44,48,520.89,76293,2514,73779,1.03,9386,
2026-08-25T21:08:48+00:00,NVIDIA H200,143771,6275,79,43,48,530.73,76293,2514,73779,1.01,9386,
2026-08-25T21:09:18+00:00,NVIDIA H200,143771,6275,82,45,47,536.16,76293,2513,73780,1.01,9386,
2026-08-25T21:09:48+00:00,NVIDIA H200,143771,6275,84,46,49,542.80,76293,2516,73777,1.00,9386,
2026-08-25T21:10:18+00:00,NVIDIA H200,143771,6275,78,42,50,534.75,76293,2515,73778,0.95,9386,
2026-08-25T21:10:48+00:00,NVIDIA H200,143771,6275,79,43,52,539.29,76293,2516,73777,0.92,9386,
2026-08-25T21:11:18+00:00,NVIDIA H200,143771,6275,79,43,53,533.68,76293,2514,73779,0.95,9386,
2026-08-25T21:11:48+00:00,NVIDIA H200,143771,6275,82,45,54,543.09,76293,2514,73779,0.97,9386,
2026-08-25T21:12:18+00:00,NVIDIA H200,143771,6275,81,44,55,536.63,76293,2514,73779,0.98,9386,
2026-08-25T21:12:49+00:00,NVIDIA H200,143771,6585,80,43,55,546.27,76293,2514,73779,0.99,9386,
2026-08-25T21:13:19+00:00,NVIDIA H200,143771,6585,81,44,55,539.66,76293,2514,73779,1.08,9386,
2026-08-25T21:13:49+00:00,NVIDIA H200,143771,6585,78,42,55,514.85,76293,2516,73777,1.04,9386,
2026-08-25T21:14:19+00:00,NVIDIA H200,143771,6585,81,44,56,547.75,76293,2516,73777,1.03,9386,
2026-08-25T21:14:49+00:00,NVIDIA H200,143771,6585,82,45,56,557.09,76293,2514,73779,1.09,9386,
2026-08-25T21:15:19+00:00,NVIDIA H200,143771,6585,80,43,56,536.29,76293,2513,73780,1.06,9386,
2026-08-25T21:15:49+00:00,NVIDIA H200,143771,6585,80,43,56,547.14,76293,2513,73780,1.03,9386,
2026-08-25T21:16:19+00:00,NVIDIA H200,143771,6585,83,45,55,540.63,76293,2514,73779,1.02,9386,
2026-08-25T21:16:50+00:00,NVIDIA H200,143771,6585,83,45,54,549.12,76293,2514,73779,1.01,9386,
2026-08-25T21:17:20+00:00,NVIDIA H200,143771,6585,79,43,54,544.60,76293,2514,73779,1.00,9386,
2026-08-25T21:17:50+00:00,NVIDIA H200,143771,6585,79,43,54,545.36,76293,2513,73780,1.00,9386,
2026-08-25T21:18:20+00:00,NVIDIA H200,143771,7005,84,46,54,530.65,76293,2515,73778,1.08,9386,
2026-08-25T21:18:50+00:00,NVIDIA H200,143771,7005,78,43,54,545.24,76293,2515,73778,1.02,9386,
2026-08-25T21:19:20+00:00,NVIDIA H200,143771,7005,83,45,54,539.52,76293,2514,73779,0.96,9386,
2026-08-25T21:19:50+00:00,NVIDIA H200,143771,7005,76,41,54,534.37,76293,2514,73779,1.03,9386,
2026-08-25T21:20:20+00:00,NVIDIA H200,143771,7005,81,44,55,544.09,76293,2514,73779,1.02,9386,
2026-08-25T21:20:51+00:00,NVIDIA H200,143771,7005,76,41,55,525.82,76293,2514,73779,1.01,9386,
2026-08-25T21:21:21+00:00,NVIDIA H200,143771,7005,82,45,56,537.23,76293,2514,73779,1.00,9386,
2026-08-25T21:21:51+00:00,NVIDIA H200,143771,7005,80,43,57,544.78,76293,2515,73778,1.00,9386,
2026-08-25T21:22:21+00:00,NVIDIA H200,143771,7005,79,43,57,537.67,76293,2515,73778,1.00,9386,
2026-08-25T21:22:51+00:00,NVIDIA H200,143771,7005,77,42,56,514.98,76293,2514,73778,1.00,9386,
2026-08-25T21:23:21+00:00,NVIDIA H200,143771,7427,80,43,57,550.44,76293,2513,73780,1.13,9386,
2026-08-25T21:23:51+00:00,NVIDIA H200,143771,7427,82,44,57,545.31,76293,2514,73779,1.08,9386,
2026-08-25T21:24:21+00:00,NVIDIA H200,143771,7427,79,43,57,533.33,76293,2514,73779,1.04,9386,
2026-08-25T21:24:52+00:00,NVIDIA H200,143771,7427,79,43,55,539.22,76293,2514,73779,1.03,9386,
2026-08-25T21:25:22+00:00,NVIDIA H200,143771,7427,80,43,53,538.08,76293,2513,73780,1.01,9386,
2026-08-25T21:25:52+00:00,NVIDIA H200,143771,7427,79,43,53,535.36,76293,2514,73779,1.01,9386,
2026-08-25T21:26:22+00:00,NVIDIA H200,143771,7427,80,43,51,538.13,76293,2514,73779,1.00,9386,
2026-08-25T21:26:52+00:00,NVIDIA H200,143771,7427,81,44,51,526.65,76293,2513,73779,1.00,9386,
2026-08-25T21:27:22+00:00,NVIDIA H200,143771,7427,82,45,51,520.78,76293,2514,73779,1.00,9386,
2026-08-25T21:27:52+00:00,NVIDIA H200,143771,7427,80,44,50,533.18,76293,2514,73779,1.00,9386,
2026-08-25T21:28:22+00:00,NVIDIA H200,143771,7427,79,43,50,516.74,76293,2514,73779,1.00,9386,
2026-08-25T21:28:52+00:00,NVIDIA H200,143771,7845,81,44,52,531.51,76293,2513,73780,1.00,9386,
2026-08-25T21:29:23+00:00,NVIDIA H200,143771,7845,83,45,53,521.97,76293,2514,73779,1.00,9386,
2026-08-25T21:29:53+00:00,NVIDIA H200,143771,7845,81,44,55,538.45,76293,2513,73780,1.00,9386,
2026-08-25T21:30:23+00:00,NVIDIA H200,143771,7845,82,45,56,545.35,76293,2514,73779,1.00,9386,
2026-08-25T21:30:53+00:00,NVIDIA H200,143771,7845,79,43,56,542.69,76293,2514,73779,1.24,9386,
2026-08-25T21:31:23+00:00,NVIDIA H200,143771,7845,84,46,56,551.24,76293,2514,73779,1.20,9386,
2026-08-25T21:31:53+00:00,NVIDIA H200,143771,7845,82,44,56,543.26,76293,2515,73778,1.12,9386,
2026-08-25T21:32:23+00:00,NVIDIA H200,143771,7845,79,43,57,544.84,76293,2514,73779,1.07,9386,
2026-08-25T21:32:53+00:00,NVIDIA H200,143771,7845,82,44,57,549.26,76293,2515,73778,1.15,9386,
2026-08-25T21:33:24+00:00,NVIDIA H200,143771,7845,80,43,57,542.45,76293,2514,73779,1.15,9386,
2026-08-25T21:33:54+00:00,NVIDIA H200,143771,8267,78,42,56,545.17,76293,2514,73779,1.01,9386,
2026-08-25T21:34:24+00:00,NVIDIA H200,143771,8267,80,44,56,518.89,76293,2514,73779,1.00,9386,
2026-08-25T21:34:54+00:00,NVIDIA H200,143771,8267,84,46,56,536.58,76293,2513,73780,1.00,9386,
2026-08-25T21:35:24+00:00,NVIDIA H200,143771,8267,76,42,55,541.81,76293,2513,73780,1.00,9386,
2026-08-25T21:35:54+00:00,NVIDIA H200,143771,8267,81,44,55,527.44,76293,2514,73779,1.00,9386,
2026-08-25T21:36:24+00:00,NVIDIA H200,143771,8267,79,43,54,540.42,76293,2514,73779,1.13,9386,
2026-08-25T21:36:54+00:00,NVIDIA H200,143771,8267,81,44,54,543.43,76293,2514,73779,1.08,9386,
2026-08-25T21:37:25+00:00,NVIDIA H200,143771,8267,76,41,54,533.37,76293,2514,73779,1.04,9386,
2026-08-25T21:37:55+00:00,NVIDIA H200,143771,8267,80,44,54,532.65,76293,2514,73779,1.03,9386,
2026-08-25T21:38:25+00:00,NVIDIA H200,143771,8267,78,42,54,537.92,76293,2514,73779,1.07,9386,
2026-08-25T21:38:55+00:00,NVIDIA H200,143771,8267,80,44,55,542.26,76293,2515,73778,1.09,9386,
2026-08-25T21:39:25+00:00,NVIDIA H200,143771,8633,79,43,55,540.34,76293,2514,73779,1.24,9386,
2026-08-25T21:39:55+00:00,NVIDIA H200,143771,8633,81,44,56,547.78,76293,2514,73779,1.21,9386,
2026-08-25T21:40:25+00:00,NVIDIA H200,143771,8633,77,42,56,550.40,76293,2513,73780,1.13,9386,
2026-08-25T21:40:55+00:00,NVIDIA H200,143771,8633,84,46,56,541.38,76293,2513,73780,1.08,9386,
2026-08-25T21:41:26+00:00,NVIDIA H200,143771,8633,78,42,56,547.18,76293,2513,73780,1.05,9386,
2026-08-25T21:41:56+00:00,NVIDIA H200,143771,8633,78,42,57,545.37,76293,2513,73780,1.17,9386,
2026-08-25T21:42:26+00:00,NVIDIA H200,143771,8633,82,45,56,542.04,76293,2514,73778,1.10,9386,
2026-08-25T21:42:56+00:00,NVIDIA H200,143771,8633,80,43,52,534.64,76293,2514,73779,1.06,9386,
2026-08-25T21:43:26+00:00,NVIDIA H200,143771,8633,78,43,50,522.03,76293,2514,73779,1.04,9386,
2026-08-25T21:43:56+00:00,NVIDIA H200,143771,8633,77,42,48,527.72,76293,2514,73779,1.08,9386,
2026-08-25T21:44:26+00:00,NVIDIA H200,143771,8633,77,42,48,510.69,76293,2513,73780,1.05,9386,
2026-08-25T21:44:56+00:00,NVIDIA H200,143771,9053,78,42,48,525.63,76293,2514,73779,1.03,9386,
2026-08-25T21:45:27+00:00,NVIDIA H200,143771,9053,79,43,48,505.22,76293,2513,73780,1.08,9386,
2026-08-25T21:45:57+00:00,NVIDIA H200,143771,9053,80,43,47,527.42,76293,2515,73778,1.05,9386,
2026-08-25T21:46:27+00:00,NVIDIA H200,143771,9053,83,45,48,537.47,76293,2515,73778,1.03,9386,
2026-08-25T21:46:57+00:00,NVIDIA H200,143771,9053,82,45,50,528.63,76293,2513,73780,1.02,9386,
2026-08-25T21:47:27+00:00,NVIDIA H200,143771,9053,82,45,52,525.95,76293,2514,73779,1.01,9386,
2026-08-25T21:47:57+00:00,NVIDIA H200,143771,9053,77,42,52,524.40,76293,2514,73779,1.07,9386,
2026-08-25T21:48:27+00:00,NVIDIA H200,143771,9053,78,42,53,538.07,76293,2515,73778,1.04,9386,
2026-08-25T21:48:57+00:00,NVIDIA H200,143771,9053,75,41,54,530.84,76293,2514,73779,1.02,9386,
2026-08-25T21:49:28+00:00,NVIDIA H200,143771,9053,82,44,55,535.92,76293,2513,73780,1.01,9386,
2026-08-25T21:49:58+00:00,NVIDIA H200,143771,9473,78,42,55,537.83,76293,2514,73779,1.06,9386,
2026-08-25T21:50:28+00:00,NVIDIA H200,143771,9473,78,42,55,543.20,76293,2514,73779,0.99,9386,
2026-08-25T21:50:58+00:00,NVIDIA H200,143771,9473,81,44,55,541.62,76293,2514,73779,0.99,9386,
2026-08-25T21:51:28+00:00,NVIDIA H200,143771,9473,77,42,55,538.32,76293,2514,73779,1.00,9386,
2026-08-25T21:51:58+00:00,NVIDIA H200,143771,9473,80,43,55,544.30,76293,2514,73779,1.00,9386,
2026-08-25T21:52:28+00:00,NVIDIA H200,143771,9473,80,44,55,539.90,76293,2514,73779,1.00,9386,
2026-08-25T21:52:58+00:00,NVIDIA H200,143771,9473,81,44,55,540.76,76293,2514,73779,1.00,9386,
2026-08-25T21:53:29+00:00,NVIDIA H200,143771,9473,82,44,56,547.41,76293,2514,73779,1.00,9386,
2026-08-25T21:53:59+00:00,NVIDIA H200,143771,9473,81,44,56,549.93,76293,2514,73779,1.00,9386,
2026-08-25T21:54:29+00:00,NVIDIA H200,143771,9473,78,43,56,543.00,76293,2515,73778,1.00,9386,
2026-08-25T21:54:59+00:00,NVIDIA H200,143771,9473,82,44,56,552.24,76293,2514,73779,0.86,9386,
2026-08-25T21:55:29+00:00,NVIDIA H200,143771,9893,80,44,56,534.79,76293,2514,73779,0.92,9386,
2026-08-25T21:55:59+00:00,NVIDIA H200,143771,9893,81,44,55,541.53,76293,2514,73779,0.95,9386,
2026-08-25T21:56:29+00:00,NVIDIA H200,143771,9893,78,42,55,539.81,76293,2514,73779,0.97,9386,
2026-08-25T21:56:59+00:00,NVIDIA H200,143771,9893,82,44,56,534.72,76293,2513,73780,0.98,9386,
2026-08-25T21:57:30+00:00,NVIDIA H200,143771,9893,83,45,55,529.64,76293,2514,73779,1.07,9386,
2026-08-25T21:58:00+00:00,NVIDIA H200,143771,9893,79,43,55,536.17,76293,2513,73780,1.04,9386,
2026-08-25T21:58:30+00:00,NVIDIA H200,143771,9893,83,45,55,536.88,76293,2514,73779,1.08,9386,
2026-08-25T21:59:00+00:00,NVIDIA H200,143771,9893,81,44,56,546.25,76293,2513,73780,1.05,9386,
2026-08-25T21:59:30+00:00,NVIDIA H200,143771,9893,77,42,56,535.74,76293,2513,73780,1.03,9386,
2026-08-25T22:00:00+00:00,NVIDIA H200,143771,9893,81,44,56,543.26,76293,2514,73779,1.02,9386,
2026-08-25T22:00:30+00:00,NVIDIA H200,143771,10261,81,44,56,526.23,76293,2514,73779,1.01,9386,
2026-08-25T22:01:00+00:00,NVIDIA H200,143771,10261,75,41,55,534.79,76293,2513,73779,1.00,9386,
2026-08-25T22:01:31+00:00,NVIDIA H200,143771,10261,82,45,56,532.53,76293,2514,73779,1.06,9386,
2026-08-25T22:02:01+00:00,NVIDIA H200,143771,10261,84,46,57,550.41,76293,2514,73779,1.04,9386,
2026-08-25T22:02:31+00:00,NVIDIA H200,143771,10261,78,42,57,531.58,76293,2515,73778,1.02,9386,
2026-08-25T22:03:01+00:00,NVIDIA H200,143771,10261,83,45,56,549.88,76293,2515,73778,1.01,9386,
2026-08-25T22:03:31+00:00,NVIDIA H200,143771,10261,81,44,56,543.21,76293,2516,73777,1.01,9386,
2026-08-25T22:04:01+00:00,NVIDIA H200,143771,10261,79,43,54,506.74,76293,2514,73779,1.07,9386,
2026-08-25T22:04:31+00:00,NVIDIA H200,143771,10261,83,45,53,536.42,76293,2515,73778,1.04,9386,
2026-08-25T22:05:01+00:00,NVIDIA H200,143771,10261,79,43,52,526.60,76293,2513,73780,1.02,9386,
2026-08-25T22:05:32+00:00,NVIDIA H200,143771,10261,81,44,52,541.82,76293,2514,73779,1.01,9386,
2026-08-25T22:06:02+00:00,NVIDIA H200,143771,10679,82,44,52,513.89,76293,2515,73778,0.94,9386,
2026-08-25T22:06:32+00:00,NVIDIA H200,143771,10679,79,43,52,537.35,76293,2514,73779,0.96,9386,
2026-08-25T22:07:02+00:00,NVIDIA H200,143771,10679,80,44,53,536.96,76293,2514,73779,1.05,9386,
2026-08-25T22:07:32+00:00,NVIDIA H200,143771,10679,79,43,54,544.26,76293,2515,73778,1.42,9386,
2026-08-25T22:08:02+00:00,NVIDIA H200,143771,10679,83,45,55,538.44,76293,2514,73779,1.32,9386,
2026-08-25T22:08:32+00:00,NVIDIA H200,143771,10679,78,43,55,521.55,76293,2515,73778,1.20,9386,
2026-08-25T22:09:02+00:00,NVIDIA H200,143771,10679,80,43,55,536.17,76293,2514,73779,1.12,9386,
2026-08-25T22:09:33+00:00,NVIDIA H200,143771,10679,57,31,54,525.64,76293,2515,73778,1.07,9386,
2026-08-25T22:10:03+00:00,NVIDIA H200,143771,10679,79,43,56,542.15,76293,2514,73779,1.04,9386,
2026-08-25T22:10:33+00:00,NVIDIA H200,143771,10679,80,44,56,532.99,76293,2514,73779,1.02,9386,
2026-08-25T22:11:03+00:00,NVIDIA H200,143771,10679,79,43,56,544.63,76293,2514,73779,1.01,9386,
2026-08-25T22:11:33+00:00,NVIDIA H200,143771,11101,80,44,56,537.70,76293,2513,73779,1.01,9386,
2026-08-25T22:12:03+00:00,NVIDIA H200,143771,11101,82,45,57,544.99,76293,2514,73779,1.00,9386,
2026-08-25T22:12:33+00:00,NVIDIA H200,143771,11101,76,41,56,518.37,76293,2515,73778,1.01,9386,
2026-08-25T22:13:03+00:00,NVIDIA H200,143771,11101,80,44,56,533.45,76293,2514,73779,1.00,9386,
2026-08-25T22:13:34+00:00,NVIDIA H200,143771,11101,81,44,56,534.72,76293,2515,73778,1.00,9386,
2026-08-25T22:14:04+00:00,NVIDIA H200,143771,11101,76,41,56,536.72,76293,2515,73778,1.00,9386,
2026-08-25T22:14:34+00:00,NVIDIA H200,143771,11101,77,42,55,541.30,76293,2515,73778,1.00,9386,
2026-08-25T22:15:04+00:00,NVIDIA H200,143771,11101,79,43,55,539.52,76293,2514,73779,1.00,9386,
2026-08-25T22:15:34+00:00,NVIDIA H200,143771,11101,84,46,54,557.21,76293,2514,73779,1.00,9386,
2026-08-25T22:16:04+00:00,NVIDIA H200,143771,11101,79,43,55,525.03,76293,2515,73778,1.00,9386,
2026-08-25T22:16:34+00:00,NVIDIA H200,143771,11521,77,42,54,546.65,76293,2514,73778,1.00,9386,
2026-08-25T22:17:04+00:00,NVIDIA H200,143771,11521,77,42,54,525.86,76293,2514,73779,1.00,9386,
2026-08-25T22:17:35+00:00,NVIDIA H200,143771,11521,77,42,54,529.09,76293,2514,73779,1.00,9386,
2026-08-25T22:18:05+00:00,NVIDIA H200,143771,11521,80,44,55,540.70,76293,2514,73779,1.00,9386,
2026-08-25T22:18:35+00:00,NVIDIA H200,143771,11521,78,42,55,542.78,76293,2515,73778,1.08,9386,
2026-08-25T22:19:05+00:00,NVIDIA H200,143771,11521,82,45,56,545.81,76293,2514,73779,1.05,9386,
2026-08-25T22:19:35+00:00,NVIDIA H200,143771,11521,82,45,56,545.42,76293,2515,73778,1.03,9386,
2026-08-25T22:20:05+00:00,NVIDIA H200,143771,11521,80,44,57,542.56,76293,2515,73778,1.02,9386,
2026-08-25T22:20:35+00:00,NVIDIA H200,143771,11521,78,42,56,537.63,76293,2514,73779,1.01,9386,
2026-08-25T22:21:05+00:00,NVIDIA H200,143771,11521,78,42,52,533.71,76293,2514,73779,1.00,9386,
2026-08-25T22:21:36+00:00,NVIDIA H200,143771,11521,79,43,51,545.74,76293,2514,73779,1.00,9386,
2026-08-25T22:22:06+00:00,NVIDIA H200,143771,11941,81,44,49,540.52,76293,2516,73777,0.94,9386,
2026-08-25T22:22:36+00:00,NVIDIA H200,143771,11941,82,45,50,544.11,76293,2515,73777,0.97,9386,
2026-08-25T22:23:06+00:00,NVIDIA H200,143771,11941,81,44,49,527.73,76293,2515,73778,0.98,9386,
2026-08-25T22:23:36+00:00,NVIDIA H200,143771,11941,78,43,48,524.84,76293,2515,73778,1.05,9386,
2026-08-25T22:24:06+00:00,NVIDIA H200,143771,11941,81,44,47,505.32,76293,2515,73778,1.03,9386,
2026-08-25T22:24:36+00:00,NVIDIA H200,143771,11941,79,43,48,518.03,76293,2515,73778,1.16,9386,
2026-08-25T22:25:06+00:00,NVIDIA H200,143771,11941,81,44,50,527.14,76293,2514,73779,1.10,9386,
2026-08-25T22:25:37+00:00,NVIDIA H200,143771,11941,81,44,51,515.93,76293,2514,73779,1.06,9386,
2026-08-25T22:26:07+00:00,NVIDIA H200,143771,11941,83,45,53,536.48,76293,2514,73779,1.03,9386,
2026-08-25T22:26:37+00:00,NVIDIA H200,143771,11941,79,43,54,542.31,76293,2515,73778,1.07,9386,
2026-08-25T22:27:07+00:00,NVIDIA H200,143771,12363,87,48,54,464.49,76293,2517,73776,1.04,9386,
2026-08-25T22:27:37+00:00,NVIDIA H200,143771,12363,79,43,54,527.30,76293,2517,73776,1.08,9386,
2026-08-25T22:28:07+00:00,NVIDIA H200,143771,12363,79,43,54,542.34,76293,2517,73776,1.05,9386,
2026-08-25T22:28:37+00:00,NVIDIA H200,143771,12363,80,43,54,534.47,76293,2515,73778,1.03,9386,
2026-08-25T22:29:07+00:00,NVIDIA H200,143771,12363,82,45,55,542.72,76293,2514,73778,1.07,9386,
2026-08-25T22:29:37+00:00,NVIDIA H200,143771,12363,81,44,55,545.22,76293,2514,73779,1.12,9386,
2026-08-25T22:30:08+00:00,NVIDIA H200,143771,12363,76,41,55,536.77,76293,2515,73778,1.07,9386,
2026-08-25T22:30:38+00:00,NVIDIA H200,143771,12363,80,43,55,534.93,76293,2513,73780,1.04,9386,
2026-08-25T22:31:08+00:00,NVIDIA H200,143771,12363,79,43,55,539.40,76293,2516,73777,1.02,9386,
2026-08-25T22:31:38+00:00,NVIDIA H200,143771,12363,81,44,56,543.89,76293,2516,73777,1.01,9386,
2026-08-25T22:32:08+00:00,NVIDIA H200,143771,12363,83,45,56,547.98,76293,2515,73778,1.00,9386,
2026-08-25T22:32:38+00:00,NVIDIA H200,143771,12783,84,46,55,548.68,76293,2515,73778,1.00,9386,
2026-08-25T22:33:08+00:00,NVIDIA H200,143771,12783,81,44,56,544.78,76293,2515,73778,1.00,9386,
2026-08-25T22:33:38+00:00,NVIDIA H200,143771,12783,77,42,55,538.60,76293,2514,73779,1.00,9386,
2026-08-25T22:34:09+00:00,NVIDIA H200,143771,12783,82,44,56,544.33,76293,2516,73777,1.00,9386,
2026-08-25T22:34:39+00:00,NVIDIA H200,143771,12783,78,42,55,538.02,76293,2515,73778,1.08,9386,
2026-08-25T22:35:09+00:00,NVIDIA H200,143771,12783,80,44,56,541.24,76293,2513,73780,1.12,9386,
2026-08-25T22:35:39+00:00,NVIDIA H200,143771,12783,77,42,56,546.80,76293,2515,73778,1.07,9386,
2026-08-25T22:36:09+00:00,NVIDIA H200,143771,12783,80,43,57,540.02,76293,2515,73778,1.04,9386,
2026-08-25T22:36:39+00:00,NVIDIA H200,143771,12783,82,44,57,549.08,76293,2515,73778,1.03,9386,
2026-08-25T22:37:09+00:00,NVIDIA H200,143771,12783,83,45,56,544.62,76293,2514,73779,1.02,9386,
2026-08-25T22:37:39+00:00,NVIDIA H200,143771,12783,82,45,56,538.04,76293,2514,73779,1.01,9386,
2026-08-25T22:38:10+00:00,NVIDIA H200,143771,13149,82,45,55,543.41,76293,2515,73778,1.08,9386,
2026-08-25T22:38:40+00:00,NVIDIA H200,143771,13149,80,43,56,537.73,76293,2515,73778,1.05,9386,
2026-08-25T22:39:10+00:00,NVIDIA H200,143771,13149,79,43,55,537.37,76293,2514,73779,1.03,9386,
2026-08-25T22:39:40+00:00,NVIDIA H200,143771,13149,82,45,55,544.31,76293,2514,73779,1.16,9386,
2026-08-25T22:40:10+00:00,NVIDIA H200,143771,13149,81,44,56,544.68,76293,2515,73778,1.33,9386,
2026-08-25T22:40:40+00:00,NVIDIA H200,143771,13149,78,42,56,531.77,76293,2515,73778,1.20,9386,
2026-08-25T22:41:10+00:00,NVIDIA H200,143771,13149,80,44,55,532.45,76293,2514,73779,1.19,9386,
2026-08-25T22:41:40+00:00,NVIDIA H200,143771,13149,80,43,56,536.94,76293,2515,73778,1.17,9386,
2026-08-25T22:42:11+00:00,NVIDIA H200,143771,13149,78,42,56,542.29,76293,2515,73778,1.17,9386,
2026-08-25T22:42:41+00:00,NVIDIA H200,143771,13149,79,43,56,547.94,76293,2516,73777,1.10,9386,
2026-08-25T22:43:11+00:00,NVIDIA H200,143771,13569,77,42,56,509.21,76293,2515,73778,1.06,9386,
2026-08-25T22:43:41+00:00,NVIDIA H200,143771,13569,82,45,56,518.83,76293,2515,73778,1.04,9386,
2026-08-25T22:44:11+00:00,NVIDIA H200,143771,13569,79,43,57,534.75,76293,2515,73778,1.10,9386,
2026-08-25T22:44:41+00:00,NVIDIA H200,143771,13569,79,43,56,544.33,76293,2515,73778,1.06,9386,
2026-08-25T22:45:11+00:00,NVIDIA H200,143771,13569,80,43,55,538.28,76293,2515,73778,1.04,9386,
2026-08-25T22:45:41+00:00,NVIDIA H200,143771,13569,81,44,54,537.45,76293,2515,73778,1.02,9386,
2026-08-25T22:46:12+00:00,NVIDIA H200,143771,13569,79,43,54,532.62,76293,2516,73777,1.06,9386,
2026-08-25T22:46:42+00:00,NVIDIA H200,143771,13569,82,45,54,537.04,76293,2515,73778,1.03,9386,
2026-08-25T22:47:12+00:00,NVIDIA H200,143771,13569,78,43,53,537.98,76293,2515,73778,1.02,9386,
2026-08-25T22:47:42+00:00,NVIDIA H200,143771,13569,78,43,52,547.56,76293,2515,73778,1.01,9386,
2026-08-25T22:48:12+00:00,NVIDIA H200,143771,13569,80,43,53,533.67,76293,2516,73777,1.00,9386,
2026-08-25T22:48:42+00:00,NVIDIA H200,143771,13989,79,43,54,530.17,76293,2515,73778,1.07,9386,
2026-08-25T22:49:12+00:00,NVIDIA H200,143771,13989,75,41,54,503.53,76293,2515,73778,1.04,9386,
2026-08-25T22:49:42+00:00,NVIDIA H200,143771,13989,76,41,54,505.09,76293,2515,73778,0.97,9386,
2026-08-25T22:50:13+00:00,NVIDIA H200,143771,13989,78,42,54,527.33,76293,2515,73778,0.98,9386,
2026-08-25T22:50:43+00:00,NVIDIA H200,143771,13989,80,44,54,534.74,76293,2514,73779,0.99,9386,
2026-08-25T22:51:13+00:00,NVIDIA H200,143771,13989,77,42,53,520.82,76293,2516,73777,1.07,9386,
2026-08-25T22:51:43+00:00,NVIDIA H200,143771,13989,79,43,53,525.67,76293,2516,73777,1.04,9386,
2026-08-25T22:52:13+00:00,NVIDIA H200,143771,13989,79,43,54,512.46,76293,2516,73776,1.13,9386,
2026-08-25T22:52:43+00:00,NVIDIA H200,143771,13989,82,45,53,529.95,76293,2516,73776,1.08,9386,
2026-08-25T22:53:13+00:00,NVIDIA H200,143771,13989,80,43,54,533.77,76293,2516,73777,1.11,9386,
2026-08-25T22:53:43+00:00,NVIDIA H200,143771,13989,78,42,54,536.34,76293,2516,73776,1.07,9386,
2026-08-25T22:54:14+00:00,NVIDIA H200,143771,14355,78,43,55,539.69,76293,2517,73776,1.04,9386,
2026-08-25T22:54:44+00:00,NVIDIA H200,143771,14355,82,45,56,545.29,76293,2519,73774,1.10,9386,
2026-08-25T22:55:14+00:00,NVIDIA H200,143771,14355,81,44,57,546.10,76293,2518,73775,1.06,9386,
2026-08-25T22:55:44+00:00,NVIDIA H200,143771,14355,78,43,57,536.43,76293,2519,73774,1.03,9386,
2026-08-25T22:56:14+00:00,NVIDIA H200,143771,14355,83,45,56,545.17,76293,2520,73772,1.02,9386,
2026-08-25T22:56:44+00:00,NVIDIA H200,143771,14355,81,44,57,536.74,76293,2520,73773,1.01,9386,
2026-08-25T22:57:14+00:00,NVIDIA H200,143771,14355,77,42,56,520.29,76293,2520,73773,1.00,9386,
2026-08-25T22:57:44+00:00,NVIDIA H200,143771,14355,77,42,56,534.26,76293,2520,73773,1.00,9386,
2026-08-25T22:58:15+00:00,NVIDIA H200,143771,14355,81,44,56,536.23,76293,2521,73772,0.95,9386,
2026-08-25T22:58:45+00:00,NVIDIA H200,143771,14355,80,44,54,534.93,76293,2521,73772,0.97,9386,
2026-08-25T22:59:15+00:00,NVIDIA H200,143771,14777,82,45,52,526.12,76293,2521,73772,0.98,9386,
2026-08-25T22:59:45+00:00,NVIDIA H200,143771,14777,79,43,52,541.82,76293,2521,73772,0.99,9386,
2026-08-25T23:00:15+00:00,NVIDIA H200,143771,14777,79,43,52,537.23,76293,2523,73770,1.00,9386,
2026-08-25T23:00:45+00:00,NVIDIA H200,143771,14777,76,42,51,516.51,76293,2522,73771,1.00,9386,
2026-08-25T23:01:15+00:00,NVIDIA H200,143771,14777,82,45,51,534.54,76293,2523,73770,1.00,9386,
2026-08-25T23:01:45+00:00,NVIDIA H200,143771,14777,80,44,51,541.85,76293,2524,73769,1.00,9386,
2026-08-25T23:02:16+00:00,NVIDIA H200,143771,14777,84,46,51,531.71,76293,2526,73767,1.00,9386,
2026-08-25T23:02:46+00:00,NVIDIA H200,143771,14777,80,43,53,545.86,76293,2524,73769,1.00,9386,
2026-08-25T23:03:16+00:00,NVIDIA H200,143771,14777,77,42,54,547.90,76293,2524,73769,1.00,9386,
2026-08-25T23:03:46+00:00,NVIDIA H200,143771,14777,80,43,55,537.60,76293,2525,73768,1.06,9386,
2026-08-25T23:04:16+00:00,NVIDIA H200,143771,14777,81,44,56,548.71,76293,2525,73768,1.03,9386,
2026-08-25T23:04:46+00:00,NVIDIA H200,143771,15197,81,44,55,537.66,76293,2527,73766,1.02,9386,
2026-08-25T23:05:16+00:00,NVIDIA H200,143771,15197,81,44,56,552.85,76293,2526,73767,1.01,9386,
2026-08-25T23:05:46+00:00,NVIDIA H200,143771,15197,77,42,55,548.58,76293,2527,73766,1.08,9386,
2026-08-25T23:06:17+00:00,NVIDIA H200,143771,15197,79,43,56,541.18,76293,2528,73765,1.05,9386,
2026-08-25T23:06:47+00:00,NVIDIA H200,143771,15197,80,44,56,535.66,76293,2528,73765,1.03,9386,
2026-08-25T23:07:17+00:00,NVIDIA H200,143771,15197,79,43,56,539.39,76293,2528,73764,1.02,9386,
2026-08-25T23:07:47+00:00,NVIDIA H200,143771,15197,78,42,56,533.29,76293,2529,73764,1.01,9386,
2026-08-25T23:08:17+00:00,NVIDIA H200,143771,15197,81,44,57,550.76,76293,2530,73763,1.00,9386,
2026-08-25T23:08:47+00:00,NVIDIA H200,143771,15197,82,45,57,547.80,76293,2531,73762,1.00,9386,
2026-08-25T23:09:17+00:00,NVIDIA H200,143771,15197,81,44,56,539.37,76293,2531,73762,1.00,9386,
2026-08-25T23:09:47+00:00,NVIDIA H200,143771,15197,82,45,56,532.81,76293,2531,73762,1.00,9386,
2026-08-25T23:10:18+00:00,NVIDIA H200,143771,15617,78,42,56,536.45,76293,2531,73762,1.00,9386,
2026-08-25T23:10:48+00:00,NVIDIA H200,143771,15617,77,42,55,547.03,76293,2531,73762,1.00,9386,
2026-08-25T23:11:18+00:00,NVIDIA H200,143771,15617,81,44,56,542.62,76293,2532,73761,1.00,9386,
2026-08-25T23:11:48+00:00,NVIDIA H200,143771,15617,81,44,55,549.20,76293,2532,73760,1.00,9386,
2026-08-25T23:12:18+00:00,NVIDIA H200,143771,15617,79,43,55,543.86,76293,2533,73760,1.00,9386,
2026-08-25T23:12:48+00:00,NVIDIA H200,143771,15617,81,44,56,540.01,76293,2533,73760,1.00,9386,
2026-08-25T23:13:18+00:00,NVIDIA H200,143771,15617,76,41,56,524.07,76293,2533,73760,0.94,9386,
2026-08-25T23:13:48+00:00,NVIDIA H200,143771,15617,80,43,56,532.06,76293,2534,73759,0.89,9386,
2026-08-25T23:14:19+00:00,NVIDIA H200,143771,15617,75,41,56,496.48,76293,2534,73759,0.93,9386,
2026-08-25T23:14:49+00:00,NVIDIA H200,143771,15617,68,37,55,534.01,76293,2535,73758,1.10,9386,
2026-08-25T23:15:19+00:00,NVIDIA H200,143771,16037,84,46,57,536.51,76293,2535,73758,1.12,9386,
2026-08-25T23:15:49+00:00,NVIDIA H200,143771,16037,79,43,55,535.84,76293,2535,73758,1.07,9386,
2026-08-25T23:16:19+00:00,NVIDIA H200,143771,16037,79,43,51,532.40,76293,2536,73757,1.04,9386,
2026-08-25T23:16:49+00:00,NVIDIA H200,143771,16037,82,45,50,525.61,76293,2536,73757,1.02,9386,
2026-08-25T23:17:19+00:00,NVIDIA H200,143771,16037,76,41,49,538.22,76293,2536,73757,1.01,9386,
2026-08-25T23:17:49+00:00,NVIDIA H200,143771,16037,81,44,49,523.61,76293,2536,73757,1.12,9386,
2026-08-25T23:18:20+00:00,NVIDIA H200,143771,16037,79,43,48,518.67,76293,2537,73756,1.07,9386,
2026-08-25T23:18:50+00:00,NVIDIA H200,143771,16037,77,42,47,531.09,76293,2537,73756,1.04,9386,
2026-08-25T23:19:20+00:00,NVIDIA H200,143771,16037,78,42,47,524.93,76293,2537,73756,1.02,9386,
2026-08-25T23:19:50+00:00,NVIDIA H200,143771,16037,77,42,48,513.31,76293,2538,73755,1.01,9386,
2026-08-25T23:20:20+00:00,NVIDIA H200,143771,16037,78,42,49,522.45,76293,2539,73754,1.01,9386,
2026-08-25T23:20:50+00:00,NVIDIA H200,143771,16459,77,42,50,507.52,76293,2539,73754,1.00,9386,
2026-08-25T23:21:20+00:00,NVIDIA H200,143771,16459,79,43,53,522.18,76293,2539,73754,1.00,9386,
2026-08-25T23:21:50+00:00,NVIDIA H200,143771,16459,81,44,52,531.25,76293,2539,73754,1.00,9386,
2026-08-25T23:22:21+00:00,NVIDIA H200,143771,16459,77,42,53,535.01,76293,2541,73752,1.15,9386,
2026-08-25T23:22:51+00:00,NVIDIA H200,143771,16459,79,43,54,528.43,76293,2540,73753,1.29,9386,
2026-08-25T23:23:21+00:00,NVIDIA H200,143771,16459,79,43,54,534.74,76293,2541,73752,1.24,9386,
2026-08-25T23:23:51+00:00,NVIDIA H200,143771,16459,81,44,55,546.49,76293,2541,73752,1.14,9386,
2026-08-25T23:24:21+00:00,NVIDIA H200,143771,16459,76,41,55,522.23,76293,2542,73751,1.08,9386,
2026-08-25T23:24:51+00:00,NVIDIA H200,143771,16459,77,42,55,533.72,76293,2543,73750,1.21,9386,
2026-08-25T23:25:21+00:00,NVIDIA H200,143771,16459,80,44,56,551.68,76293,2543,73750,1.13,9386,
2026-08-25T23:25:51+00:00,NVIDIA H200,143771,16459,80,43,56,543.04,76293,2543,73750,1.08,9386,
2026-08-25T23:26:21+00:00,NVIDIA H200,143771,16823,76,41,55,537.74,76293,2544,73749,1.04,9386,
2026-08-25T23:26:52+00:00,NVIDIA H200,143771,16823,80,44,56,540.37,76293,2544,73749,1.03,9386,
2026-08-25T23:27:22+00:00,NVIDIA H200,143771,16823,74,40,57,537.69,76293,2544,73749,1.01,9386,
2026-08-25T23:27:52+00:00,NVIDIA H200,143771,16823,83,45,56,547.42,76293,2543,73750,1.01,9386,
2026-08-25T23:28:22+00:00,NVIDIA H200,143771,16823,76,41,56,543.46,76293,2545,73748,1.00,9386,
2026-08-25T23:28:52+00:00,NVIDIA H200,143771,16823,77,42,55,542.35,76293,2546,73747,1.00,9386,
2026-08-25T23:29:22+00:00,NVIDIA H200,143771,16823,78,43,55,545.10,76293,2546,73747,1.00,9386,
2026-08-25T23:29:52+00:00,NVIDIA H200,143771,16823,78,42,55,528.32,76293,2547,73746,1.00,9386,
2026-08-25T23:30:22+00:00,NVIDIA H200,143771,16823,82,44,55,546.82,76293,2547,73746,1.00,9386,
2026-08-25T23:30:53+00:00,NVIDIA H200,143771,16823,75,41,54,522.76,76293,2548,73745,1.13,9386,
2026-08-25T23:31:23+00:00,NVIDIA H200,143771,17245,83,45,54,528.36,76293,2549,73744,1.32,9386,
2026-08-25T23:31:53+00:00,NVIDIA H200,143771,17245,85,46,54,539.08,76293,2549,73744,1.19,9386,
2026-08-25T23:32:23+00:00,NVIDIA H200,143771,17245,75,41,55,519.76,76293,2550,73743,1.54,9386,
2026-08-25T23:32:53+00:00,NVIDIA H200,143771,17245,79,43,54,532.90,76293,2550,73743,1.33,9386,
2026-08-25T23:33:23+00:00,NVIDIA H200,143771,17245,79,43,56,552.78,76293,2551,73742,1.20,9386,
2026-08-25T23:33:53+00:00,NVIDIA H200,143771,17245,79,43,56,521.34,76293,2551,73742,1.12,9386,
2026-08-25T23:34:23+00:00,NVIDIA H200,143771,17245,79,43,57,528.77,76293,2552,73741,1.07,9386,
2026-08-25T23:34:54+00:00,NVIDIA H200,143771,17245,80,43,57,539.08,76293,2551,73742,1.04,9386,
2026-08-25T23:35:24+00:00,NVIDIA H200,143771,17245,82,45,57,544.65,76293,2552,73741,1.02,9386,
2026-08-25T23:35:54+00:00,NVIDIA H200,143771,17245,76,41,57,518.11,76293,2552,73741,1.01,9386,
2026-08-25T23:36:24+00:00,NVIDIA H200,143771,17245,79,43,56,537.70,76293,2553,73740,1.01,9386,
2026-08-25T23:36:54+00:00,NVIDIA H200,143771,17665,81,44,53,546.65,76293,2553,73740,1.00,9386,
2026-08-25T23:37:24+00:00,NVIDIA H200,143771,17665,80,43,52,524.10,76293,2553,73740,1.00,9386,
2026-08-25T23:37:54+00:00,NVIDIA H200,143771,17665,80,44,51,530.47,76293,2553,73740,1.00,9386,
2026-08-25T23:38:24+00:00,NVIDIA H200,143771,17665,78,42,51,537.01,76293,2555,73738,1.00,9386,
2026-08-25T23:38:55+00:00,NVIDIA H200,143771,17665,78,42,51,536.41,76293,2553,73740,1.00,9386,
2026-08-25T23:39:25+00:00,NVIDIA H200,143771,17665,80,43,50,539.20,76293,2554,73739,1.00,9386,
2026-08-25T23:39:55+00:00,NVIDIA H200,143771,17665,82,45,51,529.88,76293,2555,73738,0.94,9386,
2026-08-25T23:40:25+00:00,NVIDIA H200,143771,17665,82,44,52,532.04,76293,2556,73737,0.96,9386,
2026-08-25T23:40:55+00:00,NVIDIA H200,143771,17665,79,43,53,548.29,76293,2555,73738,0.93,9386,
2026-08-25T23:41:25+00:00,NVIDIA H200,143771,17665,76,41,54,507.20,76293,2557,73736,1.02,9386,
2026-08-25T23:41:55+00:00,NVIDIA H200,143771,17665,79,43,55,539.11,76293,2557,73736,1.01,9386,
2026-08-25T23:42:25+00:00,NVIDIA H200,143771,18085,80,43,56,536.07,76293,2559,73734,1.07,9386,
2026-08-25T23:42:56+00:00,NVIDIA H200,143771,18085,79,43,56,543.35,76293,2558,73735,1.04,9386,
2026-08-25T23:43:26+00:00,NVIDIA H200,143771,18085,79,43,56,533.82,76293,2559,73734,1.02,9386,
2026-08-25T23:43:56+00:00,NVIDIA H200,143771,18085,82,45,57,537.58,76293,2560,73733,1.09,9386,
2026-08-25T23:44:26+00:00,NVIDIA H200,143771,18085,81,44,57,553.85,76293,2562,73731,1.06,9386,
2026-08-25T23:44:56+00:00,NVIDIA H200,143771,18085,79,43,57,539.93,76293,2561,73732,1.08,9386,
2026-08-25T23:45:26+00:00,NVIDIA H200,143771,18085,78,42,56,546.30,76293,2563,73730,1.05,9386,
2026-08-25T23:45:56+00:00,NVIDIA H200,143771,18085,80,43,57,536.11,76293,2563,73730,1.10,9386,
2026-08-25T23:46:26+00:00,NVIDIA H200,143771,18085,81,44,56,547.44,76293,2563,73730,1.11,9386,
2026-08-25T23:46:57+00:00,NVIDIA H200,143771,18085,81,44,56,547.75,76293,2561,73732,1.07,9386,
2026-08-25T23:47:27+00:00,NVIDIA H200,143771,18505,82,44,55,549.02,76293,2562,73731,1.04,9386,
2026-08-25T23:47:57+00:00,NVIDIA H200,143771,18505,78,42,54,552.15,76293,2563,73730,1.02,9386,
2026-08-25T23:48:27+00:00,NVIDIA H200,143771,18505,80,43,54,531.80,76293,2565,73728,1.01,9386,
2026-08-25T23:48:57+00:00,NVIDIA H200,143771,18505,78,43,54,528.73,76293,2566,73727,1.01,9386,
2026-08-25T23:49:27+00:00,NVIDIA H200,143771,18505,83,45,53,534.20,76293,2566,73727,1.00,9386,
2026-08-25T23:49:57+00:00,NVIDIA H200,143771,18505,81,44,53,537.39,76293,2564,73729,1.00,9386,
2026-08-25T23:50:27+00:00,NVIDIA H200,143771,18505,82,45,54,539.91,76293,2564,73729,1.00,9386,
2026-08-25T23:50:58+00:00,NVIDIA H200,143771,18505,77,42,54,537.56,76293,2564,73729,1.00,9386,
2026-08-25T23:51:28+00:00,NVIDIA H200,143771,18505,78,42,55,545.15,76293,2565,73728,1.00,9386,
2026-08-25T23:51:58+00:00,NVIDIA H200,143771,18505,77,42,56,536.36,76293,2565,73727,1.00,9386,
2026-08-25T23:52:28+00:00,NVIDIA H200,143771,18505,77,42,56,533.52,76293,2568,73725,1.00,9386,
2026-08-25T23:52:58+00:00,NVIDIA H200,143771,18873,79,43,57,548.43,76293,2567,73726,1.00,9386,
2026-08-25T23:53:28+00:00,NVIDIA H200,143771,18873,78,42,57,539.34,76293,2568,73725,1.05,9386,
2026-08-25T23:53:58+00:00,NVIDIA H200,143771,18873,79,43,57,539.72,76293,2567,73726,1.03,9386,
2026-08-25T23:54:28+00:00,NVIDIA H200,143771,18873,78,43,54,536.70,76293,2569,73724,1.02,9386,
2026-08-25T23:54:59+00:00,NVIDIA H200,143771,18873,81,44,51,532.29,76293,2568,73725,1.01,9386,
2026-08-25T23:55:29+00:00,NVIDIA H200,143771,18873,78,42,50,540.97,76293,2569,73724,1.00,9386,
2026-08-25T23:55:59+00:00,NVIDIA H200,143771,18873,79,43,49,517.33,76293,2569,73723,1.08,9386,
2026-08-25T23:56:29+00:00,NVIDIA H200,143771,18873,80,43,48,519.51,76293,2570,73723,1.23,9386,
2026-08-25T23:56:59+00:00,NVIDIA H200,143771,18873,82,45,48,518.56,76293,2569,73724,1.14,9386,
2026-08-25T23:57:29+00:00,NVIDIA H200,143771,18873,78,42,47,518.43,76293,2570,73723,1.08,9386,
2026-08-25T23:57:59+00:00,NVIDIA H200,143771,18873,78,42,46,528.22,76293,2570,73723,1.05,9386,
2026-08-25T23:58:29+00:00,NVIDIA H200,143771,19293,78,42,48,532.70,76293,2571,73721,1.25,9386,
2026-08-25T23:59:00+00:00,NVIDIA H200,143771,19293,79,43,50,517.88,76293,2571,73722,1.15,9386,
2026-08-25T23:59:30+00:00,NVIDIA H200,143771,19293,81,44,52,523.83,76293,2572,73721,1.09,9386,
2026-08-26T00:00:00+00:00,NVIDIA H200,143771,19293,79,43,52,530.41,76293,2571,73721,1.05,9386,
2026-08-26T00:00:30+00:00,NVIDIA H200,143771,19293,77,42,52,532.06,76293,2573,73720,1.03,9386,
2026-08-26T00:01:00+00:00,NVIDIA H200,143771,19293,77,41,53,525.82,76293,2572,73721,1.02,9386,
2026-08-26T00:01:30+00:00,NVIDIA H200,143771,19293,77,42,54,534.81,76293,2573,73720,1.01,9386,
2026-08-26T00:02:00+00:00,NVIDIA H200,143771,19293,79,43,55,530.54,76293,2574,73719,1.00,9386,
2026-08-26T00:02:30+00:00,NVIDIA H200,143771,19293,76,41,55,540.20,76293,2575,73718,1.00,9386,
2026-08-26T00:03:01+00:00,NVIDIA H200,143771,19293,79,43,55,528.46,76293,2575,73718,1.00,9386,
2026-08-26T00:03:31+00:00,NVIDIA H200,143771,19713,80,43,55,540.78,76293,2575,73718,1.00,9386,
2026-08-26T00:04:01+00:00,NVIDIA H200,143771,19713,80,43,55,535.14,76293,2576,73717,1.00,9386,
2026-08-26T00:04:31+00:00,NVIDIA H200,143771,19713,80,44,55,554.41,76293,2576,73717,0.93,9386,
2026-08-26T00:05:01+00:00,NVIDIA H200,143771,19713,80,43,56,539.75,76293,2575,73718,1.12,9386,
2026-08-26T00:05:31+00:00,NVIDIA H200,143771,19713,80,43,56,540.75,76293,2576,73717,1.07,9386,
2026-08-26T00:06:01+00:00,NVIDIA H200,143771,19713,80,43,56,542.82,76293,2577,73716,1.04,9386,
2026-08-26T00:06:31+00:00,NVIDIA H200,143771,19713,77,42,55,538.89,76293,2577,73716,1.03,9386,
2026-08-26T00:07:02+00:00,NVIDIA H200,143771,19713,78,42,55,547.33,76293,2578,73715,0.96,9386,
2026-08-26T00:07:32+00:00,NVIDIA H200,143771,19713,80,43,55,536.71,76293,2577,73715,0.98,9386,
2026-08-26T00:08:02+00:00,NVIDIA H200,143771,19713,82,45,55,530.84,76293,2578,73715,0.99,9386,
2026-08-26T00:08:32+00:00,NVIDIA H200,143771,19713,79,43,55,536.71,76293,2580,73713,1.06,9386,
2026-08-26T00:09:02+00:00,NVIDIA H200,143771,20133,81,44,55,538.64,76293,2583,73710,1.04,9386,
2026-08-26T00:09:32+00:00,NVIDIA H200,143771,20133,80,43,54,540.98,76293,2582,73711,1.02,9386,
2026-08-26T00:10:02+00:00,NVIDIA H200,143771,20133,77,42,54,547.83,76293,2583,73710,1.06,9386,
2026-08-26T00:10:32+00:00,NVIDIA H200,143771,20133,77,42,55,527.40,76293,2583,73710,1.04,9386,
2026-08-26T00:11:03+00:00,NVIDIA H200,143771,20133,79,43,56,542.00,76293,2583,73710,1.02,9386,
2026-08-26T00:11:33+00:00,NVIDIA H200,143771,20133,76,41,56,527.13,76293,2583,73710,1.01,9386,
2026-08-26T00:12:03+00:00,NVIDIA H200,143771,20133,83,45,56,543.23,76293,2584,73709,1.15,9386,
2026-08-26T00:12:33+00:00,NVIDIA H200,143771,20133,79,43,56,541.20,76293,2585,73708,1.09,9386,
2026-08-26T00:13:03+00:00,NVIDIA H200,143771,20133,82,44,55,525.26,76293,2585,73708,1.05,9386,
2026-08-26T00:13:33+00:00,NVIDIA H200,143771,20133,81,44,55,540.93,76293,2585,73708,0.98,9386,
2026-08-26T00:14:03+00:00,NVIDIA H200,143771,20133,84,46,56,524.85,76293,2586,73707,0.99,9386,
2026-08-26T00:14:33+00:00,NVIDIA H200,143771,20553,79,43,56,542.06,76293,2589,73704,0.99,9386,
2026-08-26T00:15:04+00:00,NVIDIA H200,143771,20553,77,42,57,529.22,76293,2588,73705,1.00,9386,
2026-08-26T00:15:34+00:00,NVIDIA H200,143771,20553,77,42,57,539.56,76293,2589,73704,1.00,9386,
2026-08-26T00:16:04+00:00,NVIDIA H200,143771,20553,78,43,56,539.70,76293,2590,73703,1.00,9386,
2026-08-26T00:16:34+00:00,NVIDIA H200,143771,20553,83,45,56,552.10,76293,2590,73703,1.00,9386,
2026-08-26T00:17:04+00:00,NVIDIA H200,143771,20553,80,44,56,552.13,76293,2590,73703,1.07,9386,
2026-08-26T00:17:34+00:00,NVIDIA H200,143771,20553,81,44,56,547.76,76293,2591,73702,1.04,9386,
2026-08-26T00:18:04+00:00,NVIDIA H200,143771,20553,78,42,55,537.01,76293,2591,73702,1.02,9386,
2026-08-26T00:18:34+00:00,NVIDIA H200,143771,20553,79,43,56,548.56,76293,2591,73702,1.01,9386,
2026-08-26T00:19:05+00:00,NVIDIA H200,143771,20553,78,42,55,537.81,76293,2591,73701,1.01,9386,
2026-08-26T00:19:35+00:00,NVIDIA H200,143771,20973,85,46,55,394.61,76293,2593,73700,1.00,9386,
2026-08-26T00:20:05+00:00,NVIDIA H200,143771,20973,79,43,56,541.20,76293,2593,73700,1.00,9386,
2026-08-26T00:20:35+00:00,NVIDIA H200,143771,20973,81,44,57,548.16,76293,2594,73699,1.00,9386,
2026-08-26T00:21:05+00:00,NVIDIA H200,143771,20973,78,43,57,532.71,76293,2594,73699,1.00,9386,
2026-08-26T00:21:35+00:00,NVIDIA H200,143771,20973,73,40,56,526.35,76293,2595,73698,1.07,9386,
2026-08-26T00:22:05+00:00,NVIDIA H200,143771,20973,79,43,56,536.05,76293,2595,73698,1.04,9386,
2026-08-26T00:22:35+00:00,NVIDIA H200,143771,20973,82,45,56,531.43,76293,2596,73697,1.02,9386,
2026-08-26T00:23:06+00:00,NVIDIA H200,143771,20973,79,43,55,522.36,76293,2596,73697,1.01,9386,
2026-08-26T00:23:36+00:00,NVIDIA H200,143771,20973,76,41,54,523.97,76293,2596,73697,1.01,9386,
2026-08-26T00:24:06+00:00,NVIDIA H200,143771,20973,77,42,53,537.89,76293,2597,73696,1.00,9386,
2026-08-26T00:24:36+00:00,NVIDIA H200,143771,20973,76,42,52,541.95,76293,2597,73696,1.00,9386,
2026-08-26T00:25:06+00:00,NVIDIA H200,143771,21341,79,43,52,511.67,76293,2597,73696,1.07,9386,
2026-08-26T00:25:36+00:00,NVIDIA H200,143771,21341,80,43,52,515.46,76293,2597,73695,1.04,9386,
2026-08-26T00:26:06+00:00,NVIDIA H200,143771,21341,80,43,52,520.27,76293,2599,73694,1.11,9386,
2026-08-26T00:26:36+00:00,NVIDIA H200,143771,21341,78,42,53,528.67,76293,2600,73693,1.14,9386,
2026-08-26T00:27:06+00:00,NVIDIA H200,143771,21341,82,45,55,545.33,76293,2599,73694,1.08,9386,
2026-08-26T00:27:37+00:00,NVIDIA H200,143771,21341,80,44,55,544.00,76293,2598,73694,1.05,9386,
2026-08-26T00:28:07+00:00,NVIDIA H200,143771,21341,82,45,55,542.31,76293,2600,73693,1.03,9386,
2026-08-26T00:28:37+00:00,NVIDIA H200,143771,21341,79,43,56,535.00,76293,2601,73692,1.02,9386,
2026-08-26T00:29:07+00:00,NVIDIA H200,143771,21341,80,43,56,537.14,76293,2601,73692,1.01,9386,
2026-08-26T00:29:37+00:00,NVIDIA H200,143771,21341,77,42,54,538.20,76293,2601,73692,1.00,9386,
2026-08-26T00:30:07+00:00,NVIDIA H200,143771,21341,83,45,55,538.71,76293,2602,73691,1.00,9386,
2026-08-26T00:30:37+00:00,NVIDIA H200,143771,21341,0,0,40,121.22,76293,4265,72028,8.30,9386,
2026-08-26T00:31:07+00:00,NVIDIA H200,143771,21341,0,0,37,119.40,76293,4088,72205,19.09,9386,
2026-08-26T00:31:38+00:00,NVIDIA H200,143771,21341,0,0,36,118.72,76293,4088,72205,27.72,9386,
2026-08-26T00:32:08+00:00,NVIDIA H200,143771,21341,10,0,35,136.42,76293,4328,71964,24.09,9386,
2026-08-26T00:32:38+00:00,NVIDIA H200,143771,1065,10,0,35,132.79,76293,4328,71965,14.99,9386,
2026-08-26T00:33:08+00:00,NVIDIA H200,143771,1065,10,0,35,131.82,76293,4327,71966,9.48,9386,
2026-08-26T00:33:38+00:00,NVIDIA H200,143771,1065,10,0,35,134.41,76293,4328,71965,6.14,9386,
2026-08-26T00:34:08+00:00,NVIDIA H200,143771,1065,10,0,36,135.04,76293,4329,71964,4.27,9386,
2026-08-26T00:34:38+00:00,NVIDIA H200,143771,1065,11,0,36,132.35,76293,4328,71965,2.98,9386,
2026-08-26T00:35:08+00:00,NVIDIA H200,143771,1065,10,0,36,134.64,76293,4327,71966,2.25,9386,
2026-08-26T00:35:39+00:00,NVIDIA H200,143771,1065,10,0,36,134.50,76293,4328,71965,1.69,9386,
2026-08-26T00:36:09+00:00,NVIDIA H200,143771,1065,10,0,36,133.63,76293,2609,73684,1.49,9386,
2026-08-26T00:36:39+00:00,NVIDIA H200,143771,1065,10,0,36,134.00,76293,2607,73686,1.17,9386,
2026-08-26T00:37:09+00:00,NVIDIA H200,143771,1065,10,0,36,133.53,76293,2607,73686,1.10,9386,
2026-08-26T00:37:39+00:00,NVIDIA H200,143771,1065,10,0,34,132.62,76293,2608,73685,1.06,9386,
2026-08-26T00:38:09+00:00,NVIDIA H200,143771,1065,10,0,33,130.31,76293,2608,73685,1.04,9386,
2026-08-26T00:38:39+00:00,NVIDIA H200,143771,1065,10,0,33,132.78,76293,2608,73685,1.02,9386,
2026-08-26T00:39:09+00:00,NVIDIA H200,143771,1065,10,0,32,132.22,76293,2607,73686,1.01,9386,
2026-08-26T00:39:40+00:00,NVIDIA H200,143771,1065,11,0,31,132.68,76293,2608,73685,1.09,9386,
2026-08-26T00:40:10+00:00,NVIDIA H200,143771,1065,10,0,31,130.46,76293,2607,73686,1.05,9386,
2026-08-26T00:40:40+00:00,NVIDIA H200,143771,1065,10,0,30,130.65,76293,2607,73686,1.03,9386,
2026-08-26T00:41:10+00:00,NVIDIA H200,143771,1065,10,0,30,131.23,76293,2607,73686,1.07,9386,
2026-08-26T00:41:40+00:00,NVIDIA H200,143771,1065,9,0,31,130.04,76293,2607,73685,1.10,9386,
2026-08-26T00:42:10+00:00,NVIDIA H200,143771,1065,10,0,32,132.76,76293,2608,73685,1.06,9386,
2026-08-26T00:42:40+00:00,NVIDIA H200,143771,1065,10,0,33,133.26,76293,2608,73685,0.97,9386,
2026-08-26T00:43:10+00:00,NVIDIA H200,143771,1065,10,0,34,133.80,76293,2607,73686,0.92,9386,
2026-08-26T00:43:41+00:00,NVIDIA H200,143771,1065,10,0,34,133.46,76293,2607,73686,0.94,9386,
2026-08-26T00:44:11+00:00,NVIDIA H200,143771,1065,10,0,34,133.34,76293,2608,73685,0.97,9386,
2026-08-26T00:44:41+00:00,NVIDIA H200,143771,1065,10,0,34,132.24,76293,2608,73685,0.98,9386,
2026-08-26T00:45:11+00:00,NVIDIA H200,143771,1065,10,0,34,131.93,76293,2607,73686,0.99,9386,
2026-08-26T00:45:41+00:00,NVIDIA H200,143771,1065,10,0,34,131.59,76293,2608,73685,1.06,9386,
2026-08-26T00:46:11+00:00,NVIDIA H200,143771,1065,10,0,34,131.49,76293,2609,73684,0.98,9386,
2026-08-26T00:46:41+00:00,NVIDIA H200,143771,1065,10,0,35,132.50,76293,2609,73684,0.92,9386,
2026-08-26T00:47:11+00:00,NVIDIA H200,143771,1065,11,0,35,134.40,76293,2608,73685,0.95,9386,
2026-08-26T00:47:42+00:00,NVIDIA H200,143771,1065,11,0,35,131.77,76293,2610,73683,0.97,9386,
2026-08-26T00:48:12+00:00,NVIDIA H200,143771,1065,10,0,35,133.49,76293,2609,73684,1.16,9386,
2026-08-26T00:48:42+00:00,NVIDIA H200,143771,1065,10,0,35,132.16,76293,2608,73685,1.16,9386,
2026-08-26T00:49:12+00:00,NVIDIA H200,143771,1065,10,0,35,135.61,76293,2608,73685,1.09,9386,
2026-08-26T00:49:42+00:00,NVIDIA H200,143771,1065,10,0,35,132.00,76293,2608,73685,1.06,9386,
2026-08-26T00:50:12+00:00,NVIDIA H200,143771,1065,10,0,35,131.79,76293,2609,73683,1.03,9386,
2026-08-26T00:50:42+00:00,NVIDIA H200,143771,1065,10,0,34,132.75,76293,2608,73685,1.02,9386,
2026-08-26T00:51:12+00:00,NVIDIA H200,143771,1065,10,0,35,132.75,76293,2608,73685,1.16,9386,
2026-08-26T00:51:43+00:00,NVIDIA H200,143771,1065,10,0,35,130.89,76293,2609,73684,1.09,9386,
2026-08-26T00:52:13+00:00,NVIDIA H200,143771,1065,10,0,35,134.75,76293,2610,73683,1.06,9386,
2026-08-26T00:52:43+00:00,NVIDIA H200,143771,1065,10,0,35,134.11,76293,2609,73684,0.98,9386,
2026-08-26T00:53:13+00:00,NVIDIA H200,143771,1065,10,0,36,133.24,76293,2609,73684,0.99,9386,
2026-08-26T00:53:43+00:00,NVIDIA H200,143771,1065,10,0,36,132.29,76293,2609,73684,0.93,9386,
2026-08-26T00:54:13+00:00,NVIDIA H200,143771,1065,0,0,35,118.66,76293,3925,72368,1.52,9386,
2026-08-26T00:54:43+00:00,NVIDIA H200,143771,1065,0,0,34,118.18,76293,4225,72068,13.60,9386,
2026-08-26T00:55:13+00:00,NVIDIA H200,143771,1381,11,1,34,134.21,76293,4489,71804,10.38,9386,
2026-08-26T00:55:43+00:00,NVIDIA H200,143771,1381,10,1,33,135.12,76293,4489,71804,6.77,9386,
2026-08-26T00:56:14+00:00,NVIDIA H200,143771,1461,12,1,33,135.77,76293,4504,71789,4.49,9386,
2026-08-26T00:56:44+00:00,NVIDIA H200,143771,1461,11,1,33,135.55,76293,4503,71790,3.12,9386,
2026-08-26T00:57:14+00:00,NVIDIA H200,143771,1461,12,1,32,138.18,76293,4503,71790,2.28,9386,
2026-08-26T00:57:44+00:00,NVIDIA H200,143771,1461,11,1,32,134.08,76293,4503,71790,1.84,9386,
2026-08-26T00:58:14+00:00,NVIDIA H200,143771,1461,11,1,32,133.37,76293,4503,71790,1.59,9386,
2026-08-26T00:58:44+00:00,NVIDIA H200,143771,1461,11,1,33,136.07,76293,4503,71790,1.35,9386,
2026-08-26T00:59:14+00:00,NVIDIA H200,143771,1461,11,1,34,136.91,76293,4503,71790,1.21,9386,
2026-08-26T00:59:44+00:00,NVIDIA H200,143771,1461,12,1,35,136.58,76293,4503,71790,1.13,9386,
2026-08-26T01:00:15+00:00,NVIDIA H200,143771,1461,11,1,35,139.59,76293,2782,73511,1.02,9386,
2026-08-26T01:00:45+00:00,NVIDIA H200,143771,1461,11,1,35,135.16,76293,2782,73511,1.09,9386,
2026-08-26T01:01:15+00:00,NVIDIA H200,143771,1461,11,1,35,135.70,76293,2782,73511,1.18,9386,
2026-08-26T01:01:45+00:00,NVIDIA H200,143771,1461,11,1,35,135.73,76293,2782,73511,1.11,9386,
2026-08-26T01:02:15+00:00,NVIDIA H200,143771,1461,12,1,34,133.93,76293,2785,73508,1.00,9386,
2026-08-26T01:02:45+00:00,NVIDIA H200,143771,1461,11,1,34,135.24,76293,2785,73508,1.07,9386,
2026-08-26T01:03:15+00:00,NVIDIA H200,143771,1461,11,1,34,135.68,76293,2783,73510,1.04,9386,
2026-08-26T01:03:45+00:00,NVIDIA H200,143771,1461,11,1,34,136.33,76293,2782,73511,1.02,9386,
2026-08-26T01:04:16+00:00,NVIDIA H200,143771,1461,11,1,34,136.89,76293,2782,73510,1.01,9386,
2026-08-26T01:04:46+00:00,NVIDIA H200,143771,1461,11,1,34,135.78,76293,2782,73511,1.01,9386,
2026-08-26T01:05:16+00:00,NVIDIA H200,143771,1461,11,1,35,135.71,76293,2782,73511,1.00,9386,
2026-08-26T01:05:46+00:00,NVIDIA H200,143771,1461,11,1,35,134.88,76293,2782,73511,1.00,9386,
2026-08-26T01:06:16+00:00,NVIDIA H200,143771,1461,11,1,36,136.15,76293,2785,73508,1.00,9386,
2026-08-26T01:06:46+00:00,NVIDIA H200,143771,1461,11,1,36,137.24,76293,2785,73508,1.00,9386,
2026-08-26T01:07:16+00:00,NVIDIA H200,143771,1461,11,1,36,136.73,76293,2785,73508,1.06,9386,
2026-08-26T01:07:46+00:00,NVIDIA H200,143771,1461,11,1,36,136.30,76293,2783,73510,1.03,9386,
2026-08-26T01:08:17+00:00,NVIDIA H200,143771,1461,11,1,37,138.29,76293,2784,73509,1.02,9386,
2026-08-26T01:08:47+00:00,NVIDIA H200,143771,1461,11,1,36,139.37,76293,2784,73509,1.01,9386,
2026-08-26T01:09:17+00:00,NVIDIA H200,143771,1461,11,1,35,137.27,76293,2783,73510,1.01,9386,
2026-08-26T01:09:47+00:00,NVIDIA H200,143771,1461,12,1,33,137.74,76293,2783,73509,0.94,9386,
2026-08-26T01:10:17+00:00,NVIDIA H200,143771,1461,11,1,31,133.60,76293,2784,73509,0.97,9386,
2026-08-26T01:10:47+00:00,NVIDIA H200,143771,1461,11,1,29,134.36,76293,2784,73509,1.04,9386,
2026-08-26T01:11:17+00:00,NVIDIA H200,143771,1461,11,1,28,133.54,76293,2757,73536,1.02,9386,
2026-08-26T01:11:47+00:00,NVIDIA H200,143771,1461,11,1,27,132.74,76293,2759,73534,1.01,9386,
2026-08-26T01:12:18+00:00,NVIDIA H200,143771,1461,11,1,26,131.30,76293,2759,73534,1.01,9386,
2026-08-26T01:12:48+00:00,NVIDIA H200,143771,1461,11,1,26,132.28,76293,2758,73535,1.00,9386,
2026-08-26T01:13:18+00:00,NVIDIA H200,143771,1461,10,1,26,134.37,76293,2757,73536,1.00,9386,
2026-08-26T01:13:48+00:00,NVIDIA H200,143771,1461,12,1,27,135.77,76293,2757,73536,1.00,9386,
2026-08-26T01:14:18+00:00,NVIDIA H200,143771,1461,11,1,28,132.77,76293,2759,73534,1.00,9386,
2026-08-26T01:14:48+00:00,NVIDIA H200,143771,1461,11,1,29,133.26,76293,2759,73534,1.07,9386,
2026-08-26T01:15:18+00:00,NVIDIA H200,143771,1461,12,1,30,136.42,76293,2758,73535,1.04,9386,
2026-08-26T01:15:48+00:00,NVIDIA H200,143771,1623,10,1,31,134.09,76293,2758,73535,1.02,9386,
2026-08-26T01:16:19+00:00,NVIDIA H200,143771,1623,11,1,32,135.70,76293,2759,73534,0.96,9386,
2026-08-26T01:16:49+00:00,NVIDIA H200,143771,1623,11,1,32,136.07,76293,2758,73535,0.98,9386,
2026-08-26T01:17:19+00:00,NVIDIA H200,143771,1623,11,1,33,136.57,76293,2757,73536,0.99,9386,
2026-08-26T01:17:49+00:00,NVIDIA H200,143771,1623,12,1,33,137.37,76293,2758,73535,0.99,9386,
2026-08-26T01:18:19+00:00,NVIDIA H200,143771,1623,11,1,34,135.82,76293,2758,73535,1.00,9386,
2026-08-26T01:18:49+00:00,NVIDIA H200,143771,1623,11,1,34,136.75,76293,2758,73535,1.06,9386,
2026-08-26T01:19:19+00:00,NVIDIA H200,143771,1623,11,1,34,137.04,76293,2757,73536,1.03,9386,
2026-08-26T01:19:49+00:00,NVIDIA H200,143771,1623,11,1,34,136.34,76293,2757,73536,1.02,9386,
2026-08-26T01:20:19+00:00,NVIDIA H200,143771,1623,11,1,34,135.49,76293,2758,73535,1.01,9386,
2026-08-26T01:20:50+00:00,NVIDIA H200,143771,1623,11,1,34,136.48,76293,2758,73535,1.00,9386,
2026-08-26T01:21:20+00:00,NVIDIA H200,143771,1623,13,1,34,138.03,76293,2757,73536,1.00,9386,
2026-08-26T01:21:50+00:00,NVIDIA H200,143771,1623,12,1,34,135.42,76293,2760,73533,1.00,9386,
2026-08-26T01:22:20+00:00,NVIDIA H200,143771,1623,11,1,34,136.39,76293,2762,73531,1.00,9386,
2026-08-26T01:22:50+00:00,NVIDIA H200,143771,1623,11,1,34,134.32,76293,2761,73532,1.00,9386,
2026-08-26T01:23:20+00:00,NVIDIA H200,143771,1623,11,1,34,136.57,76293,2761,73532,1.05,9386,
2026-08-26T01:23:50+00:00,NVIDIA H200,143771,1623,11,1,34,136.46,76293,2761,73531,1.03,9386,
2026-08-26T01:24:20+00:00,NVIDIA H200,143771,1623,11,1,34,136.74,76293,2762,73531,1.02,9386,
2026-08-26T01:24:51+00:00,NVIDIA H200,143771,1623,12,1,34,136.40,76293,2762,73531,0.95,9386,
2026-08-26T01:25:21+00:00,NVIDIA H200,143771,1623,11,1,35,135.49,76293,2762,73531,0.97,9386,
2026-08-26T01:25:51+00:00,NVIDIA H200,143771,1623,11,1,35,137.05,76293,2761,73532,0.98,9386,
2026-08-26T01:26:21+00:00,NVIDIA H200,143771,1623,11,1,35,137.16,76293,2762,73531,0.99,9386,
2026-08-26T01:26:51+00:00,NVIDIA H200,143771,1623,11,1,35,138.79,76293,2758,73535,1.00,9386,
2026-08-26T01:27:21+00:00,NVIDIA H200,143771,1623,11,1,35,137.22,76293,2757,73536,1.00,9386,
2026-08-26T01:27:51+00:00,NVIDIA H200,143771,1623,11,1,35,135.20,76293,2758,73535,1.00,9386,
2026-08-26T01:28:21+00:00,NVIDIA H200,143771,913,28,1,35,136.44,76293,2739,73554,0.94,9386,
2026-08-26T01:28:52+00:00,NVIDIA H200,143771,913,24,1,35,139.10,76293,2739,73554,0.89,9386,
2026-08-26T01:29:22+00:00,NVIDIA H200,143771,913,24,1,35,137.31,76293,2739,73554,0.94,9386,
2026-08-26T01:29:52+00:00,NVIDIA H200,143771,913,23,1,34,136.40,76293,2738,73555,0.96,9386,
2026-08-26T01:30:22+00:00,NVIDIA H200,143771,913,24,1,34,138.85,76293,2738,73555,0.98,9386,
2026-08-26T01:30:52+00:00,NVIDIA H200,143771,913,24,1,33,136.86,76293,2739,73554,1.07,9386,
2026-08-26T01:31:22+00:00,NVIDIA H200,143771,913,24,1,32,139.50,76293,2739,73554,1.12,9386,
2026-08-26T01:31:52+00:00,NVIDIA H200,143771,913,24,1,31,136.43,76293,2739,73554,1.31,9386,
2026-08-26T01:32:22+00:00,NVIDIA H200,143771,913,24,1,31,137.53,76293,2740,73553,1.19,9386,
2026-08-26T01:32:53+00:00,NVIDIA H200,143771,913,24,1,31,136.50,76293,2740,73553,1.11,9386,
2026-08-26T01:33:23+00:00,NVIDIA H200,143771,913,25,1,31,136.97,76293,2739,73554,1.07,9386,
2026-08-26T01:33:53+00:00,NVIDIA H200,143771,913,24,1,32,137.23,76293,2739,73554,0.99,9386,
2026-08-26T01:34:23+00:00,NVIDIA H200,143771,913,24,1,32,137.40,76293,2739,73554,0.93,9386,
2026-08-26T01:34:53+00:00,NVIDIA H200,143771,913,23,1,33,138.25,76293,2739,73554,1.03,9386,
2026-08-26T01:35:23+00:00,NVIDIA H200,143771,913,24,1,33,139.15,76293,2739,73554,1.02,9386,
2026-08-26T01:35:53+00:00,NVIDIA H200,143771,913,24,1,34,137.63,76293,2739,73554,1.01,9386,
2026-08-26T01:36:23+00:00,NVIDIA H200,143771,915,24,1,34,138.37,76293,2738,73555,1.07,9386,
2026-08-26T01:36:54+00:00,NVIDIA H200,143771,5291,78,43,51,520.10,76293,2730,73563,0.98,9386,
2026-08-26T01:37:24+00:00,NVIDIA H200,143771,5291,82,44,55,548.86,76293,2730,73563,0.99,9386,
2026-08-26T01:37:54+00:00,NVIDIA H200,143771,5291,82,45,56,546.56,76293,2729,73564,1.13,9386,
2026-08-26T01:38:24+00:00,NVIDIA H200,143771,5715,77,42,56,517.58,76293,2731,73562,1.08,9386,
2026-08-26T01:38:54+00:00,NVIDIA H200,143771,5715,79,43,57,536.97,76293,2730,73563,1.05,9386,
2026-08-26T01:39:24+00:00,NVIDIA H200,143771,5715,78,42,56,543.70,76293,2731,73562,1.11,9386,
2026-08-26T01:39:54+00:00,NVIDIA H200,143771,5715,82,44,56,536.65,76293,2731,73562,1.06,9386,
2026-08-26T01:40:24+00:00,NVIDIA H200,143771,6159,82,44,56,538.16,76293,2730,73563,1.04,9386,
2026-08-26T01:40:55+00:00,NVIDIA H200,143771,6159,77,42,55,535.74,76293,2731,73562,1.02,9386,
2026-08-26T01:41:25+00:00,NVIDIA H200,143771,6159,80,43,55,548.28,76293,2730,73563,1.06,9386,
2026-08-26T01:41:55+00:00,NVIDIA H200,143771,6579,81,44,54,545.39,76293,2731,73562,1.11,9386,
2026-08-26T01:42:25+00:00,NVIDIA H200,143771,6579,79,43,54,533.44,76293,2731,73562,1.07,9386,
2026-08-26T01:42:55+00:00,NVIDIA H200,143771,6579,81,44,55,539.09,76293,2731,73562,1.04,9386,
2026-08-26T01:43:25+00:00,NVIDIA H200,143771,6579,81,44,56,541.56,76293,2730,73563,1.09,9386,
2026-08-26T01:43:55+00:00,NVIDIA H200,143771,6999,78,42,55,540.87,76293,2730,73563,1.05,9386,
2026-08-26T01:44:25+00:00,NVIDIA H200,143771,6999,83,45,56,534.75,76293,2734,73559,1.03,9386,
2026-08-26T01:44:56+00:00,NVIDIA H200,143771,6999,79,43,56,537.55,76293,2734,73559,1.02,9386,
2026-08-26T01:45:26+00:00,NVIDIA H200,143771,7421,82,45,56,546.14,76293,2734,73559,1.01,9386,
2026-08-26T01:45:56+00:00,NVIDIA H200,143771,7421,79,43,57,540.06,76293,2733,73560,1.00,9386,
2026-08-26T01:46:26+00:00,NVIDIA H200,143771,7421,82,45,57,533.25,76293,2735,73558,0.95,9386,
2026-08-26T01:46:56+00:00,NVIDIA H200,143771,7421,78,42,57,539.34,76293,2734,73559,0.96,9386,
2026-08-26T01:47:26+00:00,NVIDIA H200,143771,7839,77,42,57,544.99,76293,2734,73559,0.98,9386,
2026-08-26T01:47:56+00:00,NVIDIA H200,143771,7839,79,43,55,537.45,76293,2733,73560,0.99,9386,
2026-08-26T01:48:26+00:00,NVIDIA H200,143771,7839,80,44,53,534.84,76293,2734,73559,1.07,9386,
2026-08-26T01:48:57+00:00,NVIDIA H200,143771,8207,78,42,51,517.22,76293,2734,73559,1.04,9386,
2026-08-26T01:49:27+00:00,NVIDIA H200,143771,8207,76,41,51,522.09,76293,2734,73559,1.03,9386,
2026-08-26T01:49:57+00:00,NVIDIA H200,143771,8207,78,42,50,499.36,76293,2734,73559,1.16,9386,
2026-08-26T01:50:27+00:00,NVIDIA H200,143771,8207,77,42,50,526.02,76293,2733,73560,1.09,9386,
2026-08-26T01:50:57+00:00,NVIDIA H200,143771,8627,81,44,51,537.64,76293,2734,73559,1.06,9386,
2026-08-26T01:51:27+00:00,NVIDIA H200,143771,8627,82,44,51,544.82,76293,2733,73560,1.03,9386,
2026-08-26T01:51:57+00:00,NVIDIA H200,143771,8627,80,43,53,526.59,76293,2734,73559,0.95,9386,
2026-08-26T01:52:27+00:00,NVIDIA H200,143771,9047,81,44,54,535.68,76293,2735,73558,1.05,9386,
2026-08-26T01:52:58+00:00,NVIDIA H200,143771,9047,81,44,55,541.59,76293,2734,73559,1.08,9386,
2026-08-26T01:53:28+00:00,NVIDIA H200,143771,9047,76,41,55,523.47,76293,2734,73559,1.05,9386,
2026-08-26T01:53:58+00:00,NVIDIA H200,143771,9047,84,46,56,535.40,76293,2734,73559,1.03,9386,
2026-08-26T01:54:28+00:00,NVIDIA H200,143771,9467,80,43,56,538.53,76293,2735,73558,1.02,9386,
2026-08-26T01:54:58+00:00,NVIDIA H200,143771,9467,80,43,57,540.43,76293,2733,73560,1.01,9386,
2026-08-26T01:55:28+00:00,NVIDIA H200,143771,9467,80,44,56,535.02,76293,2733,73560,1.00,9386,
2026-08-26T01:55:58+00:00,NVIDIA H200,143771,9887,81,44,57,536.91,76293,2734,73559,1.00,9386,
2026-08-26T01:56:28+00:00,NVIDIA H200,143771,9887,76,41,56,529.33,76293,2735,73558,1.00,9386,
2026-08-26T01:56:58+00:00,NVIDIA H200,143771,9887,79,43,57,543.80,76293,2735,73558,1.06,9386,
2026-08-26T01:57:29+00:00,NVIDIA H200,143771,9887,77,41,56,534.08,76293,2733,73560,1.09,9386,
2026-08-26T01:57:59+00:00,NVIDIA H200,143771,10309,77,42,56,542.09,76293,2734,73559,1.00,9386,
2026-08-26T01:58:29+00:00,NVIDIA H200,143771,10309,80,43,55,542.42,76293,2734,73559,1.07,9386,
2026-08-26T01:58:59+00:00,NVIDIA H200,143771,10309,81,44,55,542.74,76293,2733,73560,1.04,9386,
2026-08-26T01:59:29+00:00,NVIDIA H200,143771,10673,81,44,55,550.79,76293,2734,73559,1.02,9386,
2026-08-26T01:59:59+00:00,NVIDIA H200,143771,10673,80,43,55,541.17,76293,2734,73559,1.01,9386,
2026-08-26T02:00:29+00:00,NVIDIA H200,143771,10673,77,42,53,535.32,76293,2734,73559,1.01,9386,
2026-08-26T02:00:59+00:00,NVIDIA H200,143771,10673,78,43,53,530.95,76293,2734,73559,1.00,9386,
2026-08-26T02:01:30+00:00,NVIDIA H200,143771,11095,81,44,54,523.03,76293,2735,73558,1.00,9386,
2026-08-26T02:02:00+00:00,NVIDIA H200,143771,11095,78,43,55,537.55,76293,2734,73559,1.00,9386,
2026-08-26T02:02:30+00:00,NVIDIA H200,143771,11095,78,42,55,525.26,76293,2734,73559,1.01,9386,
2026-08-26T02:03:00+00:00,NVIDIA H200,143771,11515,82,45,56,558.30,76293,2734,73559,1.00,9386,
2026-08-26T02:03:30+00:00,NVIDIA H200,143771,11515,79,43,56,536.69,76293,2733,73559,1.06,9386,
2026-08-26T02:04:00+00:00,NVIDIA H200,143771,11515,80,43,56,544.67,76293,2734,73559,1.03,9386,
2026-08-26T02:04:30+00:00,NVIDIA H200,143771,11515,79,43,57,535.33,76293,2735,73558,0.96,9386,
2026-08-26T02:05:00+00:00,NVIDIA H200,143771,11935,82,45,57,543.21,76293,2734,73559,1.03,9386,
2026-08-26T02:05:31+00:00,NVIDIA H200,143771,11935,79,43,57,532.15,76293,2735,73558,1.02,9386,
2026-08-26T02:06:01+00:00,NVIDIA H200,143771,11935,79,43,56,541.05,76293,2734,73559,1.01,9386,
2026-08-26T02:06:31+00:00,NVIDIA H200,143771,12357,81,44,52,551.39,76293,2735,73558,1.08,9386,
2026-08-26T02:07:01+00:00,NVIDIA H200,143771,12357,76,41,50,530.14,76293,2733,73560,1.05,9386,
2026-08-26T02:07:31+00:00,NVIDIA H200,143771,12357,79,43,49,527.60,76293,2734,73559,1.21,9386,
2026-08-26T02:08:01+00:00,NVIDIA H200,143771,12357,84,46,48,524.80,76293,2734,73559,1.13,9386,
2026-08-26T02:08:31+00:00,NVIDIA H200,143771,12777,76,41,48,526.73,76293,2734,73559,1.01,9386,
2026-08-26T02:09:01+00:00,NVIDIA H200,143771,12777,83,45,47,525.99,76293,2733,73560,1.01,9386,
2026-08-26T02:09:32+00:00,NVIDIA H200,143771,12777,83,45,48,529.80,76293,2734,73559,1.00,9386,
2026-08-26T02:10:02+00:00,NVIDIA H200,143771,12777,79,43,47,520.44,76293,2734,73559,1.00,9386,
2026-08-26T02:10:32+00:00,NVIDIA H200,143771,13197,80,43,49,529.02,76293,2734,73559,1.00,9386,
2026-08-26T02:11:02+00:00,NVIDIA H200,143771,13197,82,45,51,530.58,76293,2734,73559,1.00,9386,
2026-08-26T02:11:32+00:00,NVIDIA H200,143771,13197,77,41,51,525.06,76293,2734,73559,1.00,9386,
2026-08-26T02:12:02+00:00,NVIDIA H200,143771,13563,79,43,53,530.27,76293,2734,73559,1.00,9386,
2026-08-26T02:12:32+00:00,NVIDIA H200,143771,13563,80,43,53,525.46,76293,2734,73559,1.00,9386,
2026-08-26T02:13:02+00:00,NVIDIA H200,143771,13563,77,42,54,504.76,76293,2733,73560,1.00,9386,
2026-08-26T02:13:33+00:00,NVIDIA H200,143771,13563,82,44,55,532.49,76293,2734,73559,1.23,9386,
2026-08-26T02:14:03+00:00,NVIDIA H200,143771,14011,82,45,56,553.05,76293,2734,73559,1.14,9386,
2026-08-26T02:14:33+00:00,NVIDIA H200,143771,14011,82,45,56,532.60,76293,2734,73559,1.01,9386,
2026-08-26T02:15:03+00:00,NVIDIA H200,143771,14011,81,44,55,548.41,76293,2734,73559,1.00,9386,
2026-08-26T02:15:33+00:00,NVIDIA H200,143771,14433,72,39,54,507.37,76293,2733,73560,1.00,9386,
2026-08-26T02:16:03+00:00,NVIDIA H200,143771,14433,81,44,56,537.70,76293,2734,73559,0.93,9386,
2026-08-26T02:16:33+00:00,NVIDIA H200,143771,14433,80,43,56,536.28,76293,2734,73559,0.96,9386,
2026-08-26T02:17:03+00:00,NVIDIA H200,143771,14433,79,43,56,545.93,76293,2734,73559,0.97,9386,
2026-08-26T02:17:34+00:00,NVIDIA H200,143771,14799,77,42,55,512.82,76293,2734,73559,0.99,9386,
2026-08-26T02:18:04+00:00,NVIDIA H200,143771,14799,79,43,55,522.25,76293,2733,73560,0.99,9386,
2026-08-26T02:18:34+00:00,NVIDIA H200,143771,14799,80,43,55,540.57,76293,2733,73560,1.00,9386,
2026-08-26T02:19:04+00:00,NVIDIA H200,143771,15247,79,43,55,542.99,76293,2733,73560,1.07,9386,
2026-08-26T02:19:34+00:00,NVIDIA H200,143771,15247,81,44,55,551.67,76293,2735,73558,1.04,9386,
2026-08-26T02:20:04+00:00,NVIDIA H200,143771,15247,79,43,54,534.93,76293,2737,73556,1.02,9386,
2026-08-26T02:20:34+00:00,NVIDIA H200,143771,15247,78,42,55,530.79,76293,2734,73559,1.01,9386,
2026-08-26T02:21:04+00:00,NVIDIA H200,143771,15667,82,44,55,537.78,76293,2734,73559,1.01,9386,
2026-08-26T02:21:35+00:00,NVIDIA H200,143771,15667,80,43,56,517.82,76293,2734,73559,1.00,9386,
2026-08-26T02:22:05+00:00,NVIDIA H200,143771,15667,80,43,56,521.93,76293,2734,73559,1.00,9386,
2026-08-26T02:22:35+00:00,NVIDIA H200,143771,16087,80,44,55,519.35,76293,2734,73559,1.00,9386,
2026-08-26T02:23:05+00:00,NVIDIA H200,143771,16087,80,43,56,527.27,76293,2734,73559,1.00,9386,
2026-08-26T02:23:35+00:00,NVIDIA H200,143771,16087,76,42,55,525.66,76293,2735,73558,1.00,9386,
2026-08-26T02:24:05+00:00,NVIDIA H200,143771,16087,82,45,56,542.30,76293,2737,73556,1.00,9386,
2026-08-26T02:24:35+00:00,NVIDIA H200,143771,16453,80,43,56,522.54,76293,2736,73557,1.00,9386,
2026-08-26T02:25:05+00:00,NVIDIA H200,143771,16453,80,43,56,531.25,76293,2736,73557,1.00,9386,
2026-08-26T02:25:36+00:00,NVIDIA H200,143771,16453,79,43,55,543.29,76293,2733,73560,1.00,9386,
2026-08-26T02:26:06+00:00,NVIDIA H200,143771,16873,78,42,53,519.43,76293,2734,73559,1.11,9386,
2026-08-26T02:26:36+00:00,NVIDIA H200,143771,16873,81,44,52,521.78,76293,2734,73559,1.24,9386,
2026-08-26T02:27:06+00:00,NVIDIA H200,143771,16873,82,44,51,519.78,76293,2735,73558,1.22,9386,
2026-08-26T02:27:36+00:00,NVIDIA H200,143771,16873,81,44,51,518.20,76293,2734,73558,1.13,9386,
2026-08-26T02:28:06+00:00,NVIDIA H200,143771,17295,83,45,51,524.27,76293,2735,73558,1.08,9386,
2026-08-26T02:28:36+00:00,NVIDIA H200,143771,17295,82,45,51,522.70,76293,2735,73558,1.05,9386,
2026-08-26T02:29:06+00:00,NVIDIA H200,143771,17295,77,42,50,517.37,76293,2735,73558,1.03,9386,
2026-08-26T02:29:37+00:00,NVIDIA H200,143771,17715,81,44,52,542.50,76293,2734,73559,1.02,9386,
2026-08-26T02:30:07+00:00,NVIDIA H200,143771,17715,79,43,54,537.90,76293,2735,73558,1.01,9386,
2026-08-26T02:30:37+00:00,NVIDIA H200,143771,17715,79,43,54,542.62,76293,2733,73560,1.00,9386,
2026-08-26T02:31:07+00:00,NVIDIA H200,143771,17715,81,44,55,530.09,76293,2733,73560,1.00,9386,
2026-08-26T02:31:37+00:00,NVIDIA H200,143771,18135,78,42,55,543.17,76293,2734,73559,1.00,9386,
2026-08-26T02:32:07+00:00,NVIDIA H200,143771,18135,79,43,55,537.94,76293,2734,73559,1.00,9386,
2026-08-26T02:32:37+00:00,NVIDIA H200,143771,18135,79,43,55,529.29,76293,2734,73559,1.07,9386,
2026-08-26T02:33:07+00:00,NVIDIA H200,143771,18135,71,38,54,516.07,76293,2734,73559,1.04,9386,
2026-08-26T02:33:38+00:00,NVIDIA H200,143771,18555,73,40,55,517.70,76293,2733,73560,1.02,9386,
2026-08-26T02:34:08+00:00,NVIDIA H200,143771,18555,80,43,55,520.95,76293,2734,73559,1.01,9386,
2026-08-26T02:34:38+00:00,NVIDIA H200,143771,18555,79,43,56,534.65,76293,2734,73559,1.01,9386,
2026-08-26T02:35:08+00:00,NVIDIA H200,143771,18975,82,45,56,535.76,76293,2733,73559,1.05,9386,
2026-08-26T02:35:38+00:00,NVIDIA H200,143771,18975,78,43,57,533.54,76293,2734,73559,1.03,9386,
2026-08-26T02:36:08+00:00,NVIDIA H200,143771,18975,82,45,56,535.71,76293,2735,73558,1.08,9386,
2026-08-26T02:36:38+00:00,NVIDIA H200,143771,18975,77,42,55,531.02,76293,2734,73559,1.05,9386,
2026-08-26T02:37:08+00:00,NVIDIA H200,143771,19397,79,43,56,544.34,76293,2734,73558,0.95,9386,
2026-08-26T02:37:39+00:00,NVIDIA H200,143771,19397,78,43,56,533.07,76293,2734,73559,1.04,9386,
2026-08-26T02:38:09+00:00,NVIDIA H200,143771,19397,78,42,55,534.96,76293,2735,73558,1.03,9386,
2026-08-26T02:38:39+00:00,NVIDIA H200,143771,19763,74,40,55,517.34,76293,2734,73559,1.01,9386,
2026-08-26T02:39:09+00:00,NVIDIA H200,143771,19763,78,42,54,535.58,76293,2734,73559,1.01,9386,
2026-08-26T02:39:39+00:00,NVIDIA H200,143771,19763,78,42,55,531.48,76293,2734,73558,0.93,9386,
2026-08-26T02:40:09+00:00,NVIDIA H200,143771,19763,82,45,55,524.70,76293,2735,73558,0.96,9386,
2026-08-26T02:40:39+00:00,NVIDIA H200,143771,20183,78,42,55,530.68,76293,2734,73559,0.98,9386,
2026-08-26T02:41:09+00:00,NVIDIA H200,143771,20183,80,44,56,529.88,76293,2734,73559,0.99,9386,
2026-08-26T02:41:40+00:00,NVIDIA H200,143771,20183,81,44,56,541.96,76293,2734,73559,0.99,9386,
2026-08-26T02:42:10+00:00,NVIDIA H200,143771,20603,79,43,56,538.80,76293,2734,73559,1.08,9386,
2026-08-26T02:42:40+00:00,NVIDIA H200,143771,20603,77,42,56,536.06,76293,2734,73559,1.13,9386,
2026-08-26T02:43:10+00:00,NVIDIA H200,143771,20603,80,43,56,542.53,76293,2734,73559,1.08,9386,
2026-08-26T02:43:40+00:00,NVIDIA H200,143771,20603,79,43,55,536.48,76293,2734,73559,1.12,9386,
2026-08-26T02:44:10+00:00,NVIDIA H200,143771,21023,77,42,54,539.93,76293,2735,73558,1.07,9386,
2026-08-26T02:44:40+00:00,NVIDIA H200,143771,21023,83,45,54,537.80,76293,2734,73559,1.04,9386,
2026-08-26T02:45:10+00:00,NVIDIA H200,143771,21023,82,45,54,542.60,76293,2734,73559,1.02,9386,
2026-08-26T02:45:41+00:00,NVIDIA H200,143771,21443,82,45,53,529.98,76293,2734,73558,1.01,9386,
2026-08-26T02:46:11+00:00,NVIDIA H200,143771,21443,77,42,53,524.24,76293,2735,73558,1.01,9386,
2026-08-26T02:46:41+00:00,NVIDIA H200,143771,21443,80,43,53,541.80,76293,2735,73558,1.00,9386,
2026-08-26T02:47:11+00:00,NVIDIA H200,143771,21443,81,44,54,539.27,76293,2734,73559,1.15,9386,
2026-08-26T02:47:41+00:00,NVIDIA H200,143771,21443,0,0,40,121.18,76293,4437,71856,6.33,9386,
2026-08-26T02:48:11+00:00,NVIDIA H200,143771,21443,0,0,37,120.08,76293,4493,71800,16.44,9386,
2026-08-26T02:48:41+00:00,NVIDIA H200,143771,21443,0,0,36,118.80,76293,4453,71840,22.63,9386,
2026-08-26T02:49:11+00:00,NVIDIA H200,143771,21443,10,0,35,134.32,76293,4463,71829,21.55,9386,
2026-08-26T02:49:41+00:00,NVIDIA H200,143771,1057,10,0,35,134.74,76293,4463,71830,13.46,9386,
2026-08-26T02:50:12+00:00,NVIDIA H200,143771,1057,10,0,34,134.09,76293,4464,71829,8.55,9386,
2026-08-26T02:50:42+00:00,NVIDIA H200,143771,1057,20,1,35,151.05,76293,4464,71829,5.57,9386,
2026-08-26T02:51:12+00:00,NVIDIA H200,143771,1057,10,0,34,131.52,76293,4464,71829,3.77,9386,
2026-08-26T02:51:42+00:00,NVIDIA H200,143771,1057,10,0,34,132.17,76293,4463,71830,2.66,9386,
2026-08-26T02:52:12+00:00,NVIDIA H200,143771,1057,10,0,34,132.05,76293,4464,71828,1.94,9386,
2026-08-26T02:52:42+00:00,NVIDIA H200,143771,1057,10,0,34,131.57,76293,4464,71829,1.57,9386,
2026-08-26T02:53:12+00:00,NVIDIA H200,143771,1057,10,0,35,133.94,76293,4464,71829,1.41,9386,
2026-08-26T02:53:42+00:00,NVIDIA H200,143771,1057,10,0,35,133.34,76293,4462,71831,1.25,9386,
2026-08-26T02:54:13+00:00,NVIDIA H200,143771,1057,10,0,36,133.49,76293,2744,73549,1.15,9386,
2026-08-26T02:54:43+00:00,NVIDIA H200,143771,1057,10,0,36,134.17,76293,2744,73549,1.09,9386,
2026-08-26T02:55:13+00:00,NVIDIA H200,143771,1057,10,0,36,132.84,76293,2743,73550,1.05,9386,
2026-08-26T02:55:43+00:00,NVIDIA H200,143771,1057,5,0,36,132.55,76293,2744,73549,1.03,9386,
2026-08-26T02:56:13+00:00,NVIDIA H200,143771,1057,10,0,34,133.23,76293,2744,73549,0.96,9386,
2026-08-26T02:56:43+00:00,NVIDIA H200,143771,1057,0,0,32,117.44,76293,4508,71784,6.30,9386,
2026-08-26T02:57:13+00:00,NVIDIA H200,143771,1057,0,0,30,116.89,76293,4513,71780,16.43,9386,
2026-08-26T02:57:43+00:00,NVIDIA H200,143771,1057,0,0,29,116.32,76293,4450,71843,22.63,9386,
2026-08-26T02:58:13+00:00,NVIDIA H200,143771,1373,11,1,29,134.36,76293,4303,71990,17.52,9386,
2026-08-26T02:58:44+00:00,NVIDIA H200,143771,1373,12,1,28,137.95,76293,4304,71989,11.01,9386,
2026-08-26T02:59:14+00:00,NVIDIA H200,143771,1373,11,1,27,132.91,76293,4303,71990,7.06,9386,
2026-08-26T02:59:44+00:00,NVIDIA H200,143771,1453,11,1,27,133.28,76293,4302,71991,4.67,9386,
2026-08-26T03:00:14+00:00,NVIDIA H200,143771,1453,13,1,28,133.95,76293,4303,71990,3.23,9386,
2026-08-26T03:00:44+00:00,NVIDIA H200,143771,1453,11,1,29,132.04,76293,4304,71989,2.34,9386,
2026-08-26T03:01:14+00:00,NVIDIA H200,143771,1453,11,1,30,132.68,76293,4304,71989,1.81,9386,
2026-08-26T03:01:44+00:00,NVIDIA H200,143771,1453,11,1,31,134.45,76293,4304,71989,1.49,9386,
2026-08-26T03:02:14+00:00,NVIDIA H200,143771,1453,10,1,32,135.40,76293,4304,71989,1.29,9386,
2026-08-26T03:02:45+00:00,NVIDIA H200,143771,1453,11,1,33,134.44,76293,4303,71990,1.10,9386,
2026-08-26T03:03:15+00:00,NVIDIA H200,143771,1453,12,1,34,135.87,76293,2583,73710,1.06,9386,
2026-08-26T03:03:45+00:00,NVIDIA H200,143771,1453,12,1,34,136.36,76293,2583,73709,1.10,9386,
2026-08-26T03:04:15+00:00,NVIDIA H200,143771,1453,12,1,34,137.70,76293,2584,73709,1.06,9386,
2026-08-26T03:04:45+00:00,NVIDIA H200,143771,1453,11,1,34,137.29,76293,2583,73710,1.03,9386,
2026-08-26T03:05:15+00:00,NVIDIA H200,143771,1453,11,1,34,135.92,76293,2583,73710,1.02,9386,
2026-08-26T03:05:45+00:00,NVIDIA H200,143771,1453,12,1,34,135.58,76293,2583,73710,1.01,9386,
2026-08-26T03:06:15+00:00,NVIDIA H200,143771,1453,11,1,34,134.87,76293,2585,73708,1.08,9386,
2026-08-26T03:06:46+00:00,NVIDIA H200,143771,1453,10,1,34,136.77,76293,2584,73709,1.05,9386,
2026-08-26T03:07:16+00:00,NVIDIA H200,143771,1453,12,1,34,134.23,76293,2584,73709,1.03,9386,
2026-08-26T03:07:46+00:00,NVIDIA H200,143771,1453,11,1,34,136.19,76293,2584,73709,1.02,9386,
2026-08-26T03:08:16+00:00,NVIDIA H200,143771,1453,12,1,35,142.78,76293,2583,73710,1.01,9386,
2026-08-26T03:08:46+00:00,NVIDIA H200,143771,1453,11,1,35,139.53,76293,2583,73710,1.00,9386,
2026-08-26T03:09:16+00:00,NVIDIA H200,143771,1453,12,1,35,136.42,76293,2583,73710,1.00,9386,
2026-08-26T03:09:46+00:00,NVIDIA H200,143771,1453,11,1,36,140.82,76293,2583,73710,1.00,9386,
2026-08-26T03:10:16+00:00,NVIDIA H200,143771,1453,14,2,36,140.24,76293,2584,73709,1.00,9386,
2026-08-26T03:10:46+00:00,NVIDIA H200,143771,1453,10,1,36,136.08,76293,2583,73710,1.00,9386,
2026-08-26T03:11:17+00:00,NVIDIA H200,143771,1453,13,1,36,138.45,76293,2583,73710,1.07,9386,
2026-08-26T03:11:47+00:00,NVIDIA H200,143771,1453,11,1,35,136.36,76293,2582,73710,1.04,9386,
2026-08-26T03:12:17+00:00,NVIDIA H200,143771,1453,12,1,34,137.94,76293,2584,73709,1.21,9386,
2026-08-26T03:12:47+00:00,NVIDIA H200,143771,1453,11,1,34,135.54,76293,2583,73710,1.13,9386,
2026-08-26T03:13:17+00:00,NVIDIA H200,143771,1453,13,1,33,138.72,76293,2583,73710,1.08,9386,
2026-08-26T03:13:47+00:00,NVIDIA H200,143771,1453,12,1,33,137.37,76293,2584,73709,1.04,9386,
2026-08-26T03:14:17+00:00,NVIDIA H200,143771,1453,12,1,32,137.30,76293,2583,73710,1.03,9386,
2026-08-26T03:14:47+00:00,NVIDIA H200,143771,1453,10,1,32,134.71,76293,2583,73710,1.01,9386,
2026-08-26T03:15:18+00:00,NVIDIA H200,143771,1453,10,1,33,132.47,76293,2584,73709,1.01,9386,
2026-08-26T03:15:48+00:00,NVIDIA H200,143771,1453,15,2,34,142.61,76293,2584,73709,1.00,9386,
2026-08-26T03:16:18+00:00,NVIDIA H200,143771,1453,11,1,34,136.85,76293,2585,73708,1.00,9386,
2026-08-26T03:16:48+00:00,NVIDIA H200,143771,1453,11,1,35,135.67,76293,2584,73709,0.95,9386,
2026-08-26T03:17:18+00:00,NVIDIA H200,143771,1453,12,1,35,136.12,76293,2584,73709,0.97,9386,
2026-08-26T03:17:48+00:00,NVIDIA H200,143771,1453,11,1,35,136.76,76293,2584,73709,1.17,9386,
2026-08-26T03:18:18+00:00,NVIDIA H200,143771,1453,11,1,35,133.32,76293,2585,73708,1.16,9386,
2026-08-26T03:18:48+00:00,NVIDIA H200,143771,1453,11,1,35,139.13,76293,2585,73708,1.24,9386,
2026-08-26T03:19:18+00:00,NVIDIA H200,143771,1453,11,1,35,135.37,76293,2584,73708,1.14,9386,
2026-08-26T03:19:49+00:00,NVIDIA H200,143771,1453,11,1,34,136.21,76293,2584,73709,1.08,9386,
2026-08-26T03:20:19+00:00,NVIDIA H200,143771,1453,11,1,34,136.64,76293,2586,73707,1.05,9386,
2026-08-26T03:20:49+00:00,NVIDIA H200,143771,1453,12,1,35,137.83,76293,2584,73709,1.03,9386,
2026-08-26T03:21:19+00:00,NVIDIA H200,143771,1453,11,1,35,139.10,76293,2585,73708,1.02,9386,
2026-08-26T03:21:49+00:00,NVIDIA H200,143771,1453,12,1,35,137.29,76293,2585,73708,1.01,9386,
2026-08-26T03:22:19+00:00,NVIDIA H200,143771,1453,12,1,35,135.82,76293,2586,73707,1.00,9386,
2026-08-26T03:22:49+00:00,NVIDIA H200,143771,1453,11,1,35,135.32,76293,2585,73708,0.93,9386,
2026-08-26T03:23:20+00:00,NVIDIA H200,143771,1453,10,1,36,136.07,76293,2585,73708,0.96,9386,
2026-08-26T03:23:50+00:00,NVIDIA H200,143771,1453,11,1,36,136.07,76293,2585,73708,1.06,9386,
2026-08-26T03:24:20+00:00,NVIDIA H200,143771,1453,12,1,36,137.96,76293,2585,73708,1.18,9386,
2026-08-26T03:24:50+00:00,NVIDIA H200,143771,1453,11,1,37,136.25,76293,2585,73708,1.11,9386,
2026-08-26T03:25:20+00:00,NVIDIA H200,143771,1453,15,2,36,138.79,76293,2585,73708,1.06,9386,
2026-08-26T03:25:50+00:00,NVIDIA H200,143771,1453,10,1,35,135.54,76293,2585,73708,1.04,9386,
2026-08-26T03:26:20+00:00,NVIDIA H200,143771,1453,10,1,33,131.06,76293,2585,73708,1.02,9386,
2026-08-26T03:26:50+00:00,NVIDIA H200,143771,1453,11,1,31,134.12,76293,2585,73708,1.01,9386,
2026-08-26T03:27:20+00:00,NVIDIA H200,143771,1453,10,1,30,134.60,76293,2585,73708,1.01,9386,
2026-08-26T03:27:51+00:00,NVIDIA H200,143771,1453,11,1,29,134.32,76293,2585,73708,1.00,9386,
2026-08-26T03:28:21+00:00,NVIDIA H200,143771,1453,11,1,28,132.84,76293,2586,73707,1.00,9386,
2026-08-26T03:28:51+00:00,NVIDIA H200,143771,1453,11,1,27,131.90,76293,2585,73708,1.00,9386,
2026-08-26T03:29:21+00:00,NVIDIA H200,143771,1453,15,2,27,134.48,76293,2585,73708,1.00,9386,
2026-08-26T03:29:51+00:00,NVIDIA H200,143771,1453,11,1,27,133.62,76293,2585,73708,1.00,9386,
2026-08-26T03:30:21+00:00,NVIDIA H200,143771,1453,10,1,28,131.79,76293,2586,73707,1.00,9386,
2026-08-26T03:30:51+00:00,NVIDIA H200,143771,1453,13,1,29,134.56,76293,2584,73709,1.00,9386,
2026-08-26T03:31:21+00:00,NVIDIA H200,143771,1453,11,1,30,135.82,76293,2585,73708,1.00,9386,
2026-08-26T03:31:52+00:00,NVIDIA H200,143771,1453,11,1,31,134.21,76293,2584,73708,1.00,9386,
2026-08-26T03:32:22+00:00,NVIDIA H200,143771,1453,11,1,32,138.64,76293,2585,73708,1.00,9386,
2026-08-26T03:32:52+00:00,NVIDIA H200,143771,1453,11,1,32,135.26,76293,2585,73707,1.00,9386,
2026-08-26T03:33:22+00:00,NVIDIA H200,143771,1453,11,1,33,138.85,76293,2584,73709,1.07,9386,
2026-08-26T03:33:52+00:00,NVIDIA H200,143771,1453,10,1,33,136.16,76293,2585,73708,1.04,9386,
2026-08-26T03:34:22+00:00,NVIDIA H200,143771,1453,11,1,34,137.01,76293,2585,73708,1.02,9386,
2026-08-26T03:34:52+00:00,NVIDIA H200,143771,1453,12,1,35,135.30,76293,2585,73708,1.01,9386,
2026-08-26T03:35:22+00:00,NVIDIA H200,143771,1453,11,1,35,134.53,76293,2584,73709,1.07,9386,
2026-08-26T03:35:53+00:00,NVIDIA H200,143771,1453,11,1,35,137.28,76293,2585,73708,1.04,9386,
2026-08-26T03:36:23+00:00,NVIDIA H200,143771,1453,10,1,35,137.39,76293,2585,73708,1.02,9386,
2026-08-26T03:36:53+00:00,NVIDIA H200,143771,1453,11,1,34,134.51,76293,2588,73705,1.01,9386,
2026-08-26T03:37:23+00:00,NVIDIA H200,143771,1453,13,1,34,139.13,76293,2587,73706,1.01,9386,
2026-08-26T03:37:53+00:00,NVIDIA H200,143771,1453,11,1,34,136.08,76293,2585,73708,1.00,9386,
2026-08-26T03:38:23+00:00,NVIDIA H200,143771,1453,12,1,34,136.73,76293,2585,73708,1.00,9386,
2026-08-26T03:38:53+00:00,NVIDIA H200,143771,1615,10,1,34,135.84,76293,2585,73708,1.00,9386,
2026-08-26T03:39:23+00:00,NVIDIA H200,143771,1615,11,1,34,135.41,76293,2584,73709,1.00,9386,
2026-08-26T03:39:53+00:00,NVIDIA H200,143771,1615,10,1,34,135.65,76293,2585,73708,1.00,9386,
2026-08-26T03:40:24+00:00,NVIDIA H200,143771,1615,10,1,35,135.39,76293,2585,73708,1.00,9386,
2026-08-26T03:40:54+00:00,NVIDIA H200,143771,1615,11,1,35,135.53,76293,2584,73709,1.10,9386,
2026-08-26T03:41:24+00:00,NVIDIA H200,143771,1615,11,1,36,135.86,76293,2586,73707,1.06,9386,
2026-08-26T03:41:54+00:00,NVIDIA H200,143771,1615,11,1,36,137.97,76293,2588,73705,1.04,9386,
2026-08-26T03:42:24+00:00,NVIDIA H200,143771,1615,10,1,36,136.88,76293,2588,73705,1.02,9386,
2026-08-26T03:42:54+00:00,NVIDIA H200,143771,1615,10,1,36,137.55,76293,2585,73708,1.01,9386,
2026-08-26T03:43:24+00:00,NVIDIA H200,143771,1615,12,1,35,140.04,76293,2584,73709,1.01,9386,
2026-08-26T03:43:54+00:00,NVIDIA H200,143771,1615,10,1,34,136.66,76293,2584,73709,1.06,9386,
2026-08-26T03:44:25+00:00,NVIDIA H200,143771,1615,12,1,33,137.93,76293,2586,73707,1.03,9386,
2026-08-26T03:44:55+00:00,NVIDIA H200,143771,1615,10,1,33,136.69,76293,2585,73708,1.02,9386,
2026-08-26T03:45:25+00:00,NVIDIA H200,143771,1615,11,1,32,135.03,76293,2585,73708,1.01,9386,
2026-08-26T03:45:55+00:00,NVIDIA H200,143771,1615,11,1,31,134.59,76293,2585,73708,1.00,9386,
2026-08-26T03:46:25+00:00,NVIDIA H200,143771,1615,11,1,31,133.91,76293,2586,73707,1.00,9386,
2026-08-26T03:46:55+00:00,NVIDIA H200,143771,1615,13,1,31,138.56,76293,2585,73708,1.00,9386,
2026-08-26T03:47:25+00:00,NVIDIA H200,143771,1615,12,1,32,135.88,76293,2585,73708,1.00,9386,
2026-08-26T03:47:55+00:00,NVIDIA H200,143771,1615,11,1,33,135.11,76293,2585,73708,1.00,9386,
2026-08-26T03:48:25+00:00,NVIDIA H200,143771,1615,11,1,33,134.33,76293,2585,73708,1.00,9386,
2026-08-26T03:48:56+00:00,NVIDIA H200,143771,1615,11,1,34,136.46,76293,2585,73708,1.00,9386,
2026-08-26T03:49:26+00:00,NVIDIA H200,143771,1615,12,1,35,136.97,76293,2585,73708,1.00,9386,
2026-08-26T03:49:56+00:00,NVIDIA H200,143771,1615,12,1,35,139.22,76293,2585,73708,1.00,9386,
2026-08-26T03:50:26+00:00,NVIDIA H200,143771,1615,11,1,35,138.41,76293,2585,73708,1.00,9386,
2026-08-26T03:50:56+00:00,NVIDIA H200,143771,1615,11,1,36,136.54,76293,2585,73708,1.00,9386,
2026-08-26T03:51:26+00:00,NVIDIA H200,143771,1615,11,1,36,137.10,76293,2586,73707,1.00,9386,
2026-08-26T03:51:56+00:00,NVIDIA H200,143771,1615,11,1,36,137.96,76293,2585,73708,1.06,9386,
2026-08-26T03:52:26+00:00,NVIDIA H200,143771,1615,10,1,36,136.73,76293,2585,73708,1.04,9386,
2026-08-26T03:52:57+00:00,NVIDIA H200,143771,1615,11,1,36,138.81,76293,2584,73709,1.02,9386,
2026-08-26T03:53:27+00:00,NVIDIA H200,143771,1615,9,1,36,137.06,76293,2585,73708,1.08,9386,
2026-08-26T03:53:57+00:00,NVIDIA H200,143771,1615,12,1,35,137.41,76293,2584,73709,1.05,9386,
2026-08-26T03:54:27+00:00,NVIDIA H200,143771,1615,12,1,35,138.49,76293,2586,73707,1.03,9386,
2026-08-26T03:54:57+00:00,NVIDIA H200,143771,1615,11,1,35,136.43,76293,2585,73708,1.07,9386,
2026-08-26T03:55:27+00:00,NVIDIA H200,143771,1615,11,1,34,137.08,76293,2585,73708,1.04,9386,
2026-08-26T03:55:57+00:00,NVIDIA H200,143771,1615,11,1,34,134.88,76293,2586,73707,1.03,9386,
2026-08-26T03:56:27+00:00,NVIDIA H200,143771,1615,11,1,34,136.44,76293,2586,73707,1.09,9386,
2026-08-26T03:56:58+00:00,NVIDIA H200,143771,1615,12,1,35,138.19,76293,2585,73708,0.98,9386,
2026-08-26T03:57:28+00:00,NVIDIA H200,143771,1615,12,1,35,138.08,76293,2585,73708,0.99,9386,
2026-08-26T03:57:58+00:00,NVIDIA H200,143771,1615,10,1,36,136.25,76293,2585,73708,0.99,9386,
2026-08-26T03:58:28+00:00,NVIDIA H200,143771,1615,11,1,36,135.83,76293,2585,73708,1.00,9386,
2026-08-26T03:58:58+00:00,NVIDIA H200,143771,1615,11,1,36,136.93,76293,2585,73708,1.00,9386,
2026-08-26T03:59:28+00:00,NVIDIA H200,143771,1615,15,2,35,138.39,76293,2584,73709,1.00,9386,
2026-08-26T03:59:58+00:00,NVIDIA H200,143771,1615,12,1,33,134.72,76293,2584,73709,1.00,9386,
2026-08-26T04:00:28+00:00,NVIDIA H200,143771,1615,11,1,31,134.31,76293,2584,73709,1.07,9386,
2026-08-26T04:00:59+00:00,NVIDIA H200,143771,1615,11,1,30,137.01,76293,2585,73708,0.99,9386,
2026-08-26T04:01:29+00:00,NVIDIA H200,143771,1615,11,1,28,133.60,76293,2585,73708,0.99,9386,
2026-08-26T04:01:59+00:00,NVIDIA H200,143771,1615,17,2,28,136.46,76293,2585,73707,1.00,9386,
2026-08-26T04:02:29+00:00,NVIDIA H200,143771,1615,11,1,27,134.13,76293,2586,73707,1.03,9386,
2026-08-26T04:02:59+00:00,NVIDIA H200,143771,1615,22,1,26,134.67,76293,2566,73727,1.02,9386,
2026-08-26T04:03:29+00:00,NVIDIA H200,143771,913,24,1,27,132.73,76293,2566,73727,1.09,9386,
2026-08-26T04:03:59+00:00,NVIDIA H200,143771,913,22,1,28,133.93,76293,2565,73728,1.05,9386,
2026-08-26T04:04:29+00:00,NVIDIA H200,143771,913,24,1,30,134.52,76293,2565,73728,1.09,9386,
2026-08-26T04:05:00+00:00,NVIDIA H200,143771,913,23,1,31,133.58,76293,2565,73728,1.06,9386,
2026-08-26T04:05:30+00:00,NVIDIA H200,143771,913,23,1,31,134.79,76293,2565,73728,1.03,9386,
2026-08-26T04:06:00+00:00,NVIDIA H200,143771,913,26,1,32,138.89,76293,2565,73728,1.02,9386,
2026-08-26T04:06:30+00:00,NVIDIA H200,143771,913,18,0,32,135.66,76293,2565,73728,1.01,9386,
2026-08-26T04:07:00+00:00,NVIDIA H200,143771,913,20,0,33,134.63,76293,2565,73728,1.06,9386,
2026-08-26T04:07:30+00:00,NVIDIA H200,143771,913,22,1,33,136.01,76293,2566,73727,1.03,9386,
2026-08-26T04:08:00+00:00,NVIDIA H200,143771,913,20,0,33,135.19,76293,2565,73728,0.95,9386,
2026-08-26T04:08:30+00:00,NVIDIA H200,143771,913,23,1,33,136.85,76293,2565,73728,0.97,9386,
2026-08-26T04:09:00+00:00,NVIDIA H200,143771,913,28,1,32,136.30,76293,2564,73729,0.98,9386,
2026-08-26T04:09:31+00:00,NVIDIA H200,143771,913,21,1,32,135.03,76293,2563,73730,0.99,9386,
2026-08-26T04:10:01+00:00,NVIDIA H200,143771,913,24,1,33,137.98,76293,2564,73729,0.92,9386,
2026-08-26T04:10:31+00:00,NVIDIA H200,143771,913,23,1,34,139.02,76293,2565,73728,0.90,9386,
2026-08-26T04:11:01+00:00,NVIDIA H200,143771,913,24,1,34,138.12,76293,2564,73729,0.94,9386,
2026-08-26T04:11:31+00:00,NVIDIA H200,143771,913,23,1,34,136.75,76293,2564,73729,0.96,9386,
2026-08-26T04:12:01+00:00,NVIDIA H200,143771,913,24,1,35,137.97,76293,2565,73728,0.98,9386,
2026-08-26T04:12:31+00:00,NVIDIA H200,143771,913,25,1,36,139.99,76293,2565,73728,0.87,9386,
2026-08-26T04:13:01+00:00,NVIDIA H200,143771,913,24,1,36,138.44,76293,2564,73729,0.92,9386,
2026-08-26T04:13:32+00:00,NVIDIA H200,143771,913,23,1,37,138.90,76293,2564,73729,0.96,9386,
2026-08-26T04:14:02+00:00,NVIDIA H200,143771,913,24,1,36,139.98,76293,2564,73729,0.98,9386,
2026-08-26T04:14:32+00:00,NVIDIA H200,143771,913,22,1,35,138.68,76293,2564,73729,1.05,9386,
2026-08-26T04:15:02+00:00,NVIDIA H200,143771,913,24,1,34,139.45,76293,2564,73729,0.96,9386,
2026-08-26T04:15:32+00:00,NVIDIA H200,143771,913,24,1,33,137.92,76293,2564,73729,1.04,9386,
2026-08-26T04:16:02+00:00,NVIDIA H200,143771,913,23,1,32,137.68,76293,2564,73729,1.02,9386,
2026-08-26T04:16:32+00:00,NVIDIA H200,143771,913,23,1,32,137.82,76293,2564,73729,1.01,9386,
2026-08-26T04:17:02+00:00,NVIDIA H200,143771,913,23,1,31,135.41,76293,2564,73729,1.00,9386,
2026-08-26T04:17:33+00:00,NVIDIA H200,143771,913,24,1,31,136.29,76293,2564,73729,1.00,9386,
2026-08-26T04:18:03+00:00,NVIDIA H200,143771,913,24,1,31,136.44,76293,2563,73730,0.94,9386,
2026-08-26T04:18:33+00:00,NVIDIA H200,143771,913,24,1,32,137.12,76293,2564,73729,0.96,9386,
2026-08-26T04:19:03+00:00,NVIDIA H200,143771,913,24,1,33,135.81,76293,2563,73730,0.98,9386,
2026-08-26T04:19:33+00:00,NVIDIA H200,143771,915,24,1,34,137.56,76293,2564,73729,0.93,9386,
2026-08-26T04:20:03+00:00,NVIDIA H200,143771,5291,80,43,45,520.37,76293,2542,73751,0.96,9386,
2026-08-26T04:20:33+00:00,NVIDIA H200,143771,5291,79,43,54,524.38,76293,2544,73749,1.12,9386,
2026-08-26T04:21:03+00:00,NVIDIA H200,143771,5291,76,42,56,522.01,76293,2543,73750,1.01,9386,
2026-08-26T04:21:34+00:00,NVIDIA H200,143771,5291,80,44,56,523.85,76293,2543,73750,1.00,9386,
2026-08-26T04:22:04+00:00,NVIDIA H200,143771,5291,82,44,57,543.37,76293,2543,73750,1.00,9386,
2026-08-26T04:22:34+00:00,NVIDIA H200,143771,5291,77,42,57,539.85,76293,2544,73749,1.00,9386,
2026-08-26T04:23:04+00:00,NVIDIA H200,143771,5291,81,44,57,541.85,76293,2543,73750,1.00,9386,
2026-08-26T04:23:34+00:00,NVIDIA H200,143771,5721,78,43,56,538.47,76293,2544,73749,0.93,9386,
2026-08-26T04:24:04+00:00,NVIDIA H200,143771,5721,81,44,56,544.23,76293,2543,73750,1.17,9386,
2026-08-26T04:24:34+00:00,NVIDIA H200,143771,5721,77,42,55,539.32,76293,2542,73751,1.18,9386,
2026-08-26T04:25:04+00:00,NVIDIA H200,143771,5721,78,42,55,544.90,76293,2542,73751,1.11,9386,
2026-08-26T04:25:35+00:00,NVIDIA H200,143771,5721,75,41,55,544.61,76293,2542,73751,1.06,9386,
2026-08-26T04:26:05+00:00,NVIDIA H200,143771,5721,79,43,55,543.20,76293,2543,73750,1.04,9386,
2026-08-26T04:26:35+00:00,NVIDIA H200,143771,5721,78,43,55,523.93,76293,2542,73751,1.10,9386,
2026-08-26T04:27:05+00:00,NVIDIA H200,143771,5721,81,44,56,563.43,76293,2542,73751,1.20,9386,
2026-08-26T04:27:35+00:00,NVIDIA H200,143771,6275,88,48,57,521.64,76293,2542,73751,1.12,9386,
2026-08-26T04:28:05+00:00,NVIDIA H200,143771,6275,81,44,57,542.42,76293,2542,73751,1.07,9386,
2026-08-26T04:28:35+00:00,NVIDIA H200,143771,6275,81,44,57,541.48,76293,2543,73750,1.04,9386,
2026-08-26T04:29:05+00:00,NVIDIA H200,143771,6275,80,43,57,554.52,76293,2542,73751,1.02,9386,
2026-08-26T04:29:35+00:00,NVIDIA H200,143771,6275,81,44,53,535.88,76293,2543,73750,1.01,9386,
2026-08-26T04:30:06+00:00,NVIDIA H200,143771,6275,83,45,51,513.11,76293,2542,73751,0.99,9386,
2026-08-26T04:30:36+00:00,NVIDIA H200,143771,6275,79,43,50,528.97,76293,2542,73751,1.00,9386,
2026-08-26T04:31:06+00:00,NVIDIA H200,143771,6585,78,42,49,531.33,76293,2543,73750,1.00,9386,
2026-08-26T04:31:36+00:00,NVIDIA H200,143771,6585,82,45,49,535.88,76293,2543,73750,1.07,9386,
2026-08-26T04:32:06+00:00,NVIDIA H200,143771,6585,79,43,47,522.56,76293,2544,73749,1.04,9386,
2026-08-26T04:32:36+00:00,NVIDIA H200,143771,6585,78,42,48,536.98,76293,2543,73750,1.08,9386,
2026-08-26T04:33:06+00:00,NVIDIA H200,143771,6585,80,43,48,528.54,76293,2542,73751,1.05,9386,
2026-08-26T04:33:36+00:00,NVIDIA H200,143771,6585,81,44,49,521.00,76293,2542,73751,1.03,9386,
2026-08-26T04:34:07+00:00,NVIDIA H200,143771,6585,82,45,51,527.13,76293,2543,73750,1.08,9386,
2026-08-26T04:34:37+00:00,NVIDIA H200,143771,6951,80,43,52,527.27,76293,2542,73751,0.97,9386,
2026-08-26T04:35:07+00:00,NVIDIA H200,143771,6951,77,42,53,525.49,76293,2543,73750,1.05,9386,
2026-08-26T04:35:37+00:00,NVIDIA H200,143771,6951,78,43,54,528.90,76293,2543,73750,1.03,9386,
2026-08-26T04:36:07+00:00,NVIDIA H200,143771,6951,72,39,53,484.56,76293,2544,73749,1.02,9386,
2026-08-26T04:36:37+00:00,NVIDIA H200,143771,6951,81,44,55,542.99,76293,2543,73750,1.01,9386,
2026-08-26T04:37:07+00:00,NVIDIA H200,143771,6951,80,44,54,523.11,76293,2543,73750,1.00,9386,
2026-08-26T04:37:37+00:00,NVIDIA H200,143771,6951,79,43,54,533.62,76293,2543,73750,1.00,9386,
2026-08-26T04:38:08+00:00,NVIDIA H200,143771,7399,78,43,54,536.95,76293,2544,73749,1.07,9386,
2026-08-26T04:38:38+00:00,NVIDIA H200,143771,7399,76,41,54,525.70,76293,2543,73750,1.04,9386,
2026-08-26T04:39:08+00:00,NVIDIA H200,143771,7399,74,40,54,511.26,76293,2542,73751,1.02,9386,
2026-08-26T04:39:38+00:00,NVIDIA H200,143771,7399,80,44,55,524.42,76293,2543,73750,1.01,9386,
2026-08-26T04:40:08+00:00,NVIDIA H200,143771,7399,76,41,55,521.01,76293,2542,73751,1.01,9386,
2026-08-26T04:40:38+00:00,NVIDIA H200,143771,7399,80,44,55,526.86,76293,2542,73751,0.94,9386,
2026-08-26T04:41:08+00:00,NVIDIA H200,143771,7399,81,44,56,538.71,76293,2543,73750,1.12,9386,
2026-08-26T04:41:38+00:00,NVIDIA H200,143771,7821,78,43,57,541.27,76293,2543,73750,1.07,9386,
2026-08-26T04:42:09+00:00,NVIDIA H200,143771,7821,78,42,56,531.82,76293,2543,73750,1.04,9386,
2026-08-26T04:42:39+00:00,NVIDIA H200,143771,7821,84,45,57,550.76,76293,2543,73750,1.02,9386,
2026-08-26T04:43:09+00:00,NVIDIA H200,143771,7821,82,45,57,537.24,76293,2542,73751,1.01,9386,
2026-08-26T04:43:39+00:00,NVIDIA H200,143771,7821,82,45,57,553.30,76293,2543,73750,0.95,9386,
2026-08-26T04:44:09+00:00,NVIDIA H200,143771,7821,81,44,56,551.75,76293,2543,73750,0.97,9386,
2026-08-26T04:44:39+00:00,NVIDIA H200,143771,7821,83,45,54,554.89,76293,2542,73751,1.06,9386,
2026-08-26T04:45:09+00:00,NVIDIA H200,143771,8241,80,43,52,518.85,76293,2543,73750,1.03,9386,
2026-08-26T04:45:39+00:00,NVIDIA H200,143771,8241,79,43,52,539.20,76293,2543,73750,1.18,9386,
2026-08-26T04:46:10+00:00,NVIDIA H200,143771,8241,80,44,51,535.06,76293,2544,73749,1.18,9386,
2026-08-26T04:46:40+00:00,NVIDIA H200,143771,8241,77,42,51,517.27,76293,2543,73750,1.11,9386,
2026-08-26T04:47:10+00:00,NVIDIA H200,143771,8241,83,45,51,534.09,76293,2543,73750,1.06,9386,
2026-08-26T04:47:40+00:00,NVIDIA H200,143771,8241,82,45,52,532.65,76293,2542,73751,1.04,9386,
2026-08-26T04:48:10+00:00,NVIDIA H200,143771,8241,83,45,53,538.41,76293,2543,73750,1.02,9386,
2026-08-26T04:48:40+00:00,NVIDIA H200,143771,8241,73,40,53,510.32,76293,2542,73751,1.01,9386,
2026-08-26T04:49:10+00:00,NVIDIA H200,143771,8661,80,44,56,543.35,76293,2542,73751,1.01,9386,
2026-08-26T04:49:40+00:00,NVIDIA H200,143771,8661,79,43,56,540.01,76293,2542,73751,1.00,9386,
2026-08-26T04:50:11+00:00,NVIDIA H200,143771,8661,79,43,56,537.49,76293,2543,73749,1.00,9386,
2026-08-26T04:50:41+00:00,NVIDIA H200,143771,8661,81,44,56,538.24,76293,2543,73750,1.00,9386,
2026-08-26T04:51:11+00:00,NVIDIA H200,143771,8661,80,43,57,544.64,76293,2543,73750,1.00,9386,
2026-08-26T04:51:41+00:00,NVIDIA H200,143771,8661,79,43,57,539.00,76293,2542,73751,1.00,9386,
2026-08-26T04:52:11+00:00,NVIDIA H200,143771,8661,79,43,57,539.85,76293,2545,73748,1.00,9386,
2026-08-26T04:52:41+00:00,NVIDIA H200,143771,9027,83,45,57,542.33,76293,2542,73750,1.00,9386,
2026-08-26T04:53:11+00:00,NVIDIA H200,143771,9027,80,44,56,533.49,76293,2543,73750,1.00,9386,
2026-08-26T04:53:41+00:00,NVIDIA H200,143771,9027,77,42,55,546.26,76293,2543,73750,1.00,9386,
2026-08-26T04:54:12+00:00,NVIDIA H200,143771,9027,83,45,55,549.97,76293,2545,73748,1.00,9386,
2026-08-26T04:54:42+00:00,NVIDIA H200,143771,9027,81,44,55,546.92,76293,2545,73748,1.00,9386,
2026-08-26T04:55:12+00:00,NVIDIA H200,143771,9027,81,44,54,539.81,76293,2543,73750,1.06,9386,
2026-08-26T04:55:42+00:00,NVIDIA H200,143771,9027,82,44,54,539.14,76293,2542,73751,0.98,9386,
2026-08-26T04:56:12+00:00,NVIDIA H200,143771,9447,80,43,53,534.95,76293,2543,73750,0.99,9386,
2026-08-26T04:56:42+00:00,NVIDIA H200,143771,9447,79,43,54,536.05,76293,2544,73749,0.99,9386,
2026-08-26T04:57:12+00:00,NVIDIA H200,143771,9447,78,43,55,542.88,76293,2543,73750,1.00,9386,
2026-08-26T04:57:42+00:00,NVIDIA H200,143771,9447,83,45,55,540.17,76293,2543,73750,1.00,9386,
2026-08-26T04:58:12+00:00,NVIDIA H200,143771,9447,80,43,56,549.08,76293,2543,73750,1.00,9386,
2026-08-26T04:58:43+00:00,NVIDIA H200,143771,9447,78,43,56,545.71,76293,2543,73750,0.99,9386,
2026-08-26T04:59:13+00:00,NVIDIA H200,143771,9447,76,41,57,547.82,76293,2544,73749,1.00,9386,
2026-08-26T04:59:43+00:00,NVIDIA H200,143771,9869,80,44,54,528.34,76293,2545,73748,1.00,9386,
2026-08-26T05:00:13+00:00,NVIDIA H200,143771,9869,79,43,52,542.68,76293,2545,73748,1.00,9386,
2026-08-26T05:00:43+00:00,NVIDIA H200,143771,9869,79,43,51,524.67,76293,2543,73750,1.08,9386,
2026-08-26T05:01:13+00:00,NVIDIA H200,143771,9869,77,42,49,532.47,76293,2543,73750,0.97,9386,
2026-08-26T05:01:43+00:00,NVIDIA H200,143771,9869,78,43,49,530.85,76293,2542,73751,0.98,9386,
2026-08-26T05:02:13+00:00,NVIDIA H200,143771,9869,79,43,49,531.25,76293,2543,73750,1.16,9386,
2026-08-26T05:02:44+00:00,NVIDIA H200,143771,9869,79,43,48,535.46,76293,2543,73750,1.10,9386,
2026-08-26T05:03:14+00:00,NVIDIA H200,143771,10287,81,44,47,516.66,76293,2543,73750,1.06,9386,
2026-08-26T05:03:44+00:00,NVIDIA H200,143771,10287,78,42,47,514.54,76293,2542,73750,1.03,9386,
2026-08-26T05:04:14+00:00,NVIDIA H200,143771,10287,81,44,50,537.19,76293,2544,73749,0.96,9386,
2026-08-26T05:04:44+00:00,NVIDIA H200,143771,10287,79,43,52,533.57,76293,2543,73750,0.98,9386,
2026-08-26T05:05:14+00:00,NVIDIA H200,143771,10287,82,45,53,546.24,76293,2542,73751,0.99,9386,
2026-08-26T05:05:44+00:00,NVIDIA H200,143771,10287,81,44,53,541.58,76293,2542,73751,1.06,9386,
2026-08-26T05:06:14+00:00,NVIDIA H200,143771,10287,81,44,54,543.76,76293,2542,73751,1.03,9386,
2026-08-26T05:06:45+00:00,NVIDIA H200,143771,10655,82,45,55,541.31,76293,3931,72362,1.57,9386,
2026-08-26T05:07:15+00:00,NVIDIA H200,143771,10655,82,45,55,542.35,76293,3917,72376,3.12,9387,
2026-08-26T05:07:45+00:00,NVIDIA H200,143771,10655,78,42,55,544.68,76293,3726,72567,2.34,9386,
2026-08-26T05:08:15+00:00,NVIDIA H200,143771,10655,80,43,56,538.24,76293,3734,72559,1.84,9386,
2026-08-26T05:08:45+00:00,NVIDIA H200,143771,10655,78,43,56,540.86,76293,4142,72151,1.75,9386,
2026-08-26T05:09:15+00:00,NVIDIA H200,143771,10655,79,43,56,537.31,76293,4554,71739,1.45,9386,
2026-08-26T05:09:45+00:00,NVIDIA H200,143771,10655,80,43,56,536.14,76293,4553,71740,1.27,9386,
2026-08-26T05:10:15+00:00,NVIDIA H200,143771,11075,82,45,55,547.70,76293,4547,71746,1.16,9386,
2026-08-26T05:10:46+00:00,NVIDIA H200,143771,11075,79,43,56,544.93,76293,4187,72106,1.26,9386,
2026-08-26T05:11:16+00:00,NVIDIA H200,143771,11075,72,39,54,511.19,76293,4354,71939,2.47,9386,
2026-08-26T05:11:46+00:00,NVIDIA H200,143771,11075,75,41,54,511.82,76293,4943,71350,2.27,9387,
2026-08-26T05:12:16+00:00,NVIDIA H200,143771,11075,71,39,53,501.80,76293,4873,71420,1.90,9387,
2026-08-26T05:12:46+00:00,NVIDIA H200,143771,11075,77,42,54,544.55,76293,4898,71395,1.61,9387,
2026-08-26T05:13:16+00:00,NVIDIA H200,143771,11075,82,45,55,560.78,76293,3434,72859,1.37,9387,
2026-08-26T05:13:46+00:00,NVIDIA H200,143771,11075,77,42,54,546.62,76293,3433,72860,1.22,9387,
2026-08-26T05:14:16+00:00,NVIDIA H200,143771,11495,78,42,56,540.17,76293,3428,72865,1.13,9387,
2026-08-26T05:14:46+00:00,NVIDIA H200,143771,11495,80,43,56,541.44,76293,3423,72870,1.01,9387,
2026-08-26T05:15:17+00:00,NVIDIA H200,143771,11495,83,45,57,542.89,76293,3423,72870,1.01,9387,
2026-08-26T05:15:47+00:00,NVIDIA H200,143771,11495,80,44,57,534.51,76293,3422,72871,1.00,9387,
2026-08-26T05:16:17+00:00,NVIDIA H200,143771,11495,82,45,57,532.76,76293,2942,73351,0.95,9387,
2026-08-26T05:16:47+00:00,NVIDIA H200,143771,11495,81,44,57,547.58,76293,2941,73352,0.97,9387,
2026-08-26T05:17:17+00:00,NVIDIA H200,143771,11495,83,45,57,540.82,76293,2941,73352,0.98,9387,
2026-08-26T05:17:47+00:00,NVIDIA H200,143771,11917,84,46,55,549.98,76293,2942,73351,0.99,9387,
2026-08-26T05:18:17+00:00,NVIDIA H200,143771,11917,78,42,54,554.94,76293,2541,73752,1.00,9387,
2026-08-26T05:18:47+00:00,NVIDIA H200,143771,11917,81,44,53,544.33,76293,2543,73750,1.00,9387,
2026-08-26T05:19:18+00:00,NVIDIA H200,143771,11917,89,48,54,572.96,76293,2543,73750,1.00,9387,
2026-08-26T05:19:48+00:00,NVIDIA H200,143771,11917,78,42,53,537.98,76293,2543,73750,1.05,9387,
2026-08-26T05:20:18+00:00,NVIDIA H200,143771,11917,71,39,51,535.34,76293,2543,73750,1.03,9387,
2026-08-26T05:20:48+00:00,NVIDIA H200,143771,11917,78,43,51,523.03,76293,2543,73750,1.02,9387,
2026-08-26T05:21:18+00:00,NVIDIA H200,143771,12283,80,43,52,527.82,76293,2544,73749,1.07,9387,
2026-08-26T05:21:48+00:00,NVIDIA H200,143771,12283,75,41,54,532.09,76293,2543,73750,1.04,9387,
2026-08-26T05:22:18+00:00,NVIDIA H200,143771,12283,80,44,55,535.55,76293,2543,73750,1.08,9387,
2026-08-26T05:22:48+00:00,NVIDIA H200,143771,12283,85,46,55,551.27,76293,2544,73749,1.04,9387,
2026-08-26T05:23:19+00:00,NVIDIA H200,143771,12283,76,41,54,537.24,76293,2543,73750,1.03,9387,
2026-08-26T05:23:49+00:00,NVIDIA H200,143771,12283,79,43,54,541.62,76293,2543,73750,1.01,9387,
2026-08-26T05:24:19+00:00,NVIDIA H200,143771,12283,81,44,54,525.46,76293,2543,73750,1.08,9387,
2026-08-26T05:24:49+00:00,NVIDIA H200,143771,12705,84,46,54,548.78,76293,2543,73749,1.04,9387,
2026-08-26T05:25:19+00:00,NVIDIA H200,143771,12705,69,37,54,534.43,76293,2543,73750,1.03,9387,
2026-08-26T05:25:49+00:00,NVIDIA H200,143771,12705,80,43,54,551.75,76293,2542,73751,1.22,9387,
2026-08-26T05:26:19+00:00,NVIDIA H200,143771,12705,81,44,55,536.53,76293,2544,73749,1.19,9387,
2026-08-26T05:26:49+00:00,NVIDIA H200,143771,12705,80,43,56,527.69,76293,2543,73750,1.11,9387,
2026-08-26T05:27:20+00:00,NVIDIA H200,143771,12705,78,42,56,538.83,76293,2542,73751,1.18,9387,
2026-08-26T05:27:50+00:00,NVIDIA H200,143771,12705,81,43,57,555.58,76293,2542,73751,1.11,9387,
2026-08-26T05:28:20+00:00,NVIDIA H200,143771,13123,83,45,57,534.30,76293,2543,73750,1.07,9387,
2026-08-26T05:28:50+00:00,NVIDIA H200,143771,13123,83,45,58,555.04,76293,2543,73750,1.04,9387,
2026-08-26T05:29:20+00:00,NVIDIA H200,143771,13123,79,43,58,545.08,76293,2543,73750,1.02,9387,
2026-08-26T05:29:50+00:00,NVIDIA H200,143771,13123,79,43,55,545.87,76293,2543,73750,1.01,9387,
2026-08-26T05:30:20+00:00,NVIDIA H200,143771,13123,75,41,51,538.89,76293,2543,73750,1.01,9387,
2026-08-26T05:30:50+00:00,NVIDIA H200,143771,13123,81,44,50,533.59,76293,2543,73750,1.00,9387,
2026-08-26T05:31:20+00:00,NVIDIA H200,143771,13123,78,42,49,534.52,76293,2544,73749,1.00,9387,
2026-08-26T05:31:51+00:00,NVIDIA H200,143771,13543,77,42,47,519.82,76293,2543,73750,1.16,9387,
2026-08-26T05:32:21+00:00,NVIDIA H200,143771,13543,80,43,48,523.28,76293,2543,73750,1.10,9387,
2026-08-26T05:32:51+00:00,NVIDIA H200,143771,13543,80,44,47,517.55,76293,2543,73750,1.06,9387,
2026-08-26T05:33:21+00:00,NVIDIA H200,143771,13543,77,42,47,543.00,76293,2543,73750,1.03,9387,
2026-08-26T05:33:51+00:00,NVIDIA H200,143771,13543,79,43,48,534.35,76293,2543,73750,0.96,9387,
2026-08-26T05:34:21+00:00,NVIDIA H200,143771,13543,76,41,50,524.61,76293,2543,73750,1.04,9387,
2026-08-26T05:34:51+00:00,NVIDIA H200,143771,13543,74,40,52,520.08,76293,2543,73750,1.02,9387,
2026-08-26T05:35:21+00:00,NVIDIA H200,143771,13963,78,42,53,522.37,76293,2543,73750,1.01,9387,
2026-08-26T05:35:52+00:00,NVIDIA H200,143771,13963,82,45,54,534.84,76293,2543,73750,1.01,9387,
2026-08-26T05:36:22+00:00,NVIDIA H200,143771,13963,82,45,55,535.81,76293,2543,73750,1.00,9387,
2026-08-26T05:36:52+00:00,NVIDIA H200,143771,13963,75,41,55,520.54,76293,2543,73750,1.00,9387,
2026-08-26T05:37:22+00:00,NVIDIA H200,143771,13963,78,42,55,531.48,76293,2542,73751,1.00,9387,
2026-08-26T05:37:52+00:00,NVIDIA H200,143771,13963,76,41,55,522.36,76293,2543,73750,1.06,9387,
2026-08-26T05:38:22+00:00,NVIDIA H200,143771,13963,76,42,55,509.56,76293,2544,73749,1.04,9387,
2026-08-26T05:38:52+00:00,NVIDIA H200,143771,13963,75,41,55,525.35,76293,2543,73750,1.02,9387,
2026-08-26T05:39:22+00:00,NVIDIA H200,143771,14383,79,43,56,532.40,76293,2543,73750,1.01,9387,
2026-08-26T05:39:53+00:00,NVIDIA H200,143771,14383,74,40,56,517.87,76293,2543,73750,1.01,9387,
2026-08-26T05:40:23+00:00,NVIDIA H200,143771,14383,77,42,56,519.49,76293,2543,73750,1.00,9387,
2026-08-26T05:40:53+00:00,NVIDIA H200,143771,14383,79,43,55,537.18,76293,2542,73750,1.06,9387,
2026-08-26T05:41:23+00:00,NVIDIA H200,143771,14383,86,46,56,539.05,76293,2542,73750,1.04,9387,
2026-08-26T05:41:53+00:00,NVIDIA H200,143771,14383,78,43,56,543.48,76293,2543,73750,1.22,9387,
2026-08-26T05:42:23+00:00,NVIDIA H200,143771,14383,79,43,55,475.67,76293,2544,73749,1.13,9387,
2026-08-26T05:42:53+00:00,NVIDIA H200,143771,14751,77,42,55,538.63,76293,2543,73750,1.08,9387,
2026-08-26T05:43:23+00:00,NVIDIA H200,143771,14751,69,37,55,526.78,76293,2542,73751,1.10,9387,
2026-08-26T05:43:53+00:00,NVIDIA H200,143771,14751,82,45,56,534.28,76293,2543,73750,1.06,9387,
2026-08-26T05:44:24+00:00,NVIDIA H200,143771,14751,82,45,56,531.08,76293,2545,73748,1.26,9387,
2026-08-26T05:44:54+00:00,NVIDIA H200,143771,14751,82,45,57,540.46,76293,2544,73749,1.16,9387,
2026-08-26T05:45:24+00:00,NVIDIA H200,143771,14751,80,44,57,546.04,76293,2544,73749,1.15,9387,
2026-08-26T05:45:54+00:00,NVIDIA H200,143771,14751,86,47,57,555.58,76293,2543,73750,1.16,9387,
2026-08-26T05:46:24+00:00,NVIDIA H200,143771,15171,80,43,56,544.32,76293,2545,73748,1.10,9387,
2026-08-26T05:46:54+00:00,NVIDIA H200,143771,15171,76,41,55,519.97,76293,2543,73750,1.06,9387,
2026-08-26T05:47:24+00:00,NVIDIA H200,143771,15171,75,41,53,514.58,76293,2543,73750,1.03,9387,
2026-08-26T05:47:54+00:00,NVIDIA H200,143771,15171,75,41,52,523.13,76293,2543,73750,1.08,9387,
2026-08-26T05:48:25+00:00,NVIDIA H200,143771,15171,74,40,52,511.11,76293,2544,73749,1.05,9387,
2026-08-26T05:48:55+00:00,NVIDIA H200,143771,15171,82,45,52,556.07,76293,2543,73750,1.03,9387,
2026-08-26T05:49:25+00:00,NVIDIA H200,143771,15171,81,44,52,534.79,76293,2542,73751,1.02,9387,
2026-08-26T05:49:55+00:00,NVIDIA H200,143771,15591,79,43,51,525.45,76293,2543,73750,1.13,9387,
2026-08-26T05:50:25+00:00,NVIDIA H200,143771,15591,82,44,51,516.67,76293,2544,73749,1.08,9387,
2026-08-26T05:50:55+00:00,NVIDIA H200,143771,15591,79,43,53,525.01,76293,2544,73749,1.33,9387,
2026-08-26T05:51:25+00:00,NVIDIA H200,143771,15591,79,43,55,535.13,76293,2543,73750,1.20,9387,
2026-08-26T05:51:55+00:00,NVIDIA H200,143771,15591,81,44,56,540.89,76293,2543,73750,1.12,9387,
2026-08-26T05:52:26+00:00,NVIDIA H200,143771,15591,70,38,54,521.46,76293,2544,73749,1.07,9387,
2026-08-26T05:52:56+00:00,NVIDIA H200,143771,15591,80,44,56,540.01,76293,2544,73749,1.12,9387,
2026-08-26T05:53:26+00:00,NVIDIA H200,143771,16011,79,43,56,535.38,76293,2544,73749,1.41,9387,
2026-08-26T05:53:56+00:00,NVIDIA H200,143771,16011,81,44,56,546.32,76293,2543,73750,1.32,9387,
2026-08-26T05:54:26+00:00,NVIDIA H200,143771,16011,82,45,57,552.11,76293,2543,73750,1.26,9387,
2026-08-26T05:54:56+00:00,NVIDIA H200,143771,16011,75,41,56,549.74,76293,2543,73750,1.15,9387,
2026-08-26T05:55:26+00:00,NVIDIA H200,143771,16011,82,45,57,547.82,76293,2543,73750,1.09,9387,
2026-08-26T05:55:56+00:00,NVIDIA H200,143771,16011,82,45,57,534.72,76293,2543,73750,1.06,9387,
2026-08-26T05:56:27+00:00,NVIDIA H200,143771,16011,82,44,56,544.81,76293,2544,73749,1.03,9387,
2026-08-26T05:56:57+00:00,NVIDIA H200,143771,16431,77,42,55,544.95,76293,2544,73749,1.23,9387,
2026-08-26T05:57:27+00:00,NVIDIA H200,143771,16431,87,47,55,575.48,76293,2542,73751,1.14,9387,
2026-08-26T05:57:57+00:00,NVIDIA H200,143771,16431,81,44,56,547.16,76293,2543,73750,1.02,9387,
2026-08-26T05:58:27+00:00,NVIDIA H200,143771,16431,79,43,55,541.65,76293,2543,73750,1.01,9387,
2026-08-26T05:58:57+00:00,NVIDIA H200,143771,16431,78,42,55,538.13,76293,2543,73750,1.09,9387,
2026-08-26T05:59:27+00:00,NVIDIA H200,143771,16431,79,43,55,532.21,76293,2544,73749,1.12,9387,
2026-08-26T05:59:57+00:00,NVIDIA H200,143771,16431,78,43,55,533.07,76293,2543,73750,1.12,9387,
2026-08-26T06:00:28+00:00,NVIDIA H200,143771,16853,84,46,55,392.80,76293,2543,73750,1.07,9387,
2026-08-26T06:00:58+00:00,NVIDIA H200,143771,16853,80,44,53,533.56,76293,2544,73749,1.04,9387,
2026-08-26T06:01:28+00:00,NVIDIA H200,143771,16853,79,43,52,518.59,76293,2544,73749,1.02,9387,
2026-08-26T06:01:58+00:00,NVIDIA H200,143771,16853,78,43,51,530.56,76293,2543,73750,1.01,9387,
2026-08-26T06:02:28+00:00,NVIDIA H200,143771,16853,79,43,51,531.75,76293,2544,73749,1.01,9387,
2026-08-26T06:02:58+00:00,NVIDIA H200,143771,16853,79,43,51,538.89,76293,2544,73749,1.08,9387,
2026-08-26T06:03:28+00:00,NVIDIA H200,143771,16853,79,43,50,534.26,76293,2544,73749,1.05,9387,
2026-08-26T06:03:58+00:00,NVIDIA H200,143771,16853,83,45,49,524.52,76293,2543,73750,1.03,9387,
2026-08-26T06:04:29+00:00,NVIDIA H200,143771,17273,80,43,50,531.46,76293,2545,73748,1.02,9387,
2026-08-26T06:04:59+00:00,NVIDIA H200,143771,17273,76,41,51,533.66,76293,2546,73747,1.01,9387,
2026-08-26T06:05:29+00:00,NVIDIA H200,143771,17273,82,45,53,535.82,76293,2546,73747,1.00,9387,
2026-08-26T06:05:59+00:00,NVIDIA H200,143771,17273,80,44,54,547.89,76293,2546,73747,1.00,9387,
2026-08-26T06:06:29+00:00,NVIDIA H200,143771,17273,83,45,55,543.31,76293,2547,73746,1.00,9387,
2026-08-26T06:06:59+00:00,NVIDIA H200,143771,17273,81,44,55,547.59,76293,2547,73746,1.00,9387,
2026-08-26T06:07:29+00:00,NVIDIA H200,143771,17273,83,45,56,544.00,76293,2547,73746,1.09,9387,
2026-08-26T06:07:59+00:00,NVIDIA H200,143771,17639,84,46,56,555.08,76293,2548,73744,1.05,9387,
2026-08-26T06:08:30+00:00,NVIDIA H200,143771,17639,82,44,56,553.57,76293,2550,73743,1.03,9387,
2026-08-26T06:09:00+00:00,NVIDIA H200,143771,17639,80,43,55,536.98,76293,2549,73744,1.02,9387,
2026-08-26T06:09:30+00:00,NVIDIA H200,143771,17639,77,42,56,525.24,76293,2548,73745,1.01,9387,
2026-08-26T06:10:00+00:00,NVIDIA H200,143771,17639,83,45,57,541.28,76293,2549,73744,1.00,9387,
2026-08-26T06:10:30+00:00,NVIDIA H200,143771,17639,80,44,56,538.72,76293,2551,73742,1.00,9387,
2026-08-26T06:11:00+00:00,NVIDIA H200,143771,17639,81,44,56,523.59,76293,2550,73743,1.00,9387,
2026-08-26T06:11:30+00:00,NVIDIA H200,143771,18059,79,43,55,538.06,76293,2553,73740,1.00,9387,
2026-08-26T06:12:00+00:00,NVIDIA H200,143771,18059,84,46,54,554.95,76293,2553,73740,1.00,9387,
2026-08-26T06:12:31+00:00,NVIDIA H200,143771,18059,76,42,53,523.90,76293,2554,73739,1.08,9387,
2026-08-26T06:13:01+00:00,NVIDIA H200,143771,18059,83,45,52,528.67,76293,2552,73741,1.05,9387,
2026-08-26T06:13:31+00:00,NVIDIA H200,143771,18059,80,44,52,544.31,76293,2552,73740,1.03,9387,
2026-08-26T06:14:01+00:00,NVIDIA H200,143771,18059,78,42,51,532.04,76293,2552,73741,1.02,9387,
2026-08-26T06:14:31+00:00,NVIDIA H200,143771,18059,79,43,51,538.48,76293,2553,73740,1.01,9387,
2026-08-26T06:15:01+00:00,NVIDIA H200,143771,18481,79,43,52,537.43,76293,2554,73739,1.00,9387,
2026-08-26T06:15:31+00:00,NVIDIA H200,143771,18481,77,42,53,522.69,76293,2554,73739,1.00,9387,
2026-08-26T06:16:01+00:00,NVIDIA H200,143771,18481,79,43,54,504.21,76293,2554,73739,1.00,9387,
2026-08-26T06:16:31+00:00,NVIDIA H200,143771,18481,76,42,54,556.04,76293,2555,73738,1.00,9387,
2026-08-26T06:17:02+00:00,NVIDIA H200,143771,18481,77,42,55,521.24,76293,2555,73738,0.98,9387,
2026-08-26T06:17:32+00:00,NVIDIA H200,143771,18481,77,42,56,514.54,76293,2558,73735,1.07,9387,
2026-08-26T06:18:02+00:00,NVIDIA H200,143771,18481,71,39,55,535.85,76293,2558,73735,1.04,9387,
2026-08-26T06:18:32+00:00,NVIDIA H200,143771,18899,79,43,56,532.64,76293,2558,73735,1.02,9387,
2026-08-26T06:19:02+00:00,NVIDIA H200,143771,18899,78,43,57,540.46,76293,2558,73735,0.95,9387,
2026-08-26T06:19:32+00:00,NVIDIA H200,143771,18899,79,43,57,529.76,76293,2557,73736,0.97,9387,
2026-08-26T06:20:02+00:00,NVIDIA H200,143771,18899,77,42,57,517.55,76293,2559,73734,0.90,9387,
2026-08-26T06:20:32+00:00,NVIDIA H200,143771,18899,82,45,57,541.91,76293,2559,73734,1.00,9387,
2026-08-26T06:21:03+00:00,NVIDIA H200,143771,18899,81,44,56,540.50,76293,2559,73734,1.00,9387,
2026-08-26T06:21:33+00:00,NVIDIA H200,143771,18899,79,43,55,541.34,76293,2559,73734,1.00,9387,
2026-08-26T06:22:03+00:00,NVIDIA H200,143771,19321,76,41,54,524.81,76293,2561,73732,1.00,9387,
2026-08-26T06:22:33+00:00,NVIDIA H200,143771,19321,76,41,55,503.78,76293,2562,73731,1.00,9387,
2026-08-26T06:23:03+00:00,NVIDIA H200,143771,19321,75,40,54,518.43,76293,2562,73731,1.00,9387,
2026-08-26T06:23:33+00:00,NVIDIA H200,143771,19321,79,43,54,512.61,76293,2562,73731,1.00,9387,
2026-08-26T06:24:03+00:00,NVIDIA H200,143771,19321,78,42,54,531.97,76293,2561,73732,1.00,9387,
2026-08-26T06:24:33+00:00,NVIDIA H200,143771,19321,78,43,55,515.66,76293,2563,73730,1.00,9387,
2026-08-26T06:25:04+00:00,NVIDIA H200,143771,19321,79,43,55,516.76,76293,2560,73733,1.06,9387,
2026-08-26T06:25:34+00:00,NVIDIA H200,143771,19741,80,43,56,514.40,76293,2561,73732,1.04,9387,
2026-08-26T06:26:04+00:00,NVIDIA H200,143771,19741,84,46,56,531.70,76293,2562,73731,1.02,9387,
2026-08-26T06:26:34+00:00,NVIDIA H200,143771,19741,79,43,54,518.03,76293,2564,73729,1.01,9387,
2026-08-26T06:27:04+00:00,NVIDIA H200,143771,19741,79,43,51,513.84,76293,2564,73729,1.01,9387,
2026-08-26T06:27:34+00:00,NVIDIA H200,143771,19741,77,42,50,541.61,76293,2564,73729,1.00,9387,
2026-08-26T06:28:04+00:00,NVIDIA H200,143771,19741,80,43,50,535.56,76293,2566,73727,1.07,9387,
2026-08-26T06:28:34+00:00,NVIDIA H200,143771,19741,77,42,49,509.04,76293,2631,73662,1.19,9387,
2026-08-26T06:29:04+00:00,NVIDIA H200,143771,19741,76,41,48,531.20,76293,2686,73607,1.58,9387,
2026-08-26T06:29:35+00:00,NVIDIA H200,143771,20107,79,43,48,528.22,76293,2569,73724,1.52,9387,
2026-08-26T06:30:05+00:00,NVIDIA H200,143771,20107,90,48,49,577.94,76293,2569,73724,1.38,9387,
2026-08-26T06:30:35+00:00,NVIDIA H200,143771,20107,77,42,47,526.50,76293,2570,73723,1.30,9387,
2026-08-26T06:31:05+00:00,NVIDIA H200,143771,20107,80,43,49,528.84,76293,2571,73722,1.18,9387,
2026-08-26T06:31:35+00:00,NVIDIA H200,143771,20107,83,45,51,532.44,76293,2570,73723,1.11,9387,
2026-08-26T06:32:05+00:00,NVIDIA H200,143771,20107,82,44,51,517.89,76293,2571,73722,1.13,9387,
2026-08-26T06:32:35+00:00,NVIDIA H200,143771,20107,82,44,52,530.95,76293,2572,73721,1.08,9387,
2026-08-26T06:33:05+00:00,NVIDIA H200,143771,20555,79,43,53,532.21,76293,2572,73720,1.05,9387,
2026-08-26T06:33:35+00:00,NVIDIA H200,143771,20555,75,41,54,536.90,76293,2573,73720,1.03,9387,
2026-08-26T06:34:06+00:00,NVIDIA H200,143771,20555,79,43,54,537.99,76293,2574,73719,1.09,9387,
2026-08-26T06:34:36+00:00,NVIDIA H200,143771,20555,79,43,54,546.00,76293,2570,73723,1.05,9387,
2026-08-26T06:35:06+00:00,NVIDIA H200,143771,20555,83,45,54,537.10,76293,2570,73723,1.11,9387,
2026-08-26T06:35:36+00:00,NVIDIA H200,143771,20555,78,42,54,529.24,76293,2571,73722,1.06,9387,
2026-08-26T06:36:06+00:00,NVIDIA H200,143771,20555,79,43,55,523.27,76293,2572,73721,1.04,9387,
2026-08-26T06:36:36+00:00,NVIDIA H200,143771,20977,80,44,55,537.11,76293,2573,73720,1.02,9387,
2026-08-26T06:37:06+00:00,NVIDIA H200,143771,20977,83,45,55,552.83,76293,2573,73720,1.01,9387,
2026-08-26T06:37:36+00:00,NVIDIA H200,143771,20977,80,43,54,535.91,76293,2573,73720,1.01,9387,
2026-08-26T06:38:07+00:00,NVIDIA H200,143771,20977,76,41,54,542.81,76293,2573,73719,1.00,9387,
2026-08-26T06:38:37+00:00,NVIDIA H200,143771,20977,79,43,54,539.96,76293,2573,73720,1.00,9387,
2026-08-26T06:39:07+00:00,NVIDIA H200,143771,20977,80,43,54,535.97,76293,2574,73719,1.00,9387,
2026-08-26T06:39:37+00:00,NVIDIA H200,143771,20977,76,41,53,533.59,76293,2575,73718,1.00,9387,
2026-08-26T06:40:07+00:00,NVIDIA H200,143771,21397,82,45,53,541.90,76293,2576,73717,1.00,9387,
2026-08-26T06:40:37+00:00,NVIDIA H200,143771,21397,79,43,54,533.44,76293,2576,73717,1.00,9387,
2026-08-26T06:41:07+00:00,NVIDIA H200,143771,21397,77,42,54,542.46,76293,2576,73717,1.00,9387,
2026-08-26T06:41:37+00:00,NVIDIA H200,143771,21397,80,43,55,528.48,76293,2576,73717,1.00,9387,
2026-08-26T06:42:08+00:00,NVIDIA H200,143771,21397,79,43,56,511.08,76293,2578,73715,1.00,9387,
2026-08-26T06:42:38+00:00,NVIDIA H200,143771,21397,78,42,56,527.92,76293,2578,73715,1.00,9387,
2026-08-26T06:43:08+00:00,NVIDIA H200,143771,21397,82,45,57,552.03,76293,2578,73715,1.00,9387,
2026-08-26T06:43:38+00:00,NVIDIA H200,143771,21397,0,0,45,124.20,76293,4303,71990,1.56,9387,
2026-08-26T06:44:08+00:00,NVIDIA H200,143771,21397,0,0,39,121.05,76293,4311,71982,13.55,9387,
2026-08-26T06:44:38+00:00,NVIDIA H200,143771,21397,10,0,38,133.97,76293,4289,72004,14.65,9387,
2026-08-26T06:45:08+00:00,NVIDIA H200,143771,895,10,0,35,132.13,76293,4290,72003,9.27,9387,
2026-08-26T06:45:38+00:00,NVIDIA H200,143771,895,10,0,33,132.78,76293,4289,72004,6.01,9387,
2026-08-26T06:46:09+00:00,NVIDIA H200,143771,895,10,0,31,133.51,76293,4289,72004,3.97,9387,
2026-08-26T06:46:39+00:00,NVIDIA H200,143771,897,10,0,30,131.98,76293,4289,72004,2.87,9387,
2026-08-26T06:47:09+00:00,NVIDIA H200,143771,897,10,0,28,130.13,76293,4289,72004,2.08,9387,
2026-08-26T06:47:39+00:00,NVIDIA H200,143771,897,10,0,27,129.04,76293,4288,72005,1.66,9387,
2026-08-26T06:48:09+00:00,NVIDIA H200,143771,897,19,0,26,138.69,76293,4290,72003,1.40,9387,
2026-08-26T06:48:39+00:00,NVIDIA H200,143771,899,10,0,25,129.35,76293,4289,72004,1.19,9387,
2026-08-26T06:49:09+00:00,NVIDIA H200,143771,899,13,0,26,132.43,76293,4289,72004,1.11,9387,
2026-08-26T06:49:39+00:00,NVIDIA H200,143771,899,10,0,27,129.39,76293,2568,73725,1.14,9387,
2026-08-26T06:50:09+00:00,NVIDIA H200,143771,899,10,0,28,127.82,76293,2568,73724,1.08,9387,
2026-08-26T06:50:40+00:00,NVIDIA H200,143771,901,20,0,29,144.82,76293,2568,73725,1.05,9387,
2026-08-26T06:51:10+00:00,NVIDIA H200,143771,901,10,0,29,132.34,76293,2568,73724,1.03,9387,
2026-08-26T06:51:40+00:00,NVIDIA H200,143771,901,11,0,31,130.97,76293,2568,73725,1.02,9387,
2026-08-26T06:52:10+00:00,NVIDIA H200,143771,901,11,0,31,130.64,76293,2569,73724,1.01,9387,
2026-08-26T06:52:40+00:00,NVIDIA H200,143771,903,10,0,31,130.15,76293,2568,73725,0.94,9387,
2026-08-26T06:53:10+00:00,NVIDIA H200,143771,903,10,0,32,130.81,76293,2567,73725,0.89,9387,
2026-08-26T06:53:40+00:00,NVIDIA H200,143771,903,10,0,32,132.89,76293,2568,73724,0.93,9387,
2026-08-26T06:54:10+00:00,NVIDIA H200,143771,903,10,0,31,129.41,76293,2568,73724,0.96,9387,
2026-08-26T06:54:41+00:00,NVIDIA H200,143771,905,10,0,32,131.91,76293,2569,73724,0.98,9387,
2026-08-26T06:55:11+00:00,NVIDIA H200,143771,905,10,0,32,130.59,76293,2569,73724,1.27,9387,
2026-08-26T06:55:41+00:00,NVIDIA H200,143771,905,5,0,32,130.09,76293,2566,73727,1.10,9387,
2026-08-26T06:56:11+00:00,NVIDIA H200,143771,907,10,0,32,130.78,76293,2568,73725,1.01,9387,
2026-08-26T06:56:41+00:00,NVIDIA H200,143771,907,10,0,31,129.55,76293,2568,73725,0.93,9387,
2026-08-26T06:57:11+00:00,NVIDIA H200,143771,907,10,0,31,132.08,76293,2568,73725,0.90,9387,
2026-08-26T06:57:41+00:00,NVIDIA H200,143771,907,13,0,32,132.65,76293,2568,73725,0.94,9387,
2026-08-26T06:58:11+00:00,NVIDIA H200,143771,907,10,0,32,130.78,76293,2568,73724,0.96,9387,
2026-08-26T06:58:41+00:00,NVIDIA H200,143771,909,10,0,33,129.67,76293,2568,73725,0.91,9387,
2026-08-26T06:59:12+00:00,NVIDIA H200,143771,909,0,0,33,117.69,76293,4264,72029,4.14,9387,
2026-08-26T06:59:42+00:00,NVIDIA H200,143771,909,0,0,32,117.64,76293,4215,72078,15.12,9387,
2026-08-26T07:00:12+00:00,NVIDIA H200,143771,1229,10,1,33,136.86,76293,4443,71850,15.21,9387,
2026-08-26T07:00:42+00:00,NVIDIA H200,143771,1229,11,1,32,136.15,76293,4443,71850,9.61,9387,
2026-08-26T07:01:12+00:00,NVIDIA H200,143771,1229,10,1,31,134.73,76293,4443,71850,6.22,9387,
2026-08-26T07:01:42+00:00,NVIDIA H200,143771,1231,15,2,31,135.77,76293,4443,71850,4.16,9387,
2026-08-26T07:02:12+00:00,NVIDIA H200,143771,1231,12,1,30,135.92,76293,4444,71849,2.91,9387,
2026-08-26T07:02:42+00:00,NVIDIA H200,143771,1233,10,1,30,135.76,76293,4444,71849,2.16,9387,
2026-08-26T07:03:13+00:00,NVIDIA H200,143771,1233,11,1,30,138.23,76293,4443,71850,1.70,9387,
2026-08-26T07:03:43+00:00,NVIDIA H200,143771,1235,11,1,30,135.66,76293,4444,71849,1.42,9387,
2026-08-26T07:04:13+00:00,NVIDIA H200,143771,1237,12,1,30,135.58,76293,4444,71849,1.26,9387,
2026-08-26T07:04:43+00:00,NVIDIA H200,143771,1237,11,1,31,132.18,76293,4443,71850,1.15,9387,
2026-08-26T07:05:13+00:00,NVIDIA H200,143771,1239,12,1,32,135.52,76293,2723,73570,1.09,9387,
2026-08-26T07:05:43+00:00,NVIDIA H200,143771,1239,11,1,33,136.87,76293,2724,73569,1.06,9387,
2026-08-26T07:06:13+00:00,NVIDIA H200,143771,1241,11,1,33,135.24,76293,2724,73568,1.03,9387,
2026-08-26T07:06:43+00:00,NVIDIA H200,143771,1243,11,1,34,135.45,76293,2723,73570,1.02,9387,
2026-08-26T07:07:14+00:00,NVIDIA H200,143771,1243,12,1,35,138.10,76293,2724,73569,1.01,9387,
2026-08-26T07:07:44+00:00,NVIDIA H200,143771,1243,11,1,35,135.30,76293,2723,73570,1.00,9387,
2026-08-26T07:08:14+00:00,NVIDIA H200,143771,1245,10,1,35,135.82,76293,2722,73570,1.00,9387,
2026-08-26T07:08:44+00:00,NVIDIA H200,143771,1245,11,1,36,135.12,76293,2724,73569,1.07,9387,
2026-08-26T07:09:14+00:00,NVIDIA H200,143771,1247,11,1,36,138.90,76293,2724,73569,1.04,9387,
2026-08-26T07:09:44+00:00,NVIDIA H200,143771,1247,12,1,36,137.60,76293,2723,73570,1.08,9387,
2026-08-26T07:10:14+00:00,NVIDIA H200,143771,1249,11,1,36,135.82,76293,2722,73571,1.05,9387,
2026-08-26T07:10:44+00:00,NVIDIA H200,143771,1413,11,1,36,137.16,76293,2723,73570,1.26,9387,
2026-08-26T07:11:15+00:00,NVIDIA H200,143771,1413,11,1,35,136.05,76293,2723,73570,1.15,9387,
2026-08-26T07:11:45+00:00,NVIDIA H200,143771,1415,11,1,35,136.76,76293,2725,73568,1.09,9387,
2026-08-26T07:12:15+00:00,NVIDIA H200,143771,1417,12,1,35,139.77,76293,2724,73569,1.06,9387,
2026-08-26T07:12:45+00:00,NVIDIA H200,143771,1417,12,1,35,136.37,76293,2723,73570,1.03,9387,
2026-08-26T07:13:15+00:00,NVIDIA H200,143771,1417,11,1,35,136.14,76293,2723,73570,1.02,9387,
2026-08-26T07:13:45+00:00,NVIDIA H200,143771,1417,11,1,35,136.56,76293,2724,73569,1.01,9387,
2026-08-26T07:14:15+00:00,NVIDIA H200,143771,1421,11,1,36,135.61,76293,2724,73569,1.07,9387,
2026-08-26T07:14:45+00:00,NVIDIA H200,143771,1421,12,1,36,138.55,76293,2724,73569,1.04,9387,
2026-08-26T07:15:16+00:00,NVIDIA H200,143771,1421,11,1,36,135.97,76293,2723,73570,1.02,9387,
2026-08-26T07:15:46+00:00,NVIDIA H200,143771,1423,11,1,36,136.47,76293,2724,73569,1.01,9387,
2026-08-26T07:16:16+00:00,NVIDIA H200,143771,1423,11,1,35,137.76,76293,2725,73568,0.95,9387,
2026-08-26T07:16:46+00:00,NVIDIA H200,143771,1425,12,1,33,133.25,76293,2725,73568,0.97,9387,
2026-08-26T07:17:16+00:00,NVIDIA H200,143771,1427,14,2,32,138.90,76293,2725,73568,0.92,9387,
2026-08-26T07:17:46+00:00,NVIDIA H200,143771,1427,11,1,31,137.01,76293,2724,73569,0.95,9387,
2026-08-26T07:18:16+00:00,NVIDIA H200,143771,1429,11,1,29,132.39,76293,2725,73568,0.97,9387,
2026-08-26T07:18:46+00:00,NVIDIA H200,143771,1431,12,1,29,136.61,76293,2725,73568,1.03,9387,
2026-08-26T07:19:16+00:00,NVIDIA H200,143771,1431,11,1,28,134.82,76293,2725,73568,1.02,9387,
2026-08-26T07:19:47+00:00,NVIDIA H200,143771,1431,11,1,27,134.74,76293,2725,73568,1.01,9387,
2026-08-26T07:20:17+00:00,NVIDIA H200,143771,1431,12,1,28,132.04,76293,2725,73568,1.00,9387,
2026-08-26T07:20:47+00:00,NVIDIA H200,143771,1433,11,1,29,132.14,76293,2726,73567,1.00,9387,
2026-08-26T07:21:17+00:00,NVIDIA H200,143771,1435,12,1,30,136.34,76293,2725,73568,1.00,9387,
2026-08-26T07:21:47+00:00,NVIDIA H200,143771,1435,11,1,31,134.35,76293,2725,73568,1.00,9387,
2026-08-26T07:22:17+00:00,NVIDIA H200,143771,1437,12,1,32,134.35,76293,2725,73568,1.00,9387,
2026-08-26T07:22:47+00:00,NVIDIA H200,143771,1437,11,1,32,134.55,76293,2725,73568,1.00,9387,
2026-08-26T07:23:17+00:00,NVIDIA H200,143771,1439,11,1,32,135.28,76293,2725,73568,1.00,9387,
2026-08-26T07:23:48+00:00,NVIDIA H200,143771,1441,11,1,32,134.62,76293,2725,73568,1.00,9387,
2026-08-26T07:24:18+00:00,NVIDIA H200,143771,1441,11,1,32,133.67,76293,2725,73567,1.00,9387,
2026-08-26T07:24:48+00:00,NVIDIA H200,143771,1443,11,1,33,134.63,76293,2725,73568,1.06,9387,
2026-08-26T07:25:18+00:00,NVIDIA H200,143771,1443,12,1,33,136.76,76293,2725,73568,1.03,9387,
2026-08-26T07:25:48+00:00,NVIDIA H200,143771,1445,11,1,34,137.78,76293,2725,73568,1.02,9387,
2026-08-26T07:26:18+00:00,NVIDIA H200,143771,1445,11,1,34,140.71,76293,2725,73568,1.01,9387,
2026-08-26T07:26:48+00:00,NVIDIA H200,143771,1445,11,1,35,135.56,76293,2725,73568,1.00,9387,
2026-08-26T07:27:18+00:00,NVIDIA H200,143771,1447,11,1,36,135.70,76293,2725,73568,1.00,9387,
2026-08-26T07:27:49+00:00,NVIDIA H200,143771,1449,11,1,36,137.82,76293,2725,73568,1.00,9387,
2026-08-26T07:28:19+00:00,NVIDIA H200,143771,1449,11,1,36,135.24,76293,2726,73567,1.00,9387,
2026-08-26T07:28:49+00:00,NVIDIA H200,143771,1451,11,1,36,137.81,76293,2725,73568,1.00,9387,
2026-08-26T07:29:19+00:00,NVIDIA H200,143771,1451,11,1,36,137.41,76293,2727,73566,1.07,9387,
2026-08-26T07:29:49+00:00,NVIDIA H200,143771,1615,11,1,35,135.93,76293,2727,73566,1.04,9387,
2026-08-26T07:30:19+00:00,NVIDIA H200,143771,1617,11,1,34,133.06,76293,2726,73566,1.02,9387,
2026-08-26T07:30:49+00:00,NVIDIA H200,143771,1617,11,1,33,135.52,76293,2725,73568,1.09,9387,
2026-08-26T07:31:19+00:00,NVIDIA H200,143771,1619,11,1,33,136.74,76293,2724,73569,1.05,9387,
2026-08-26T07:31:49+00:00,NVIDIA H200,143771,1619,12,1,32,135.85,76293,2724,73569,1.03,9387,
2026-08-26T07:32:20+00:00,NVIDIA H200,143771,1621,11,1,31,134.47,76293,2724,73569,1.02,9387,
2026-08-26T07:32:50+00:00,NVIDIA H200,143771,1621,23,1,31,136.82,76293,2724,73569,1.01,9387,
2026-08-26T07:33:20+00:00,NVIDIA H200,143771,1621,24,1,31,136.49,76293,2725,73568,0.95,9387,
2026-08-26T07:33:50+00:00,NVIDIA H200,143771,1621,23,1,32,137.65,76293,2725,73568,0.97,9387,
2026-08-26T07:34:20+00:00,NVIDIA H200,143771,1621,25,1,33,137.22,76293,2726,73567,0.92,9387,
2026-08-26T07:34:50+00:00,NVIDIA H200,143771,1621,25,1,34,138.99,76293,2728,73565,0.95,9387,
2026-08-26T07:35:20+00:00,NVIDIA H200,143771,1621,24,1,35,138.30,76293,2728,73565,0.97,9387,
2026-08-26T07:35:50+00:00,NVIDIA H200,143771,1621,24,1,36,135.20,76293,2729,73564,0.90,9387,
2026-08-26T07:36:21+00:00,NVIDIA H200,143771,1621,24,1,36,138.22,76293,2729,73564,0.94,9387,
2026-08-26T07:36:51+00:00,NVIDIA H200,143771,1621,23,1,36,137.75,76293,2727,73566,0.97,9387,
2026-08-26T07:37:21+00:00,NVIDIA H200,143771,1621,24,1,37,137.12,76293,2726,73567,1.03,9387,
2026-08-26T07:37:51+00:00,NVIDIA H200,143771,1621,22,1,36,135.26,76293,2728,73565,1.02,9387,
2026-08-26T07:38:21+00:00,NVIDIA H200,143771,1621,23,1,34,139.89,76293,2727,73566,0.95,9387,
2026-08-26T07:38:51+00:00,NVIDIA H200,143771,1621,40,1,33,141.09,76293,2728,73565,0.97,9387,
2026-08-26T07:39:21+00:00,NVIDIA H200,143771,1621,19,0,31,133.82,76293,2727,73566,0.98,9387,
2026-08-26T07:39:51+00:00,NVIDIA H200,143771,1621,23,1,30,136.74,76293,2726,73567,0.99,9387,
2026-08-26T07:40:21+00:00,NVIDIA H200,143771,1621,24,1,29,134.83,76293,2727,73566,1.10,9387,
2026-08-26T07:40:52+00:00,NVIDIA H200,143771,1621,24,1,28,133.85,76293,2727,73566,1.01,9387,
2026-08-26T07:41:22+00:00,NVIDIA H200,143771,5397,2,0,30,143.35,76293,2704,73589,1.00,9387,
2026-08-26T07:41:52+00:00,NVIDIA H200,143771,5397,76,41,46,517.12,76293,2704,73589,1.00,9387,
2026-08-26T07:42:22+00:00,NVIDIA H200,143771,5397,79,43,51,518.80,76293,2704,73589,1.00,9387,
2026-08-26T07:42:52+00:00,NVIDIA H200,143771,5397,82,44,53,533.13,76293,2704,73589,1.00,9387,
2026-08-26T07:43:22+00:00,NVIDIA H200,143771,5751,79,43,54,534.74,76293,2704,73589,1.00,9387,
2026-08-26T07:43:52+00:00,NVIDIA H200,143771,5751,81,44,55,537.72,76293,2703,73590,1.00,9387,
2026-08-26T07:44:22+00:00,NVIDIA H200,143771,5751,82,45,56,534.06,76293,2707,73586,1.00,9387,
2026-08-26T07:44:53+00:00,NVIDIA H200,143771,5751,89,48,56,543.10,76293,2704,73589,1.00,9387,
2026-08-26T07:45:23+00:00,NVIDIA H200,143771,6165,81,44,55,552.08,76293,2704,73589,1.06,9387,
2026-08-26T07:45:53+00:00,NVIDIA H200,143771,6165,81,44,56,551.79,76293,2704,73589,1.09,9387,
2026-08-26T07:46:23+00:00,NVIDIA H200,143771,6165,80,43,54,534.84,76293,2704,73589,1.05,9387,
2026-08-26T07:46:53+00:00,NVIDIA H200,143771,6585,84,46,55,554.43,76293,2704,73589,1.09,9387,
2026-08-26T07:47:23+00:00,NVIDIA H200,143771,6585,79,43,54,546.67,76293,2703,73590,1.05,9387,
2026-08-26T07:47:53+00:00,NVIDIA H200,143771,6585,82,45,55,561.58,76293,2703,73589,1.03,9387,
2026-08-26T07:48:23+00:00,NVIDIA H200,143771,6585,78,42,55,533.23,76293,2704,73589,1.02,9387,
2026-08-26T07:48:54+00:00,NVIDIA H200,143771,7005,80,43,55,539.01,76293,2704,73589,1.01,9387,
2026-08-26T07:49:24+00:00,NVIDIA H200,143771,7005,82,45,56,538.08,76293,2704,73589,1.08,9387,
2026-08-26T07:49:54+00:00,NVIDIA H200,143771,7005,81,44,57,546.39,76293,2704,73589,1.05,9387,
2026-08-26T07:50:24+00:00,NVIDIA H200,143771,7371,81,44,57,545.01,76293,2705,73588,1.03,9387,
2026-08-26T07:50:54+00:00,NVIDIA H200,143771,7371,79,43,57,540.26,76293,2704,73589,1.02,9387,
2026-08-26T07:51:24+00:00,NVIDIA H200,143771,7371,77,42,55,545.45,76293,2704,73589,1.01,9387,
2026-08-26T07:51:54+00:00,NVIDIA H200,143771,7371,77,42,54,526.95,76293,2704,73589,1.00,9387,
2026-08-26T07:52:24+00:00,NVIDIA H200,143771,7791,78,43,53,532.18,76293,2704,73589,1.08,9387,
2026-08-26T07:52:55+00:00,NVIDIA H200,143771,7791,81,44,53,538.33,76293,2705,73588,1.15,9387,
2026-08-26T07:53:25+00:00,NVIDIA H200,143771,7791,79,43,53,541.67,76293,2704,73589,1.09,9387,
2026-08-26T07:53:55+00:00,NVIDIA H200,143771,8213,82,44,52,531.07,76293,2704,73589,1.05,9387,
2026-08-26T07:54:25+00:00,NVIDIA H200,143771,8213,73,40,52,513.59,76293,2704,73589,1.03,9387,
2026-08-26T07:54:55+00:00,NVIDIA H200,143771,8213,82,45,54,531.85,76293,2704,73589,1.02,9387,
2026-08-26T07:55:25+00:00,NVIDIA H200,143771,8213,79,43,55,526.79,76293,2704,73589,1.01,9387,
2026-08-26T07:55:55+00:00,NVIDIA H200,143771,8633,81,44,56,554.49,76293,2704,73589,1.00,9387,
2026-08-26T07:56:25+00:00,NVIDIA H200,143771,8633,82,44,56,548.13,76293,2704,73589,1.00,9387,
2026-08-26T07:56:56+00:00,NVIDIA H200,143771,8633,81,44,56,542.68,76293,2704,73589,1.07,9387,
2026-08-26T07:57:26+00:00,NVIDIA H200,143771,9053,79,43,55,544.12,76293,2704,73589,1.10,9387,
2026-08-26T07:57:56+00:00,NVIDIA H200,143771,9053,81,44,56,530.35,76293,2704,73589,1.06,9387,
2026-08-26T07:58:26+00:00,NVIDIA H200,143771,9053,78,42,55,540.09,76293,2704,73589,1.04,9387,
2026-08-26T07:58:56+00:00,NVIDIA H200,143771,9053,80,44,55,537.92,76293,2703,73590,1.02,9387,
2026-08-26T07:59:26+00:00,NVIDIA H200,143771,9419,82,44,56,552.28,76293,2703,73590,0.90,9387,
2026-08-26T07:59:56+00:00,NVIDIA H200,143771,9419,82,45,56,546.15,76293,2703,73590,0.94,9387,
2026-08-26T08:00:26+00:00,NVIDIA H200,143771,9419,85,46,57,543.48,76293,2703,73590,1.08,9387,
2026-08-26T08:00:57+00:00,NVIDIA H200,143771,9839,81,44,57,534.91,76293,2703,73589,1.05,9387,
2026-08-26T08:01:27+00:00,NVIDIA H200,143771,9839,82,44,57,542.47,76293,2704,73589,1.03,9387,
2026-08-26T08:01:57+00:00,NVIDIA H200,143771,9839,77,42,54,525.23,76293,2704,73589,1.18,9387,
2026-08-26T08:02:27+00:00,NVIDIA H200,143771,9839,73,40,51,508.92,76293,2704,73589,1.10,9387,
2026-08-26T08:02:57+00:00,NVIDIA H200,143771,10259,83,45,51,531.10,76293,2703,73590,1.06,9387,
2026-08-26T08:03:27+00:00,NVIDIA H200,143771,10259,82,45,50,531.55,76293,2703,73590,0.99,9387,
2026-08-26T08:03:57+00:00,NVIDIA H200,143771,10259,80,44,49,494.92,76293,2703,73590,0.99,9387,
2026-08-26T08:04:27+00:00,NVIDIA H200,143771,10681,79,43,49,533.04,76293,2704,73589,1.00,9387,
2026-08-26T08:04:57+00:00,NVIDIA H200,143771,10681,82,45,49,521.73,76293,2703,73590,1.00,9387,
2026-08-26T08:05:28+00:00,NVIDIA H200,143771,10681,80,44,48,513.17,76293,2703,73589,1.00,9387,
2026-08-26T08:05:58+00:00,NVIDIA H200,143771,10681,81,44,49,518.48,76293,2704,73589,1.00,9387,
2026-08-26T08:06:28+00:00,NVIDIA H200,143771,11101,67,37,49,534.95,76293,2704,73589,1.00,9387,
2026-08-26T08:06:58+00:00,NVIDIA H200,143771,11101,82,44,51,532.68,76293,2704,73589,1.00,9387,
2026-08-26T08:07:28+00:00,NVIDIA H200,143771,11101,82,45,54,544.11,76293,2703,73589,1.00,9387,
2026-08-26T08:07:58+00:00,NVIDIA H200,143771,11521,79,43,54,539.47,76293,2704,73589,1.00,9387,
2026-08-26T08:08:28+00:00,NVIDIA H200,143771,11521,78,42,54,545.51,76293,2704,73589,1.08,9387,
2026-08-26T08:08:58+00:00,NVIDIA H200,143771,11521,84,46,55,532.78,76293,2704,73589,1.05,9387,
2026-08-26T08:09:29+00:00,NVIDIA H200,143771,11521,70,38,55,530.33,76293,2704,73589,1.03,9387,
2026-08-26T08:09:59+00:00,NVIDIA H200,143771,11941,82,45,56,541.02,76293,2703,73589,1.02,9387,
2026-08-26T08:10:29+00:00,NVIDIA H200,143771,11941,83,45,57,569.22,76293,2704,73589,1.08,9387,
2026-08-26T08:10:59+00:00,NVIDIA H200,143771,11941,79,43,57,521.37,76293,2705,73588,1.05,9387,
2026-08-26T08:11:29+00:00,NVIDIA H200,143771,12307,79,43,57,542.82,76293,2705,73588,1.03,9387,
2026-08-26T08:11:59+00:00,NVIDIA H200,143771,12307,81,44,57,530.45,76293,2704,73589,1.02,9387,
2026-08-26T08:12:29+00:00,NVIDIA H200,143771,12307,77,41,56,534.53,76293,2705,73587,1.01,9387,
2026-08-26T08:12:59+00:00,NVIDIA H200,143771,12307,78,42,56,540.59,76293,2704,73589,1.00,9387,
2026-08-26T08:13:30+00:00,NVIDIA H200,143771,12729,80,43,55,543.21,76293,2704,73589,1.00,9387,
2026-08-26T08:14:00+00:00,NVIDIA H200,143771,12729,83,45,55,543.19,76293,2705,73588,1.00,9387,
2026-08-26T08:14:30+00:00,NVIDIA H200,143771,12729,79,43,55,531.57,76293,2704,73589,1.00,9387,
2026-08-26T08:15:00+00:00,NVIDIA H200,143771,13149,78,42,54,545.31,76293,2705,73588,1.00,9387,
2026-08-26T08:15:30+00:00,NVIDIA H200,143771,13149,82,44,55,544.58,76293,2703,73590,1.00,9387,
2026-08-26T08:16:00+00:00,NVIDIA H200,143771,13149,77,42,53,530.09,76293,2703,73590,1.00,9387,
2026-08-26T08:16:30+00:00,NVIDIA H200,143771,13149,81,44,55,537.21,76293,2704,73588,1.00,9387,
2026-08-26T08:17:00+00:00,NVIDIA H200,143771,13597,79,43,55,544.59,76293,2704,73589,1.00,9387,
2026-08-26T08:17:31+00:00,NVIDIA H200,143771,13597,83,45,56,534.65,76293,2704,73589,1.00,9387,
2026-08-26T08:18:01+00:00,NVIDIA H200,143771,13597,79,43,57,535.68,76293,2704,73589,1.07,9387,
2026-08-26T08:18:31+00:00,NVIDIA H200,143771,13963,78,42,57,545.58,76293,2704,73589,1.04,9387,
2026-08-26T08:19:01+00:00,NVIDIA H200,143771,13963,79,43,56,545.03,76293,2703,73590,1.02,9387,
2026-08-26T08:19:31+00:00,NVIDIA H200,143771,13963,78,42,55,525.42,76293,2704,73589,1.01,9387,
2026-08-26T08:20:01+00:00,NVIDIA H200,143771,13963,79,43,53,538.85,76293,2704,73589,1.01,9387,
2026-08-26T08:20:31+00:00,NVIDIA H200,143771,14385,78,43,51,516.60,76293,2703,73590,0.95,9387,
2026-08-26T08:21:01+00:00,NVIDIA H200,143771,14385,79,43,50,540.33,76293,2703,73590,0.97,9387,
2026-08-26T08:21:31+00:00,NVIDIA H200,143771,14385,78,43,49,541.08,76293,2703,73590,0.98,9387,
2026-08-26T08:22:02+00:00,NVIDIA H200,143771,14805,80,43,49,528.00,76293,2704,73589,0.99,9387,
2026-08-26T08:22:32+00:00,NVIDIA H200,143771,14805,77,42,47,514.33,76293,2704,73589,1.00,9387,
2026-08-26T08:23:02+00:00,NVIDIA H200,143771,14805,79,43,48,519.92,76293,2704,73589,1.00,9387,
2026-08-26T08:23:32+00:00,NVIDIA H200,143771,14805,79,43,47,532.21,76293,2704,73589,0.95,9387,
2026-08-26T08:24:02+00:00,NVIDIA H200,143771,15225,78,42,48,528.67,76293,2703,73590,1.05,9387,
2026-08-26T08:24:32+00:00,NVIDIA H200,143771,15225,78,42,50,531.43,76293,2705,73588,1.10,9387,
2026-08-26T08:25:02+00:00,NVIDIA H200,143771,15225,78,42,51,522.35,76293,2703,73590,1.06,9387,
2026-08-26T08:25:32+00:00,NVIDIA H200,143771,15591,81,44,53,521.49,76293,2703,73590,1.04,9387,
2026-08-26T08:26:03+00:00,NVIDIA H200,143771,15591,79,43,54,538.34,76293,2703,73590,1.02,9387,
2026-08-26T08:26:33+00:00,NVIDIA H200,143771,15591,79,43,55,549.80,76293,2705,73588,1.01,9387,
2026-08-26T08:27:03+00:00,NVIDIA H200,143771,15591,83,45,54,535.53,76293,2704,73589,1.06,9387,
2026-08-26T08:27:33+00:00,NVIDIA H200,143771,16041,79,43,55,545.42,76293,2703,73590,1.03,9387,
2026-08-26T08:28:03+00:00,NVIDIA H200,143771,16041,77,42,55,529.76,76293,2703,73590,1.02,9387,
2026-08-26T08:28:33+00:00,NVIDIA H200,143771,16041,79,43,56,544.59,76293,2704,73589,1.01,9387,
2026-08-26T08:29:03+00:00,NVIDIA H200,143771,16461,82,45,56,556.55,76293,2705,73588,1.01,9387,
2026-08-26T08:29:33+00:00,NVIDIA H200,143771,16461,79,43,56,537.59,76293,2704,73589,1.00,9387,
2026-08-26T08:30:04+00:00,NVIDIA H200,143771,16461,79,43,56,532.57,76293,2704,73589,1.00,9387,
2026-08-26T08:30:34+00:00,NVIDIA H200,143771,16461,85,46,56,548.29,76293,2704,73589,1.14,9387,
2026-08-26T08:31:04+00:00,NVIDIA H200,143771,16881,75,41,55,532.65,76293,2704,73589,1.19,9387,
2026-08-26T08:31:34+00:00,NVIDIA H200,143771,16881,82,45,56,536.83,76293,2704,73589,1.18,9387,
2026-08-26T08:32:04+00:00,NVIDIA H200,143771,16881,78,43,55,527.71,76293,2704,73589,1.19,9387,
2026-08-26T08:32:34+00:00,NVIDIA H200,143771,17247,79,43,55,518.01,76293,2705,73588,1.26,9387,
2026-08-26T08:33:04+00:00,NVIDIA H200,143771,17247,76,41,55,511.68,76293,2704,73589,1.21,9387,
2026-08-26T08:33:34+00:00,NVIDIA H200,143771,17247,80,43,56,533.30,76293,2704,73589,1.12,9387,
2026-08-26T08:34:05+00:00,NVIDIA H200,143771,17247,76,41,56,518.62,76293,2703,73590,1.07,9387,
2026-08-26T08:34:35+00:00,NVIDIA H200,143771,17695,80,43,56,531.35,76293,2704,73589,1.04,9387,
2026-08-26T08:35:05+00:00,NVIDIA H200,143771,17695,79,43,56,536.41,76293,2704,73589,1.08,9387,
2026-08-26T08:35:35+00:00,NVIDIA H200,143771,17695,82,45,57,530.04,76293,2704,73588,1.05,9387,
2026-08-26T08:36:05+00:00,NVIDIA H200,143771,17695,79,43,56,543.94,76293,2705,73588,1.03,9387,
2026-08-26T08:36:35+00:00,NVIDIA H200,143771,18115,80,44,55,535.69,76293,2703,73590,1.02,9387,
2026-08-26T08:37:05+00:00,NVIDIA H200,143771,18115,78,43,55,512.11,76293,2703,73590,1.01,9387,
2026-08-26T08:37:35+00:00,NVIDIA H200,143771,18115,79,43,54,525.09,76293,2704,73589,1.00,9387,
2026-08-26T08:38:06+00:00,NVIDIA H200,143771,18537,80,43,54,524.24,76293,2704,73589,1.08,9387,
2026-08-26T08:38:36+00:00,NVIDIA H200,143771,18537,85,46,54,540.54,76293,2703,73589,1.04,9387,
2026-08-26T08:39:06+00:00,NVIDIA H200,143771,18537,84,45,53,538.03,76293,2704,73589,1.03,9387,
2026-08-26T08:39:36+00:00,NVIDIA H200,143771,18537,81,44,53,531.42,76293,2704,73589,1.09,9387,
2026-08-26T08:40:06+00:00,NVIDIA H200,143771,18901,82,44,53,530.68,76293,2704,73589,1.05,9387,
2026-08-26T08:40:36+00:00,NVIDIA H200,143771,18901,83,45,54,544.64,76293,2704,73589,1.03,9387,
2026-08-26T08:41:06+00:00,NVIDIA H200,143771,18901,80,43,55,536.05,76293,2704,73589,1.02,9387,
2026-08-26T08:41:37+00:00,NVIDIA H200,143771,19351,78,42,55,523.10,76293,2704,73589,1.08,9387,
2026-08-26T08:42:07+00:00,NVIDIA H200,143771,19351,79,43,54,530.29,76293,2705,73588,0.99,9387,
2026-08-26T08:42:37+00:00,NVIDIA H200,143771,19351,81,44,53,544.68,76293,2704,73589,1.00,9387,
2026-08-26T08:43:07+00:00,NVIDIA H200,143771,19351,80,44,53,536.06,76293,2704,73589,1.00,9387,
2026-08-26T08:43:37+00:00,NVIDIA H200,143771,19771,78,42,53,526.14,76293,2705,73588,1.00,9387,
2026-08-26T08:44:07+00:00,NVIDIA H200,143771,19771,77,42,53,523.01,76293,2705,73588,1.00,9387,
2026-08-26T08:44:37+00:00,NVIDIA H200,143771,19771,79,43,53,514.18,76293,2705,73588,1.00,9387,
2026-08-26T08:45:07+00:00,NVIDIA H200,143771,20191,79,43,54,543.88,76293,2703,73590,1.10,9387,
2026-08-26T08:45:38+00:00,NVIDIA H200,143771,20191,78,42,55,540.02,76293,2705,73588,1.06,9387,
2026-08-26T08:46:08+00:00,NVIDIA H200,143771,20191,76,41,55,524.83,76293,2705,73588,1.03,9387,
2026-08-26T08:46:38+00:00,NVIDIA H200,143771,20191,79,43,53,519.59,76293,2705,73588,1.02,9387,
2026-08-26T08:47:08+00:00,NVIDIA H200,143771,20557,78,42,51,536.97,76293,2706,73587,1.17,9387,
2026-08-26T08:47:38+00:00,NVIDIA H200,143771,20557,80,43,50,528.15,76293,2707,73586,1.10,9387,
2026-08-26T08:48:08+00:00,NVIDIA H200,143771,20557,82,44,51,540.97,76293,2704,73589,1.06,9387,
2026-08-26T08:48:38+00:00,NVIDIA H200,143771,21005,85,46,50,533.96,76293,2704,73589,1.04,9387,
2026-08-26T08:49:08+00:00,NVIDIA H200,143771,21005,83,45,50,523.50,76293,2704,73589,1.02,9387,
2026-08-26T08:49:39+00:00,NVIDIA H200,143771,21005,78,43,48,531.21,76293,2704,73589,1.06,9387,
2026-08-26T08:50:09+00:00,NVIDIA H200,143771,21005,82,45,49,525.60,76293,2704,73589,1.04,9387,
2026-08-26T08:50:39+00:00,NVIDIA H200,143771,21427,81,44,51,527.17,76293,2703,73590,1.02,9387,
2026-08-26T08:51:09+00:00,NVIDIA H200,143771,21427,83,45,52,544.71,76293,2704,73589,1.08,9387,
2026-08-26T08:51:39+00:00,NVIDIA H200,143771,21427,81,44,54,531.15,76293,2703,73590,1.04,9387,
2026-08-26T08:52:09+00:00,NVIDIA H200,143771,21427,0,0,46,296.64,76293,2390,73903,1.03,9387,
2026-08-26T08:52:39+00:00,NVIDIA H200,143771,21427,0,0,38,120.28,76293,4463,71830,12.04,9387,
2026-08-26T08:53:09+00:00,NVIDIA H200,143771,21427,0,0,36,119.60,76293,4485,71807,20.01,9387,
2026-08-26T08:53:39+00:00,NVIDIA H200,143771,21427,0,0,35,118.57,76293,4422,71871,24.92,9387,
2026-08-26T08:54:10+00:00,NVIDIA H200,143771,21427,10,0,36,132.68,76293,4439,71854,15.57,9387,
2026-08-26T08:54:40+00:00,NVIDIA H200,143771,21427,10,0,36,132.14,76293,4439,71854,9.83,9387,
2026-08-26T08:55:10+00:00,NVIDIA H200,143771,21427,10,0,36,132.71,76293,4438,71855,6.35,9387,
2026-08-26T08:55:40+00:00,NVIDIA H200,143771,21427,9,0,36,131.21,76293,4439,71854,4.24,9387,
2026-08-26T08:56:10+00:00,NVIDIA H200,143771,21427,10,0,36,131.49,76293,4439,71854,2.96,9387,
2026-08-26T08:56:40+00:00,NVIDIA H200,143771,21427,9,0,35,131.17,76293,4439,71854,2.26,9387,
2026-08-26T08:57:10+00:00,NVIDIA H200,143771,21427,10,0,34,131.96,76293,4437,71855,1.76,9387,
2026-08-26T08:57:40+00:00,NVIDIA H200,143771,21427,10,0,33,130.75,76293,4438,71855,1.68,9387,
2026-08-26T08:58:11+00:00,NVIDIA H200,143771,21427,10,0,33,131.95,76293,4438,71855,1.41,9387,
2026-08-26T08:58:41+00:00,NVIDIA H200,143771,21427,9,0,32,131.36,76293,3577,72716,1.25,9387,
2026-08-26T08:59:11+00:00,NVIDIA H200,143771,21427,10,0,31,131.34,76293,2718,73575,1.15,9387,
2026-08-26T08:59:41+00:00,NVIDIA H200,143771,21427,10,0,31,130.78,76293,2718,73575,1.09,9387,
2026-08-26T09:00:11+00:00,NVIDIA H200,143771,21427,10,0,31,133.33,76293,2718,73575,1.05,9387,
2026-08-26T09:00:41+00:00,NVIDIA H200,143771,21427,10,0,31,130.56,76293,2716,73577,1.16,9387,
2026-08-26T09:01:11+00:00,NVIDIA H200,143771,21427,10,0,32,132.96,76293,2716,73577,1.21,9387,
2026-08-26T09:01:41+00:00,NVIDIA H200,143771,21427,0,0,32,117.55,76293,4399,71894,8.05,9387,
2026-08-26T09:02:12+00:00,NVIDIA H200,143771,21427,0,0,33,117.63,76293,4415,71878,17.49,9387,
2026-08-26T09:02:42+00:00,NVIDIA H200,143771,21427,0,0,33,117.79,76293,4460,71833,23.21,9387,
2026-08-26T09:03:12+00:00,NVIDIA H200,143771,21427,11,1,34,134.36,76293,4439,71853,19.86,9387,
2026-08-26T09:03:42+00:00,NVIDIA H200,143771,21427,10,1,34,136.17,76293,4439,71854,12.43,9387,
2026-08-26T09:04:12+00:00,NVIDIA H200,143771,21427,11,1,35,136.85,76293,4440,71853,7.92,9387,
2026-08-26T09:04:42+00:00,NVIDIA H200,143771,21427,20,2,36,149.27,76293,4440,71853,5.28,9387,
2026-08-26T09:05:12+00:00,NVIDIA H200,143771,21427,12,1,36,136.43,76293,4439,71854,3.65,9387,
2026-08-26T09:05:42+00:00,NVIDIA H200,143771,21427,11,1,36,137.00,76293,4439,71853,2.60,9387,
2026-08-26T09:06:12+00:00,NVIDIA H200,143771,21427,11,1,35,135.97,76293,4439,71854,2.11,9387,
2026-08-26T09:06:43+00:00,NVIDIA H200,143771,21427,12,1,33,138.27,76293,4440,71853,1.82,9387,
2026-08-26T09:07:13+00:00,NVIDIA H200,143771,21427,11,1,32,135.87,76293,4440,71853,1.50,9387,
2026-08-26T09:07:43+00:00,NVIDIA H200,143771,21427,11,1,30,133.37,76293,4442,71851,1.30,9387,
2026-08-26T09:08:13+00:00,NVIDIA H200,143771,21427,12,1,29,133.88,76293,2720,73572,1.23,9387,
2026-08-26T09:08:43+00:00,NVIDIA H200,143771,21427,11,1,28,134.39,76293,2720,73573,1.07,9387,
2026-08-26T09:09:13+00:00,NVIDIA H200,143771,21427,11,1,27,132.85,76293,2720,73573,1.04,9387,
2026-08-26T09:09:43+00:00,NVIDIA H200,143771,21427,11,1,27,132.38,76293,2720,73573,1.19,9387,
2026-08-26T09:10:13+00:00,NVIDIA H200,143771,21427,13,1,28,134.58,76293,2720,73573,1.11,9387,
2026-08-26T09:10:44+00:00,NVIDIA H200,143771,21427,10,1,29,131.29,76293,2721,73572,1.07,9387,
2026-08-26T09:11:14+00:00,NVIDIA H200,143771,21427,11,1,31,137.14,76293,2720,73573,1.04,9387,
2026-08-26T09:11:44+00:00,NVIDIA H200,143771,21427,11,1,32,134.57,76293,2721,73572,1.02,9387,
2026-08-26T09:12:14+00:00,NVIDIA H200,143771,21427,11,1,33,133.54,76293,2720,73573,1.01,9387,
2026-08-26T09:12:44+00:00,NVIDIA H200,143771,21427,12,1,34,140.04,76293,2721,73572,1.01,9387,
2026-08-26T09:13:14+00:00,NVIDIA H200,143771,21427,11,1,34,136.76,76293,2721,73572,1.08,9387,
2026-08-26T09:13:44+00:00,NVIDIA H200,143771,21427,11,1,35,135.94,76293,2720,73573,1.13,9387,
2026-08-26T09:14:14+00:00,NVIDIA H200,143771,21427,11,1,35,136.24,76293,2721,73572,1.08,9387,
2026-08-26T09:14:45+00:00,NVIDIA H200,143771,21427,11,1,35,136.44,76293,2721,73572,1.04,9387,
2026-08-26T09:15:15+00:00,NVIDIA H200,143771,21427,11,1,35,136.45,76293,2720,73573,1.03,9387,
2026-08-26T09:15:45+00:00,NVIDIA H200,143771,21427,11,1,35,135.40,76293,2720,73573,1.01,9387,
2026-08-26T09:16:15+00:00,NVIDIA H200,143771,21427,11,1,35,138.24,76293,2721,73572,1.07,9387,
2026-08-26T09:16:45+00:00,NVIDIA H200,143771,21427,11,1,34,137.49,76293,2720,73573,1.10,9387,
2026-08-26T09:17:15+00:00,NVIDIA H200,143771,21427,11,1,34,135.49,76293,2720,73573,1.06,9387,
2026-08-26T09:17:45+00:00,NVIDIA H200,143771,21427,11,1,35,135.99,76293,2721,73572,1.04,9387,
2026-08-26T09:18:15+00:00,NVIDIA H200,143771,21427,10,1,35,137.77,76293,2720,73573,1.02,9387,
2026-08-26T09:18:46+00:00,NVIDIA H200,143771,21427,11,1,36,134.51,76293,2720,73573,1.01,9387,
2026-08-26T09:19:16+00:00,NVIDIA H200,143771,21427,13,1,36,137.85,76293,2720,73573,1.06,9387,
2026-08-26T09:19:46+00:00,NVIDIA H200,143771,21427,11,1,36,137.68,76293,2720,73573,1.33,9387,
2026-08-26T09:20:16+00:00,NVIDIA H200,143771,21427,11,1,36,135.15,76293,2721,73572,1.20,9387,
2026-08-26T09:20:46+00:00,NVIDIA H200,143771,21427,11,1,35,135.60,76293,2720,73573,1.12,9387,
2026-08-26T09:21:16+00:00,NVIDIA H200,143771,21427,12,1,35,135.44,76293,2720,73573,1.07,9387,
2026-08-26T09:21:46+00:00,NVIDIA H200,143771,21427,11,1,34,136.55,76293,2720,73573,1.04,9387,
2026-08-26T09:22:16+00:00,NVIDIA H200,143771,21427,11,1,34,134.40,76293,2722,73571,1.02,9387,
2026-08-26T09:22:47+00:00,NVIDIA H200,143771,21427,12,1,33,136.64,76293,2721,73572,1.01,9387,
2026-08-26T09:23:17+00:00,NVIDIA H200,143771,21427,11,1,33,135.28,76293,2721,73572,1.01,9387,
2026-08-26T09:23:47+00:00,NVIDIA H200,143771,21427,11,1,33,136.52,76293,2719,73574,1.00,9387,
2026-08-26T09:24:17+00:00,NVIDIA H200,143771,21427,11,1,34,135.82,76293,2720,73573,1.00,9387,
2026-08-26T09:24:47+00:00,NVIDIA H200,143771,21427,11,1,34,133.46,76293,2720,73573,0.94,9387,
2026-08-26T09:25:17+00:00,NVIDIA H200,143771,21427,11,1,34,138.67,76293,2720,73573,0.97,9387,
2026-08-26T09:25:47+00:00,NVIDIA H200,143771,21427,12,1,35,135.92,76293,2720,73573,0.98,9387,
2026-08-26T09:26:17+00:00,NVIDIA H200,143771,21427,10,1,35,137.06,76293,2720,73573,0.99,9387,
2026-08-26T09:26:48+00:00,NVIDIA H200,143771,21427,10,1,35,138.68,76293,2720,73573,1.06,9387,
2026-08-26T09:27:18+00:00,NVIDIA H200,143771,21427,11,1,35,136.50,76293,2720,73573,1.04,9387,
2026-08-26T09:27:48+00:00,NVIDIA H200,143771,21427,11,1,35,138.95,76293,2719,73574,1.10,9387,
2026-08-26T09:28:18+00:00,NVIDIA H200,143771,21427,12,1,34,137.32,76293,2720,73572,1.06,9387,
2026-08-26T09:28:48+00:00,NVIDIA H200,143771,21427,12,1,35,137.41,76293,2720,73573,1.04,9387,
2026-08-26T09:29:18+00:00,NVIDIA H200,143771,21427,11,1,35,137.47,76293,2720,73573,1.02,9387,
2026-08-26T09:29:48+00:00,NVIDIA H200,143771,21427,12,1,35,136.82,76293,2720,73573,1.01,9387,
2026-08-26T09:30:18+00:00,NVIDIA H200,143771,21427,11,1,34,134.84,76293,2720,73573,1.01,9387,
2026-08-26T09:30:49+00:00,NVIDIA H200,143771,21427,13,2,33,136.64,76293,2719,73574,1.00,9387,
2026-08-26T09:31:19+00:00,NVIDIA H200,143771,21427,12,1,32,135.90,76293,2718,73574,1.00,9387,
2026-08-26T09:31:49+00:00,NVIDIA H200,143771,21427,11,1,31,134.92,76293,2719,73574,1.00,9387,
2026-08-26T09:32:19+00:00,NVIDIA H200,143771,21427,11,1,30,134.74,76293,2719,73574,1.00,9387,
2026-08-26T09:32:49+00:00,NVIDIA H200,143771,21427,10,1,29,132.71,76293,2720,73573,1.05,9387,
2026-08-26T09:33:19+00:00,NVIDIA H200,143771,21427,11,1,29,133.75,76293,2720,73573,1.04,9387,
2026-08-26T09:33:49+00:00,NVIDIA H200,143771,21427,11,1,29,134.67,76293,2723,73570,1.02,9387,
2026-08-26T09:34:19+00:00,NVIDIA H200,143771,21427,11,1,30,134.77,76293,4095,72198,1.27,9387,
2026-08-26T09:34:50+00:00,NVIDIA H200,143771,21427,13,1,31,133.77,76293,3873,72420,1.31,9387,
2026-08-26T09:35:20+00:00,NVIDIA H200,143771,21427,11,1,32,134.15,76293,3887,72406,1.32,9387,
2026-08-26T09:35:50+00:00,NVIDIA H200,143771,21427,22,1,32,135.14,76293,3866,72427,1.76,9387,
2026-08-26T09:36:20+00:00,NVIDIA H200,143771,21427,23,1,33,139.09,76293,3749,72544,2.20,9387,
2026-08-26T09:36:50+00:00,NVIDIA H200,143771,21427,24,1,34,138.60,76293,3759,72534,1.73,9387,
2026-08-26T09:37:20+00:00,NVIDIA H200,143771,21427,23,1,34,136.39,76293,3758,72535,1.42,9387,
2026-08-26T09:37:50+00:00,NVIDIA H200,143771,21427,21,1,35,137.80,76293,3778,72515,1.33,9387,
2026-08-26T09:38:20+00:00,NVIDIA H200,143771,21427,22,1,35,138.16,76293,3816,72477,1.35,9387,
2026-08-26T09:38:51+00:00,NVIDIA H200,143771,21427,21,1,35,138.21,76293,3833,72460,1.26,9387,
2026-08-26T09:39:21+00:00,NVIDIA H200,143771,21427,31,1,36,140.42,76293,3816,72477,1.30,9387,
2026-08-26T09:39:51+00:00,NVIDIA H200,143771,21427,24,1,35,136.82,76293,3821,72472,1.18,9387,
2026-08-26T09:40:21+00:00,NVIDIA H200,143771,21427,23,1,34,137.12,76293,3821,72472,1.11,9387,
2026-08-26T09:40:51+00:00,NVIDIA H200,143771,21427,24,1,34,138.33,76293,3821,72472,1.01,9387,
2026-08-26T09:41:21+00:00,NVIDIA H200,143771,21427,24,1,33,137.25,76293,3820,72473,1.01,9387,
2026-08-26T09:41:51+00:00,NVIDIA H200,143771,21427,23,1,32,137.07,76293,3810,72483,1.00,9387,
2026-08-26T09:42:21+00:00,NVIDIA H200,143771,21427,24,1,32,137.49,76293,3810,72483,1.06,9387,
2026-08-26T09:42:52+00:00,NVIDIA H200,143771,21427,23,1,31,136.22,76293,3811,72482,1.03,9387,
2026-08-26T09:43:22+00:00,NVIDIA H200,143771,21427,25,1,31,137.29,76293,3810,72483,1.02,9387,
2026-08-26T09:43:52+00:00,NVIDIA H200,143771,21427,24,1,32,136.37,76293,3810,72483,1.12,9387,
2026-08-26T09:44:22+00:00,NVIDIA H200,143771,21427,23,1,33,136.63,76293,3811,72482,1.29,9387,
2026-08-26T09:44:52+00:00,NVIDIA H200,143771,21427,82,44,51,513.50,76293,3813,72480,1.47,9387,
2026-08-26T09:45:22+00:00,NVIDIA H200,143771,21427,78,42,54,538.35,76293,3812,72481,1.28,9387,
2026-08-26T09:45:52+00:00,NVIDIA H200,143771,21427,82,45,55,529.24,76293,3814,72479,1.17,9387,
2026-08-26T09:46:22+00:00,NVIDIA H200,143771,21427,80,44,56,536.20,76293,3814,72479,1.10,9387,
2026-08-26T09:46:53+00:00,NVIDIA H200,143771,21427,81,44,57,543.90,76293,3815,72478,1.06,9387,
2026-08-26T09:47:23+00:00,NVIDIA H200,143771,21427,79,43,57,549.21,76293,3819,72474,1.04,9387,
2026-08-26T09:47:53+00:00,NVIDIA H200,143771,21427,78,42,57,536.36,76293,3819,72474,1.02,9387,
2026-08-26T09:48:23+00:00,NVIDIA H200,143771,21427,76,41,56,537.98,76293,3819,72474,1.01,9387,
2026-08-26T09:48:53+00:00,NVIDIA H200,143771,21427,75,41,53,513.19,76293,3819,72474,0.99,9387,
2026-08-26T09:49:23+00:00,NVIDIA H200,143771,21427,79,43,51,538.00,76293,3819,72474,0.92,9387,
2026-08-26T09:49:53+00:00,NVIDIA H200,143771,21427,83,45,51,533.90,76293,3819,72474,1.30,9387,
2026-08-26T09:50:23+00:00,NVIDIA H200,143771,21427,80,43,50,516.49,76293,3819,72473,1.12,9387,
2026-08-26T09:50:54+00:00,NVIDIA H200,143771,21427,82,44,49,518.54,76293,3819,72474,1.14,9387,
2026-08-26T09:51:24+00:00,NVIDIA H200,143771,21427,79,43,49,510.82,76293,3819,72474,1.09,9387,
2026-08-26T09:51:54+00:00,NVIDIA H200,143771,21427,83,45,48,526.46,76293,3819,72474,1.05,9387,
2026-08-26T09:52:24+00:00,NVIDIA H200,143771,21427,81,44,48,526.41,76293,3802,72491,1.03,9387,
2026-08-26T09:52:54+00:00,NVIDIA H200,143771,21427,83,45,50,520.85,76293,3801,72492,1.02,9387,
2026-08-26T09:53:24+00:00,NVIDIA H200,143771,21427,84,46,52,437.16,76293,3801,72492,1.01,9387,
2026-08-26T09:53:54+00:00,NVIDIA H200,143771,21427,79,43,54,534.81,76293,3802,72491,1.00,9387,
2026-08-26T09:54:24+00:00,NVIDIA H200,143771,21427,81,44,55,541.11,76293,3801,72491,1.00,9387,
2026-08-26T09:54:55+00:00,NVIDIA H200,143771,21427,81,44,55,547.30,76293,3800,72493,1.00,9387,
2026-08-26T09:55:25+00:00,NVIDIA H200,143771,21427,80,44,56,539.89,76293,3801,72492,1.07,9387,
2026-08-26T09:55:55+00:00,NVIDIA H200,143771,21427,84,46,56,545.94,76293,3801,72492,1.04,9387,
2026-08-26T09:56:25+00:00,NVIDIA H200,143771,21427,83,46,56,555.63,76293,3811,72482,1.54,9387,
2026-08-26T09:56:55+00:00,NVIDIA H200,143771,21427,78,43,56,554.52,76293,3856,72437,2.02,9387,
2026-08-26T09:57:25+00:00,NVIDIA H200,143771,21427,79,43,55,530.19,76293,3858,72435,1.67,9387,
2026-08-26T09:57:55+00:00,NVIDIA H200,143771,21427,80,43,55,532.67,76293,3842,72451,1.53,9387,
2026-08-26T09:58:25+00:00,NVIDIA H200,143771,21427,77,42,55,503.99,76293,3843,72450,1.32,9387,
2026-08-26T09:58:56+00:00,NVIDIA H200,143771,21427,81,44,55,546.81,76293,3843,72450,1.19,9387,
2026-08-26T09:59:26+00:00,NVIDIA H200,143771,21427,78,43,54,521.08,76293,3847,72446,1.12,9387,
2026-08-26T09:59:56+00:00,NVIDIA H200,143771,21427,78,42,55,534.40,76293,3859,72434,1.07,9387,
2026-08-26T10:00:26+00:00,NVIDIA H200,143771,21427,83,45,56,556.09,76293,4139,72154,1.04,9387,
2026-08-26T10:00:56+00:00,NVIDIA H200,143771,21427,82,45,56,544.20,76293,3852,72441,1.15,9387,
2026-08-26T10:01:26+00:00,NVIDIA H200,143771,21427,84,46,57,532.63,76293,3844,72449,1.53,9387,
2026-08-26T10:01:56+00:00,NVIDIA H200,143771,21427,82,44,57,534.76,76293,3854,72439,1.38,9387,
2026-08-26T10:02:26+00:00,NVIDIA H200,143771,21427,77,42,56,537.02,76293,3866,72427,1.31,9387,
2026-08-26T10:02:57+00:00,NVIDIA H200,143771,21427,76,41,54,530.50,76293,3851,72442,1.24,9387,
2026-08-26T10:03:27+00:00,NVIDIA H200,143771,21427,77,42,54,527.64,76293,3863,72430,1.29,9387,
2026-08-26T10:03:57+00:00,NVIDIA H200,143771,21427,82,45,53,545.78,76293,3850,72442,1.18,9387,
2026-08-26T10:04:27+00:00,NVIDIA H200,143771,21427,80,44,53,542.94,76293,3842,72451,1.10,9387,
2026-08-26T10:04:57+00:00,NVIDIA H200,143771,21427,80,43,53,525.59,76293,3842,72451,1.06,9387,
2026-08-26T10:05:27+00:00,NVIDIA H200,143771,21427,79,43,52,516.99,76293,3842,72451,1.04,9387,
2026-08-26T10:05:57+00:00,NVIDIA H200,143771,21427,83,45,53,546.27,76293,3842,72451,1.02,9387,
2026-08-26T10:06:27+00:00,NVIDIA H200,143771,21427,84,46,54,551.07,76293,3842,72451,1.01,9387,
2026-08-26T10:06:58+00:00,NVIDIA H200,143771,21427,78,42,55,528.02,76293,3843,72450,1.01,9387,
2026-08-26T10:07:28+00:00,NVIDIA H200,143771,21427,78,43,56,537.32,76293,3841,72452,1.00,9387,
2026-08-26T10:07:58+00:00,NVIDIA H200,143771,21427,77,42,55,520.63,76293,3843,72450,1.00,9387,
2026-08-26T10:08:28+00:00,NVIDIA H200,143771,21427,79,43,56,548.34,76293,3840,72453,1.00,9387,
2026-08-26T10:08:58+00:00,NVIDIA H200,143771,21427,81,44,56,545.37,76293,3844,72449,1.00,9387,
2026-08-26T10:09:28+00:00,NVIDIA H200,143771,21427,73,40,55,518.59,76293,3842,72451,1.14,9387,
2026-08-26T10:09:58+00:00,NVIDIA H200,143771,21427,79,43,54,540.74,76293,3840,72453,1.01,9387,
2026-08-26T10:10:28+00:00,NVIDIA H200,143771,21427,78,42,52,531.48,76293,3842,72451,1.06,9387,
2026-08-26T10:10:59+00:00,NVIDIA H200,143771,21427,78,42,50,523.79,76293,3843,72450,1.51,9387,
2026-08-26T10:11:29+00:00,NVIDIA H200,143771,21427,77,42,49,526.93,76293,3843,72450,1.51,9387,
2026-08-26T10:11:59+00:00,NVIDIA H200,143771,21427,79,43,49,522.72,76293,3854,72439,1.31,9387,
2026-08-26T10:12:29+00:00,NVIDIA H200,143771,21427,75,40,49,516.06,76293,3854,72439,1.43,9387,
2026-08-26T10:12:59+00:00,NVIDIA H200,143771,21427,77,42,48,506.82,76293,3857,72435,1.46,9387,
2026-08-26T10:13:29+00:00,NVIDIA H200,143771,21427,79,43,49,513.88,76293,3849,72444,1.28,9387,
2026-08-26T10:13:59+00:00,NVIDIA H200,143771,21427,77,42,50,513.60,76293,3845,72448,1.30,9387,
2026-08-26T10:14:29+00:00,NVIDIA H200,143771,21427,81,44,52,515.01,76293,3842,72451,1.26,9387,
2026-08-26T10:15:00+00:00,NVIDIA H200,143771,21427,80,43,55,532.67,76293,3843,72450,1.43,9387,
2026-08-26T10:15:30+00:00,NVIDIA H200,143771,21427,78,42,55,537.50,76293,3851,72441,1.27,9387,
2026-08-26T10:16:00+00:00,NVIDIA H200,143771,21427,79,43,56,545.45,76293,3843,72450,1.11,9387,
2026-08-26T10:16:30+00:00,NVIDIA H200,143771,21427,77,42,55,547.91,76293,3843,72450,1.06,9387,
2026-08-26T10:17:00+00:00,NVIDIA H200,143771,21427,79,43,55,521.99,76293,3844,72449,1.04,9387,
2026-08-26T10:17:30+00:00,NVIDIA H200,143771,21427,79,43,55,525.71,76293,3841,72452,0.97,9387,
2026-08-26T10:18:00+00:00,NVIDIA H200,143771,21427,80,44,55,533.65,76293,3840,72453,0.98,9387,
2026-08-26T10:18:30+00:00,NVIDIA H200,143771,21427,77,42,55,536.87,76293,3841,72452,0.93,9387,
2026-08-26T10:19:00+00:00,NVIDIA H200,143771,21427,80,43,55,533.16,76293,3847,72446,0.96,9387,
2026-08-26T10:19:31+00:00,NVIDIA H200,143771,21427,79,43,56,551.88,76293,3883,72410,0.97,9387,
2026-08-26T10:20:01+00:00,NVIDIA H200,143771,21427,82,44,57,535.34,76293,3881,72412,0.99,9387,
2026-08-26T10:20:31+00:00,NVIDIA H200,143771,21427,75,41,56,531.51,76293,3881,72412,0.99,9387,
2026-08-26T10:21:01+00:00,NVIDIA H200,143771,21427,78,43,57,544.51,76293,3882,72411,1.00,9387,
2026-08-26T10:21:31+00:00,NVIDIA H200,143771,21427,79,43,56,553.65,76293,3882,72411,1.00,9387,
2026-08-26T10:22:01+00:00,NVIDIA H200,143771,21427,87,48,56,568.58,76293,4076,72217,1.37,9387,
2026-08-26T10:22:31+00:00,NVIDIA H200,143771,21427,78,42,53,519.18,76293,3986,72307,1.52,9387,
2026-08-26T10:23:01+00:00,NVIDIA H200,143771,21427,77,42,53,524.89,76293,3985,72308,1.31,9387,
2026-08-26T10:23:32+00:00,NVIDIA H200,143771,21427,76,41,52,531.64,76293,3991,72302,1.19,9387,
2026-08-26T10:24:02+00:00,NVIDIA H200,143771,21427,79,43,52,521.96,76293,3833,72460,1.11,9387,
2026-08-26T10:24:32+00:00,NVIDIA H200,143771,21427,77,42,52,534.14,76293,3835,72458,1.07,9387,
2026-08-26T10:25:02+00:00,NVIDIA H200,143771,21427,77,42,53,529.13,76293,3834,72459,1.04,9387,
2026-08-26T10:25:32+00:00,NVIDIA H200,143771,21427,74,40,53,517.42,76293,3828,72465,0.96,9387,
2026-08-26T10:26:02+00:00,NVIDIA H200,143771,21427,79,43,55,542.16,76293,3824,72469,1.18,9387,
2026-08-26T10:26:32+00:00,NVIDIA H200,143771,21427,81,44,56,525.96,76293,3841,72452,1.11,9387,
2026-08-26T10:27:02+00:00,NVIDIA H200,143771,21427,77,42,56,547.53,76293,4869,71424,1.31,9387,
2026-08-26T10:27:32+00:00,NVIDIA H200,143771,21427,80,43,56,534.25,76293,4869,71424,1.11,9387,
2026-08-26T10:28:03+00:00,NVIDIA H200,143771,21427,81,44,56,532.96,76293,4869,71423,1.15,9387,
2026-08-26T10:28:33+00:00,NVIDIA H200,143771,21427,73,40,55,547.51,76293,4707,71586,1.09,9387,
2026-08-26T10:29:03+00:00,NVIDIA H200,143771,21427,77,42,55,534.79,76293,4704,71589,1.05,9387,
2026-08-26T10:29:33+00:00,NVIDIA H200,143771,21427,79,43,56,533.28,76293,4704,71589,1.03,9387,
2026-08-26T10:30:03+00:00,NVIDIA H200,143771,21427,73,40,55,533.32,76293,4738,71555,0.95,9387,
2026-08-26T10:30:33+00:00,NVIDIA H200,143771,21427,83,45,53,537.78,76293,4498,71795,0.97,9387,
2026-08-26T10:31:03+00:00,NVIDIA H200,143771,21427,82,45,51,523.61,76293,4510,71783,1.33,9387,
2026-08-26T10:31:33+00:00,NVIDIA H200,143771,21427,80,43,51,527.71,76293,4508,71785,1.25,9387,
2026-08-26T10:32:04+00:00,NVIDIA H200,143771,21427,80,43,50,531.11,76293,4497,71796,1.21,9387,
2026-08-26T10:32:34+00:00,NVIDIA H200,143771,21427,79,43,51,508.83,76293,4497,71796,1.18,9387,
2026-08-26T10:33:04+00:00,NVIDIA H200,143771,21427,80,44,50,526.68,76293,4498,71795,1.04,9387,
2026-08-26T10:33:34+00:00,NVIDIA H200,143771,21427,76,42,49,497.52,76293,4498,71795,1.03,9387,
2026-08-26T10:34:04+00:00,NVIDIA H200,143771,21427,78,42,50,527.07,76293,4501,71792,1.01,9387,
2026-08-26T10:34:34+00:00,NVIDIA H200,143771,21427,83,45,52,544.78,76293,4520,71773,1.01,9387,
2026-08-26T10:35:04+00:00,NVIDIA H200,143771,21427,79,43,53,525.81,76293,4529,71763,1.00,9387,
2026-08-26T10:35:34+00:00,NVIDIA H200,143771,21427,81,44,54,537.44,76293,4521,71772,1.00,9387,
2026-08-26T10:36:05+00:00,NVIDIA H200,143771,21427,78,43,54,531.27,76293,4529,71764,1.07,9387,
2026-08-26T10:36:35+00:00,NVIDIA H200,143771,21427,77,42,55,522.76,76293,4538,71755,1.04,9387,
2026-08-26T10:37:05+00:00,NVIDIA H200,143771,21427,82,45,55,537.49,76293,4559,71734,0.94,9387,
2026-08-26T10:37:35+00:00,NVIDIA H200,143771,21427,78,43,54,516.09,76293,4569,71724,1.02,9387,
2026-08-26T10:38:05+00:00,NVIDIA H200,143771,21427,77,42,55,512.85,76293,4550,71743,1.08,9387,
2026-08-26T10:38:35+00:00,NVIDIA H200,143771,21427,76,41,55,529.44,76293,4558,71735,1.12,9387,
2026-08-26T10:39:05+00:00,NVIDIA H200,143771,21427,77,42,55,518.82,76293,4568,71725,1.07,9387,
2026-08-26T10:39:35+00:00,NVIDIA H200,143771,21427,79,43,56,515.23,76293,4568,71725,1.20,9387,
2026-08-26T10:40:06+00:00,NVIDIA H200,143771,21427,76,41,55,505.83,76293,4568,71725,1.50,9387,
2026-08-26T10:40:36+00:00,NVIDIA H200,143771,21427,78,43,56,531.82,76293,4567,71726,1.30,9387,
2026-08-26T10:41:06+00:00,NVIDIA H200,143771,21427,78,43,54,536.93,76293,4568,71725,1.11,9387,
2026-08-26T10:41:36+00:00,NVIDIA H200,143771,21427,76,41,54,534.14,76293,4567,71725,1.07,9387,
2026-08-26T10:42:06+00:00,NVIDIA H200,143771,21427,79,43,54,522.95,76293,4544,71749,1.04,9387,
2026-08-26T10:42:36+00:00,NVIDIA H200,143771,21427,77,42,53,531.96,76293,4546,71747,1.02,9387,
2026-08-26T10:43:06+00:00,NVIDIA H200,143771,21427,73,39,51,491.75,76293,4547,71746,1.01,9387,
2026-08-26T10:43:36+00:00,NVIDIA H200,143771,21427,80,43,53,532.89,76293,4545,71748,1.01,9387,
2026-08-26T10:44:06+00:00,NVIDIA H200,143771,21427,76,41,52,513.65,76293,4547,71746,1.12,9387,
2026-08-26T10:44:37+00:00,NVIDIA H200,143771,21427,76,41,54,529.96,76293,4546,71747,0.99,9387,
2026-08-26T10:45:07+00:00,NVIDIA H200,143771,21427,77,42,55,535.17,76293,4546,71747,1.00,9387,
2026-08-26T10:45:37+00:00,NVIDIA H200,143771,21427,76,41,56,532.40,76293,4552,71741,1.08,9387,
2026-08-26T10:46:07+00:00,NVIDIA H200,143771,21427,77,42,56,537.53,76293,4553,71740,1.20,9387,
2026-08-26T10:46:37+00:00,NVIDIA H200,143771,21427,77,42,55,555.45,76293,4610,71683,2.01,9387,
2026-08-26T10:47:07+00:00,NVIDIA H200,143771,21427,17,8,49,457.27,76293,4693,71600,1.61,9387,
2026-08-26T10:47:37+00:00,NVIDIA H200,143771,21427,81,44,56,541.22,76293,4671,71622,1.96,9387,
2026-08-26T10:48:07+00:00,NVIDIA H200,143771,21427,77,42,55,540.26,76293,4722,71571,1.94,9387,
2026-08-26T10:48:38+00:00,NVIDIA H200,143771,21427,80,44,55,538.01,76293,4707,71586,1.63,9387,
2026-08-26T10:49:08+00:00,NVIDIA H200,143771,21427,78,42,54,528.41,76293,4730,71563,2.19,9387,
2026-08-26T10:49:38+00:00,NVIDIA H200,143771,21427,79,43,56,550.60,76293,4725,71568,2.19,9387,
2026-08-26T10:50:08+00:00,NVIDIA H200,143771,21427,76,41,56,482.24,76293,4721,71572,2.25,9387,
2026-08-26T10:50:38+00:00,NVIDIA H200,143771,21427,74,41,55,512.71,76293,4755,71538,2.08,9387,
2026-08-26T10:51:08+00:00,NVIDIA H200,143771,21427,81,44,53,533.92,76293,4746,71547,2.18,9387,
2026-08-26T10:51:38+00:00,NVIDIA H200,143771,21427,76,41,51,530.81,76293,4760,71533,2.41,9387,
2026-08-26T10:52:08+00:00,NVIDIA H200,143771,21427,81,44,51,527.48,76293,4747,71546,2.04,9387,
2026-08-26T10:52:39+00:00,NVIDIA H200,143771,21427,77,42,50,505.92,76293,4753,71540,1.75,9387,
2026-08-26T10:53:09+00:00,NVIDIA H200,143771,21427,82,45,50,525.10,76293,4907,71386,1.52,9387,
2026-08-26T10:53:39+00:00,NVIDIA H200,143771,21427,73,40,50,533.39,76293,4908,71385,1.47,9387,
2026-08-26T10:54:09+00:00,NVIDIA H200,143771,21427,81,44,49,543.87,76293,4754,71539,1.28,9387,
2026-08-26T10:54:39+00:00,NVIDIA H200,143771,21427,82,44,50,540.49,76293,4757,71536,1.17,9387,
2026-08-26T10:55:09+00:00,NVIDIA H200,143771,21427,72,39,52,503.78,76293,4734,71559,1.10,9387,
2026-08-26T10:55:39+00:00,NVIDIA H200,143771,21427,82,45,53,537.79,76293,4811,71481,1.30,9387,
2026-08-26T10:56:09+00:00,NVIDIA H200,143771,21427,0,0,43,123.62,76293,6117,70176,1.90,9387,
2026-08-26T10:56:40+00:00,NVIDIA H200,143771,21427,0,0,37,120.03,76293,6652,69641,13.83,9387,
2026-08-26T10:57:10+00:00,NVIDIA H200,143771,21427,0,0,36,118.82,76293,6665,69628,21.04,9387,
2026-08-26T10:57:40+00:00,NVIDIA H200,143771,21427,0,0,35,118.48,76293,6658,69635,25.36,9387,
2026-08-26T10:58:10+00:00,NVIDIA H200,143771,21427,10,0,35,132.90,76293,6641,69652,17.74,9387,
2026-08-26T10:58:40+00:00,NVIDIA H200,143771,21427,9,0,36,131.56,76293,6632,69661,11.51,9387,
2026-08-26T10:59:10+00:00,NVIDIA H200,143771,21427,10,0,36,131.39,76293,6639,69654,7.47,9387,
2026-08-26T10:59:40+00:00,NVIDIA H200,143771,21427,6,0,36,132.33,76293,6650,69643,5.10,9387,
2026-08-26T11:00:10+00:00,NVIDIA H200,143771,21427,9,0,35,133.08,76293,6661,69632,3.48,9387,
2026-08-26T11:00:41+00:00,NVIDIA H200,143771,21427,10,0,35,132.56,76293,6659,69634,2.50,9387,
2026-08-26T11:01:11+00:00,NVIDIA H200,143771,21427,10,0,34,132.07,76293,6639,69654,1.91,9387,
2026-08-26T11:01:41+00:00,NVIDIA H200,143771,21427,10,0,34,133.79,76293,6640,69653,1.55,9387,
2026-08-26T11:02:11+00:00,NVIDIA H200,143771,21427,11,0,33,129.44,76293,6684,69609,1.40,9387,
2026-08-26T11:02:41+00:00,NVIDIA H200,143771,21427,8,0,33,128.09,76293,6683,69609,1.36,9387,
2026-08-26T11:03:11+00:00,NVIDIA H200,143771,21427,10,0,32,132.17,76293,5179,71114,1.21,9387,
2026-08-26T11:03:41+00:00,NVIDIA H200,143771,21427,10,0,32,133.75,76293,5068,71225,1.36,9387,
2026-08-26T11:04:11+00:00,NVIDIA H200,143771,21427,10,0,33,131.40,76293,5069,71224,2.05,9387,
2026-08-26T11:04:41+00:00,NVIDIA H200,143771,21427,10,0,34,132.34,76293,5087,71206,3.11,9387,
2026-08-26T11:05:12+00:00,NVIDIA H200,143771,21427,10,0,34,129.52,76293,5082,71211,3.10,9387,
2026-08-26T11:05:42+00:00,NVIDIA H200,143771,21427,0,0,34,118.18,76293,6635,69658,5.43,9387,
2026-08-26T11:06:12+00:00,NVIDIA H200,143771,21427,0,0,34,118.01,76293,6572,69721,15.90,9387,
2026-08-26T11:06:42+00:00,NVIDIA H200,143771,21427,0,0,33,118.04,76293,6509,69784,22.32,9387,
2026-08-26T11:07:12+00:00,NVIDIA H200,143771,21427,11,1,34,136.84,76293,6323,69969,18.53,9387,
2026-08-26T11:07:42+00:00,NVIDIA H200,143771,21427,11,1,34,136.88,76293,6330,69963,11.62,9387,
2026-08-26T11:08:12+00:00,NVIDIA H200,143771,21427,11,1,34,134.65,76293,6331,69962,7.62,9387,
2026-08-26T11:08:42+00:00,NVIDIA H200,143771,21427,11,1,34,133.53,76293,6411,69882,5.09,9387,
2026-08-26T11:09:13+00:00,NVIDIA H200,143771,21427,11,1,35,137.54,76293,6475,69818,3.56,9387,
2026-08-26T11:09:43+00:00,NVIDIA H200,143771,21427,11,1,35,135.22,76293,6472,69821,3.01,9387,
2026-08-26T11:10:13+00:00,NVIDIA H200,143771,21427,11,1,36,137.82,76293,6477,69816,2.22,9387,
2026-08-26T11:10:43+00:00,NVIDIA H200,143771,21427,10,1,35,136.46,76293,6506,69787,1.92,9387,
2026-08-26T11:11:13+00:00,NVIDIA H200,143771,21427,9,1,34,134.50,76293,6502,69791,2.20,9387,
2026-08-26T11:11:43+00:00,NVIDIA H200,143771,21427,11,1,32,135.73,76293,6476,69817,1.78,9387,
2026-08-26T11:12:13+00:00,NVIDIA H200,143771,21427,10,1,31,135.94,76293,4758,71535,1.65,9387,
2026-08-26T11:12:43+00:00,NVIDIA H200,143771,21427,11,1,30,133.68,76293,4754,71539,1.39,9387,
2026-08-26T11:13:14+00:00,NVIDIA H200,143771,21427,11,1,29,135.18,76293,4749,71544,1.24,9387,
2026-08-26T11:13:44+00:00,NVIDIA H200,143771,21427,11,1,28,133.00,76293,4750,71543,1.06,9387,
2026-08-26T11:14:14+00:00,NVIDIA H200,143771,21427,10,1,28,132.29,76293,4749,71544,0.99,9387,
2026-08-26T11:14:44+00:00,NVIDIA H200,143771,21427,11,1,28,133.98,76293,4749,71544,0.99,9387,
2026-08-26T11:15:14+00:00,NVIDIA H200,143771,21427,11,1,28,133.04,76293,4748,71545,1.00,9387,
2026-08-26T11:15:44+00:00,NVIDIA H200,143771,21427,11,1,30,134.44,76293,4752,71541,1.14,9387,
2026-08-26T11:16:14+00:00,NVIDIA H200,143771,21427,10,1,31,135.86,76293,4751,71542,1.21,9387,
2026-08-26T11:16:44+00:00,NVIDIA H200,143771,21427,11,1,31,135.84,76293,4750,71543,1.20,9387,
2026-08-26T11:17:14+00:00,NVIDIA H200,143771,21427,11,1,32,134.38,76293,4749,71544,1.12,9387,
2026-08-26T11:17:45+00:00,NVIDIA H200,143771,21427,11,1,32,136.37,76293,4750,71543,1.07,9387,
2026-08-26T11:18:15+00:00,NVIDIA H200,143771,21427,11,1,32,135.27,76293,4757,71536,1.04,9387,
2026-08-26T11:18:45+00:00,NVIDIA H200,143771,21427,11,1,33,132.32,76293,4761,71532,1.28,9387,
2026-08-26T11:19:15+00:00,NVIDIA H200,143771,21427,10,1,32,134.37,76293,4810,71483,2.38,9387,
2026-08-26T11:19:45+00:00,NVIDIA H200,143771,21427,14,2,32,140.95,76293,4797,71496,2.18,9387,
2026-08-26T11:20:15+00:00,NVIDIA H200,143771,21427,11,1,32,134.68,76293,4774,71519,1.79,9387,
2026-08-26T11:20:45+00:00,NVIDIA H200,143771,21427,11,1,33,133.20,76293,4773,71520,1.48,9387,
2026-08-26T11:21:15+00:00,NVIDIA H200,143771,21427,11,1,34,134.95,76293,4772,71521,1.40,9387,
2026-08-26T11:21:46+00:00,NVIDIA H200,143771,21427,10,1,35,134.79,76293,4788,71505,1.31,9387,
2026-08-26T11:22:16+00:00,NVIDIA H200,143771,21427,11,1,35,133.91,76293,4882,71411,1.74,9387,
2026-08-26T11:22:46+00:00,NVIDIA H200,143771,21427,10,1,35,138.02,76293,4768,71525,1.45,9387,
2026-08-26T11:23:16+00:00,NVIDIA H200,143771,21427,11,1,35,137.99,76293,4768,71525,1.27,9387,
2026-08-26T11:23:46+00:00,NVIDIA H200,143771,21427,11,1,35,136.00,76293,4768,71525,1.23,9387,
2026-08-26T11:24:16+00:00,NVIDIA H200,143771,21427,11,1,35,136.13,76293,4768,71525,1.14,9387,
2026-08-26T11:24:46+00:00,NVIDIA H200,143771,21427,11,1,34,134.80,76293,4767,71526,1.08,9387,
2026-08-26T11:25:16+00:00,NVIDIA H200,143771,21427,13,2,33,136.99,76293,4766,71527,1.12,9387,
2026-08-26T11:25:47+00:00,NVIDIA H200,143771,21427,17,2,33,138.48,76293,4767,71526,1.07,9387,
2026-08-26T11:26:17+00:00,NVIDIA H200,143771,21427,11,1,32,136.87,76293,4759,71534,1.09,9387,
2026-08-26T11:26:47+00:00,NVIDIA H200,143771,21427,10,1,31,133.60,76293,4752,71541,1.06,9387,
2026-08-26T11:27:17+00:00,NVIDIA H200,143771,21427,11,1,31,134.72,76293,4750,71543,1.16,9387,
2026-08-26T11:27:47+00:00,NVIDIA H200,143771,21427,11,1,30,136.70,76293,4752,71541,1.10,9387,
2026-08-26T11:28:17+00:00,NVIDIA H200,143771,21427,12,1,31,133.51,76293,4753,71540,1.36,9387,
2026-08-26T11:28:47+00:00,NVIDIA H200,143771,21427,10,1,32,134.57,76293,4750,71543,1.22,9387,
2026-08-26T11:29:17+00:00,NVIDIA H200,143771,21427,11,1,33,135.76,76293,4749,71544,1.13,9387,
2026-08-26T11:29:48+00:00,NVIDIA H200,143771,21427,11,1,33,134.24,76293,4751,71542,1.39,9387,
2026-08-26T11:30:18+00:00,NVIDIA H200,143771,21427,12,1,34,135.20,76293,4779,71514,1.93,9387,
2026-08-26T11:30:48+00:00,NVIDIA H200,143771,21427,10,1,34,134.78,76293,4854,71439,2.08,9387,
2026-08-26T11:31:18+00:00,NVIDIA H200,143771,21427,11,1,35,137.45,76293,4822,71471,2.34,9387,
2026-08-26T11:31:48+00:00,NVIDIA H200,143771,21427,10,1,34,137.23,76293,4821,71472,2.28,9387,
2026-08-26T11:32:18+00:00,NVIDIA H200,143771,21427,12,1,34,138.21,76293,4822,71471,1.77,9387,
2026-08-26T11:32:48+00:00,NVIDIA H200,143771,21427,12,1,34,138.01,76293,4742,71551,1.52,9387,
2026-08-26T11:33:18+00:00,NVIDIA H200,143771,21427,12,1,34,134.96,76293,4740,71553,1.45,9387,
2026-08-26T11:33:48+00:00,NVIDIA H200,143771,21427,11,1,33,135.88,76293,4740,71553,1.27,9387,
2026-08-26T11:34:19+00:00,NVIDIA H200,143771,21427,11,1,32,134.71,76293,4739,71554,1.16,9387,
2026-08-26T11:34:49+00:00,NVIDIA H200,143771,21427,11,1,31,133.76,76293,4739,71554,1.10,9387,
2026-08-26T11:35:19+00:00,NVIDIA H200,143771,21427,11,1,29,133.15,76293,4739,71554,1.06,9387,
2026-08-26T11:35:49+00:00,NVIDIA H200,143771,21427,11,1,29,133.45,76293,4739,71554,1.03,9387,
2026-08-26T11:36:19+00:00,NVIDIA H200,143771,21427,11,1,28,134.05,76293,4738,71555,1.02,9387,
2026-08-26T11:36:49+00:00,NVIDIA H200,143771,21427,11,1,27,131.76,76293,4737,71556,1.01,9387,
2026-08-26T11:37:19+00:00,NVIDIA H200,143771,21427,11,1,27,132.89,76293,4737,71556,1.00,9387,
2026-08-26T11:37:49+00:00,NVIDIA H200,143771,21427,11,1,27,133.29,76293,4737,71556,1.31,9387,
2026-08-26T11:38:20+00:00,NVIDIA H200,143771,21427,11,1,29,134.64,76293,4738,71555,1.26,9387,
2026-08-26T11:38:50+00:00,NVIDIA H200,143771,21427,12,1,30,135.31,76293,4738,71555,1.16,9387,
2026-08-26T11:39:20+00:00,NVIDIA H200,143771,21427,11,1,32,133.33,76293,4738,71555,1.09,9387,
2026-08-26T11:39:50+00:00,NVIDIA H200,143771,21427,11,1,33,138.45,76293,4737,71556,1.06,9387,
2026-08-26T11:40:20+00:00,NVIDIA H200,143771,21427,10,1,33,135.96,76293,4737,71556,1.33,9387,
2026-08-26T11:40:50+00:00,NVIDIA H200,143771,21427,11,1,33,134.62,76293,4737,71556,1.36,9387,
2026-08-26T11:41:20+00:00,NVIDIA H200,143771,21427,11,1,34,135.04,76293,4737,71556,1.22,9387,
2026-08-26T11:41:50+00:00,NVIDIA H200,143771,21427,11,1,34,137.99,76293,4736,71556,1.13,9387,
2026-08-26T11:42:20+00:00,NVIDIA H200,143771,21427,11,1,34,133.45,76293,4737,71556,1.00,9387,
2026-08-26T11:42:51+00:00,NVIDIA H200,143771,21427,11,1,34,135.60,76293,4738,71555,1.00,9387,
2026-08-26T11:43:21+00:00,NVIDIA H200,143771,21427,11,1,34,137.67,76293,4737,71556,1.00,9387,
2026-08-26T11:43:51+00:00,NVIDIA H200,143771,21427,11,1,34,135.97,76293,4764,71529,1.06,9387,
2026-08-26T11:44:21+00:00,NVIDIA H200,143771,21427,11,1,34,133.89,76293,4771,71522,1.22,9387,
2026-08-26T11:44:51+00:00,NVIDIA H200,143771,21427,11,1,34,135.23,76293,4758,71535,1.19,9387,
2026-08-26T11:45:21+00:00,NVIDIA H200,143771,21427,11,1,34,134.94,76293,4780,71513,1.19,9387,
2026-08-26T11:45:51+00:00,NVIDIA H200,143771,21427,9,1,34,133.88,76293,4768,71525,1.79,9387,
2026-08-26T11:46:21+00:00,NVIDIA H200,143771,21427,9,1,35,135.05,76293,4748,71545,1.63,9387,
2026-08-26T11:46:52+00:00,NVIDIA H200,143771,21427,13,1,36,134.91,76293,4757,71536,1.84,9387,
2026-08-26T11:47:22+00:00,NVIDIA H200,143771,21427,26,3,37,159.88,76293,4751,71542,1.51,9387,
2026-08-26T11:47:52+00:00,NVIDIA H200,143771,21427,9,1,35,132.52,76293,4757,71536,1.50,9387,
2026-08-26T11:48:22+00:00,NVIDIA H200,143771,21427,10,1,34,133.58,76293,4770,71523,1.38,9387,
2026-08-26T11:48:52+00:00,NVIDIA H200,143771,21427,11,1,33,133.24,76293,4755,71538,1.40,9387,
2026-08-26T11:49:22+00:00,NVIDIA H200,143771,21427,12,1,33,143.97,76293,4744,71549,1.24,9387,
2026-08-26T11:49:52+00:00,NVIDIA H200,143771,21427,10,1,33,134.92,76293,4743,71550,1.25,9387,
2026-08-26T11:50:22+00:00,NVIDIA H200,143771,21427,11,1,33,134.47,76293,4744,71549,1.15,9387,
2026-08-26T11:50:53+00:00,NVIDIA H200,143771,21427,11,1,33,136.93,76293,4744,71549,1.16,9387,
2026-08-26T11:51:23+00:00,NVIDIA H200,143771,21427,10,1,33,134.37,76293,4744,71549,1.10,9387,
2026-08-26T11:51:53+00:00,NVIDIA H200,143771,21427,10,1,32,135.89,76293,4745,71548,1.06,9387,
2026-08-26T11:52:23+00:00,NVIDIA H200,143771,21427,11,1,33,135.06,76293,4743,71550,1.03,9387,
2026-08-26T11:52:53+00:00,NVIDIA H200,143771,21427,11,1,34,134.49,76293,4604,71689,1.02,9387,
2026-08-26T11:53:23+00:00,NVIDIA H200,143771,21427,11,1,33,137.20,76293,4606,71687,1.01,9387,
2026-08-26T11:53:53+00:00,NVIDIA H200,143771,21427,10,1,33,137.37,76293,4676,71616,1.08,9387,
2026-08-26T11:54:23+00:00,NVIDIA H200,143771,21427,11,1,34,135.95,76293,4754,71539,1.31,9387,
2026-08-26T11:54:54+00:00,NVIDIA H200,143771,21427,11,1,33,135.81,76293,4757,71536,1.33,9387,
2026-08-26T11:55:24+00:00,NVIDIA H200,143771,21427,12,1,34,140.11,76293,4754,71539,1.31,9387,
2026-08-26T11:55:54+00:00,NVIDIA H200,143771,21427,10,1,34,136.14,76293,4796,71497,1.24,9387,
2026-08-26T11:56:24+00:00,NVIDIA H200,143771,21427,11,1,34,135.18,76293,4771,71522,1.23,9387,
2026-08-26T11:56:54+00:00,NVIDIA H200,143771,21427,11,1,34,136.61,76293,4745,71548,1.27,9387,
2026-08-26T11:57:24+00:00,NVIDIA H200,143771,21427,11,1,35,134.70,76293,4745,71548,1.39,9387,
2026-08-26T11:57:54+00:00,NVIDIA H200,143771,21427,11,1,35,134.97,76293,4767,71525,1.58,9387,
2026-08-26T11:58:24+00:00,NVIDIA H200,143771,21427,12,1,34,137.00,76293,4898,71395,1.39,9387,
2026-08-26T11:58:54+00:00,NVIDIA H200,143771,21427,11,1,33,135.85,76293,4928,71365,1.36,9387,
2026-08-26T11:59:25+00:00,NVIDIA H200,143771,21427,11,1,32,135.47,76293,4980,71313,1.45,9387,
2026-08-26T11:59:55+00:00,NVIDIA H200,143771,21427,11,1,31,136.02,76293,4956,71337,2.25,9387,
2026-08-26T12:00:25+00:00,NVIDIA H200,143771,21427,12,1,30,135.03,76293,4819,71474,2.28,9387,
2026-08-26T12:00:55+00:00,NVIDIA H200,143771,21427,11,1,28,134.70,76293,4789,71504,1.97,9387,
2026-08-26T12:01:25+00:00,NVIDIA H200,143771,21427,10,1,28,133.65,76293,4832,71461,2.01,9387,
2026-08-26T12:01:55+00:00,NVIDIA H200,143771,21427,11,1,27,133.49,76293,4821,71472,1.73,9387,
2026-08-26T12:02:25+00:00,NVIDIA H200,143771,21427,11,1,26,133.28,76293,4786,71507,1.44,9387,
2026-08-26T12:02:55+00:00,NVIDIA H200,143771,21427,11,1,27,132.85,76293,4788,71505,1.27,9387,
2026-08-26T12:03:26+00:00,NVIDIA H200,143771,21427,11,1,28,132.18,76293,4805,71487,1.22,9387,
2026-08-26T12:03:56+00:00,NVIDIA H200,143771,21427,11,1,29,133.29,76293,4785,71508,1.13,9387,
2026-08-26T12:04:26+00:00,NVIDIA H200,143771,21427,11,1,30,131.82,76293,4782,71511,1.74,9387,
2026-08-26T12:04:56+00:00,NVIDIA H200,143771,21427,11,1,31,133.52,76293,4782,71511,1.38,9387,
2026-08-26T12:05:26+00:00,NVIDIA H200,143771,21427,11,1,32,136.00,76293,4608,71685,1.52,9387,
2026-08-26T12:05:56+00:00,NVIDIA H200,143771,21427,11,1,33,134.48,76293,4611,71682,1.73,9387,
2026-08-26T12:06:26+00:00,NVIDIA H200,143771,21427,11,1,33,134.36,76293,4608,71685,1.47,9387,
2026-08-26T12:06:56+00:00,NVIDIA H200,143771,21427,11,1,34,134.67,76293,4631,71662,1.34,9387,
2026-08-26T12:07:27+00:00,NVIDIA H200,143771,21427,11,1,34,136.54,76293,4671,71622,1.29,9387,
2026-08-26T12:07:57+00:00,NVIDIA H200,143771,21427,11,1,35,134.65,76293,4728,71565,1.66,9387,
2026-08-26T12:08:27+00:00,NVIDIA H200,143771,21427,12,1,35,137.95,76293,4762,71531,1.53,9387,
2026-08-26T12:08:57+00:00,NVIDIA H200,143771,21427,11,1,36,136.81,76293,4758,71535,1.43,9387,
2026-08-26T12:09:27+00:00,NVIDIA H200,143771,21427,11,1,36,137.13,76293,4757,71536,1.32,9387,
2026-08-26T12:09:57+00:00,NVIDIA H200,143771,21427,11,1,35,136.27,76293,4755,71538,1.32,9387,
2026-08-26T12:10:27+00:00,NVIDIA H200,143771,21427,10,1,35,135.97,76293,4778,71515,1.33,9387,
2026-08-26T12:10:57+00:00,NVIDIA H200,143771,21427,14,2,35,140.68,76293,4752,71541,1.20,9387,
2026-08-26T12:11:27+00:00,NVIDIA H200,143771,21427,11,1,34,133.65,76293,4777,71516,1.21,9387,
2026-08-26T12:11:58+00:00,NVIDIA H200,143771,21427,12,1,34,135.60,76293,4754,71539,1.13,9387,
2026-08-26T12:12:28+00:00,NVIDIA H200,143771,21427,11,1,34,135.01,76293,4762,71531,1.08,9387,
2026-08-26T12:12:58+00:00,NVIDIA H200,143771,21427,11,1,34,133.52,76293,4768,71525,1.11,9387,
2026-08-26T12:13:28+00:00,NVIDIA H200,143771,21427,18,0,35,136.89,76293,4904,71389,1.14,9387,
2026-08-26T12:13:58+00:00,NVIDIA H200,143771,21427,24,1,35,137.40,76293,4903,71390,1.13,9387,
2026-08-26T12:14:28+00:00,NVIDIA H200,143771,21427,23,1,36,137.80,76293,4903,71390,1.02,9387,
2026-08-26T12:14:58+00:00,NVIDIA H200,143771,21427,22,1,36,138.78,76293,4952,71341,1.28,9387,
2026-08-26T12:15:28+00:00,NVIDIA H200,143771,21427,23,1,36,137.34,76293,4761,71532,1.58,9387,
2026-08-26T12:15:59+00:00,NVIDIA H200,143771,21427,22,1,36,136.88,76293,4911,71382,1.66,9387,
2026-08-26T12:16:29+00:00,NVIDIA H200,143771,21427,23,1,35,138.16,76293,4911,71382,1.45,9387,
2026-08-26T12:16:59+00:00,NVIDIA H200,143771,21427,22,1,35,137.89,76293,4927,71365,1.27,9387,
2026-08-26T12:17:29+00:00,NVIDIA H200,143771,21427,23,1,34,137.88,76293,4927,71366,1.29,9387,
2026-08-26T12:17:59+00:00,NVIDIA H200,143771,21427,22,1,34,135.95,76293,4769,71524,1.26,9387,
2026-08-26T12:18:29+00:00,NVIDIA H200,143771,21427,23,1,34,136.20,76293,4767,71526,1.02,9387,
2026-08-26T12:18:59+00:00,NVIDIA H200,143771,21427,23,1,33,135.82,76293,4766,71526,1.01,9387,
2026-08-26T12:19:29+00:00,NVIDIA H200,143771,21427,22,1,33,136.91,76293,4766,71527,1.01,9387,
2026-08-26T12:20:00+00:00,NVIDIA H200,143771,21427,22,1,34,136.28,76293,4762,71531,1.08,9387,
2026-08-26T12:20:30+00:00,NVIDIA H200,143771,21427,29,1,34,135.76,76293,4786,71507,1.12,9387,
2026-08-26T12:21:00+00:00,NVIDIA H200,143771,21427,23,1,35,137.15,76293,4765,71528,1.41,9387,
2026-08-26T12:21:30+00:00,NVIDIA H200,143771,21427,24,1,35,139.46,76293,4776,71517,1.12,9387,
2026-08-26T12:22:00+00:00,NVIDIA H200,143771,21427,25,1,35,137.69,76293,4773,71520,1.40,9387,
2026-08-26T12:22:30+00:00,NVIDIA H200,143771,21427,23,1,35,136.24,76293,4775,71518,1.48,9387,
2026-08-26T12:23:00+00:00,NVIDIA H200,143771,21427,24,1,35,139.53,76293,4780,71513,1.36,9387,
2026-08-26T12:23:30+00:00,NVIDIA H200,143771,21427,24,1,35,137.28,76293,4786,71507,1.16,9387,
2026-08-26T12:24:00+00:00,NVIDIA H200,143771,21427,24,1,35,137.55,76293,4786,71507,1.18,9387,
2026-08-26T12:24:31+00:00,NVIDIA H200,143771,21427,23,1,35,137.60,76293,4773,71520,1.68,9387,
2026-08-26T12:25:01+00:00,NVIDIA H200,143771,21427,24,1,35,137.62,76293,4801,71492,1.89,9387,
2026-08-26T12:25:31+00:00,NVIDIA H200,143771,21427,23,1,36,138.46,76293,4776,71517,1.67,9387,
2026-08-26T12:26:01+00:00,NVIDIA H200,143771,21427,23,1,36,139.21,76293,4769,71524,1.53,9387,
2026-08-26T12:26:31+00:00,NVIDIA H200,143771,21427,24,1,36,138.55,76293,4780,71513,1.32,9387,
2026-08-26T12:27:01+00:00,NVIDIA H200,143771,21427,23,1,35,136.39,76293,4790,71503,1.51,9387,
2026-08-26T12:27:31+00:00,NVIDIA H200,143771,21427,24,1,34,138.24,76293,4770,71523,1.65,9387,
2026-08-26T12:28:01+00:00,NVIDIA H200,143771,21427,21,1,33,135.04,76293,4906,71387,1.79,9387,
2026-08-26T12:28:32+00:00,NVIDIA H200,143771,21427,24,1,32,136.64,76293,4873,71420,1.48,9387,
2026-08-26T12:29:02+00:00,NVIDIA H200,143771,21427,24,1,30,136.43,76293,4877,71416,1.29,9387,
2026-08-26T12:29:32+00:00,NVIDIA H200,143771,21427,24,1,29,135.36,76293,4919,71374,1.50,9387,
2026-08-26T12:30:02+00:00,NVIDIA H200,143771,21427,24,1,28,135.64,76293,4918,71375,1.30,9387,
2026-08-26T12:30:32+00:00,NVIDIA H200,143771,21427,80,44,39,508.58,76293,4905,71388,1.18,9387,
2026-08-26T12:31:02+00:00,NVIDIA H200,143771,21427,79,43,47,527.11,76293,4748,71545,1.11,9387,
2026-08-26T12:31:32+00:00,NVIDIA H200,143771,21427,72,39,50,508.94,76293,4749,71544,1.07,9387,
2026-08-26T12:32:02+00:00,NVIDIA H200,143771,21427,81,44,51,528.74,76293,4754,71539,0.97,9387,
2026-08-26T12:32:33+00:00,NVIDIA H200,143771,21427,81,44,52,541.72,76293,4752,71541,0.98,9387,
2026-08-26T12:33:03+00:00,NVIDIA H200,143771,21427,82,44,53,542.26,76293,4798,71495,1.13,9387,
2026-08-26T12:33:33+00:00,NVIDIA H200,143771,21427,80,44,54,547.72,76293,4834,71459,0.93,9387,
2026-08-26T12:34:03+00:00,NVIDIA H200,143771,21427,81,44,55,553.66,76293,4703,71590,1.04,9387,
2026-08-26T12:34:33+00:00,NVIDIA H200,143771,21427,82,44,56,539.35,76293,4772,71521,1.25,9387,
2026-08-26T12:35:03+00:00,NVIDIA H200,143771,21427,77,42,55,533.16,76293,4833,71460,1.15,9387,
2026-08-26T12:35:33+00:00,NVIDIA H200,143771,21427,77,42,56,543.40,76293,4821,71472,1.09,9387,
2026-08-26T12:36:03+00:00,NVIDIA H200,143771,21427,76,41,56,536.83,76293,4819,71474,1.05,9387,
2026-08-26T12:36:34+00:00,NVIDIA H200,143771,21427,81,44,57,530.64,76293,4742,71551,1.14,9387,
2026-08-26T12:37:04+00:00,NVIDIA H200,143771,21427,76,41,57,535.75,76293,4744,71549,1.08,9387,
2026-08-26T12:37:34+00:00,NVIDIA H200,143771,21427,77,42,57,554.10,76293,4755,71538,1.07,9387,
2026-08-26T12:38:04+00:00,NVIDIA H200,143771,21427,77,42,57,547.13,76293,4749,71544,1.41,9387,
2026-08-26T12:38:34+00:00,NVIDIA H200,143771,21427,76,41,55,521.92,76293,4732,71561,1.25,9387,
2026-08-26T12:39:04+00:00,NVIDIA H200,143771,21427,78,42,55,535.27,76293,4732,71561,1.21,9387,
2026-08-26T12:39:34+00:00,NVIDIA H200,143771,21427,80,44,55,534.41,76293,4738,71555,1.19,9387,
2026-08-26T12:40:04+00:00,NVIDIA H200,143771,21427,78,42,54,539.48,76293,4746,71547,1.11,9387,
2026-08-26T12:40:35+00:00,NVIDIA H200,143771,21427,81,44,53,517.44,76293,4738,71555,1.07,9387,
2026-08-26T12:41:05+00:00,NVIDIA H200,143771,21427,79,43,54,515.61,76293,4745,71548,1.04,9387,
2026-08-26T12:41:35+00:00,NVIDIA H200,143771,21427,76,41,53,535.27,76293,4738,71555,1.16,9387,
2026-08-26T12:42:05+00:00,NVIDIA H200,143771,21427,82,45,54,536.84,76293,4731,71562,1.15,9387,
2026-08-26T12:42:35+00:00,NVIDIA H200,143771,21427,78,42,55,533.23,76293,4737,71556,1.09,9387,
2026-08-26T12:43:05+00:00,NVIDIA H200,143771,21427,73,40,55,513.68,76293,4738,71555,1.13,9387,
2026-08-26T12:43:35+00:00,NVIDIA H200,143771,21427,77,42,56,517.72,76293,4824,71469,1.51,9387,
2026-08-26T12:44:05+00:00,NVIDIA H200,143771,21427,78,43,58,550.25,76293,4814,71479,1.43,9387,
2026-08-26T12:44:35+00:00,NVIDIA H200,143771,21427,77,42,56,528.44,76293,4847,71446,1.54,9387,
2026-08-26T12:45:06+00:00,NVIDIA H200,143771,21427,77,42,55,534.40,76293,4897,71396,1.70,9387,
2026-08-26T12:45:36+00:00,NVIDIA H200,143771,21427,78,43,52,526.89,76293,4920,71373,1.96,9387,
2026-08-26T12:46:06+00:00,NVIDIA H200,143771,21427,81,44,51,518.51,76293,4892,71401,1.90,9387,
2026-08-26T12:46:36+00:00,NVIDIA H200,143771,21427,80,43,50,525.22,76293,4906,71386,1.61,9387,
2026-08-26T12:47:06+00:00,NVIDIA H200,143771,21427,81,44,49,524.24,76293,4743,71550,1.37,9387,
2026-08-26T12:47:36+00:00,NVIDIA H200,143771,21427,84,45,49,529.26,76293,4757,71536,1.16,9387,
2026-08-26T12:48:06+00:00,NVIDIA H200,143771,21427,78,42,48,517.01,76293,4747,71546,1.24,9387,
2026-08-26T12:48:36+00:00,NVIDIA H200,143771,21427,77,42,47,531.65,76293,4759,71534,1.14,9387,
2026-08-26T12:49:07+00:00,NVIDIA H200,143771,21427,79,43,48,528.39,76293,4738,71555,1.48,9387,
2026-08-26T12:49:37+00:00,NVIDIA H200,143771,21427,82,45,49,525.85,76293,4739,71554,1.91,9387,
2026-08-26T12:50:07+00:00,NVIDIA H200,143771,21427,77,42,50,538.74,76293,4775,71518,1.70,9387,
2026-08-26T12:50:37+00:00,NVIDIA H200,143771,21427,77,42,51,480.24,76293,4766,71527,1.62,9387,
2026-08-26T12:51:07+00:00,NVIDIA H200,143771,21427,77,42,53,527.61,76293,4834,71459,1.77,9387,
2026-08-26T12:51:37+00:00,NVIDIA H200,143771,21427,79,43,54,525.22,76293,4834,71459,1.67,9387,
2026-08-26T12:52:07+00:00,NVIDIA H200,143771,21427,78,42,55,546.77,76293,4824,71469,1.40,9387,
2026-08-26T12:52:37+00:00,NVIDIA H200,143771,21427,74,40,55,533.61,76293,4884,71409,1.31,9387,
2026-08-26T12:53:08+00:00,NVIDIA H200,143771,21427,77,42,55,535.82,76293,4903,71390,1.47,9387,
2026-08-26T12:53:38+00:00,NVIDIA H200,143771,21427,72,39,55,550.90,76293,4885,71408,1.60,9387,
2026-08-26T12:54:08+00:00,NVIDIA H200,143771,21427,80,44,56,542.41,76293,4736,71557,1.36,9387,
2026-08-26T12:54:38+00:00,NVIDIA H200,143771,21427,79,43,55,530.78,76293,4864,71429,1.29,9387,
2026-08-26T12:55:08+00:00,NVIDIA H200,143771,21427,80,43,56,542.80,76293,4865,71428,1.30,9387,
2026-08-26T12:55:38+00:00,NVIDIA H200,143771,21427,79,43,56,528.52,76293,4856,71437,1.18,9387,
2026-08-26T12:56:08+00:00,NVIDIA H200,143771,21427,80,43,55,530.93,76293,5009,71283,1.33,9387,
2026-08-26T12:56:38+00:00,NVIDIA H200,143771,21427,82,45,55,549.10,76293,4749,71544,1.35,9387,
2026-08-26T12:57:09+00:00,NVIDIA H200,143771,21427,80,43,55,530.62,76293,4771,71522,1.21,9387,
2026-08-26T12:57:39+00:00,NVIDIA H200,143771,21427,83,45,55,531.61,76293,4760,71533,1.29,9387,
2026-08-26T12:58:09+00:00,NVIDIA H200,143771,21427,79,43,55,530.92,76293,4765,71528,1.31,9387,
2026-08-26T12:58:39+00:00,NVIDIA H200,143771,21427,79,43,54,526.36,76293,4763,71530,1.38,9387,
2026-08-26T12:59:09+00:00,NVIDIA H200,143771,21427,79,43,55,532.80,76293,4770,71523,1.79,9387,
2026-08-26T12:59:39+00:00,NVIDIA H200,143771,21427,82,44,56,552.63,76293,4744,71549,1.48,9387,
2026-08-26T13:00:09+00:00,NVIDIA H200,143771,21427,78,43,56,533.11,76293,4739,71554,1.29,9387,
2026-08-26T13:00:39+00:00,NVIDIA H200,143771,21427,78,42,57,524.98,76293,4738,71554,1.17,9387,
2026-08-26T13:01:10+00:00,NVIDIA H200,143771,21427,80,44,57,543.35,76293,4739,71554,1.10,9387,
2026-08-26T13:01:40+00:00,NVIDIA H200,143771,21427,77,42,57,521.00,76293,4739,71554,1.06,9387,
2026-08-26T13:02:10+00:00,NVIDIA H200,143771,21427,79,43,56,527.90,76293,4720,71573,1.12,9387,
2026-08-26T13:02:40+00:00,NVIDIA H200,143771,21427,77,42,54,504.76,76293,4719,71574,1.07,9387,
2026-08-26T13:03:10+00:00,NVIDIA H200,143771,21427,82,45,54,539.15,76293,4721,71572,1.04,9387,
2026-08-26T13:03:40+00:00,NVIDIA H200,143771,21427,79,43,53,541.38,76293,4720,71573,1.10,9387,
2026-08-26T13:04:10+00:00,NVIDIA H200,143771,21427,82,45,53,539.95,76293,4720,71573,1.06,9387,
2026-08-26T13:04:40+00:00,NVIDIA H200,143771,21427,77,42,52,526.33,76293,4720,71573,1.03,9387,
2026-08-26T13:05:11+00:00,NVIDIA H200,143771,21427,75,41,52,531.12,76293,4719,71574,1.08,9387,
2026-08-26T13:05:41+00:00,NVIDIA H200,143771,21427,77,42,51,495.83,76293,4719,71574,1.05,9387,
2026-08-26T13:06:11+00:00,NVIDIA H200,143771,21427,83,45,54,541.37,76293,4730,71563,1.03,9387,
2026-08-26T13:06:41+00:00,NVIDIA H200,143771,21427,82,45,55,537.17,76293,4733,71560,1.02,9387,
2026-08-26T13:07:11+00:00,NVIDIA H200,143771,21427,80,43,55,539.52,76293,4727,71566,1.35,9387,
2026-08-26T13:07:41+00:00,NVIDIA H200,143771,21427,84,46,56,525.21,76293,4725,71568,1.28,9387,
2026-08-26T13:08:11+00:00,NVIDIA H200,143771,21427,81,44,56,543.31,76293,4725,71568,1.17,9387,
2026-08-26T13:08:41+00:00,NVIDIA H200,143771,21427,72,39,54,498.42,76293,4729,71564,1.10,9387,
2026-08-26T13:09:12+00:00,NVIDIA H200,143771,21427,79,43,54,531.54,76293,4874,71419,1.43,9387,
2026-08-26T13:09:42+00:00,NVIDIA H200,143771,21427,82,45,55,534.79,76293,4886,71407,1.33,9387,
2026-08-26T13:10:12+00:00,NVIDIA H200,143771,21427,79,43,54,516.70,76293,4888,71405,1.41,9387,
2026-08-26T13:10:42+00:00,NVIDIA H200,143771,21427,75,40,54,523.24,76293,4720,71573,1.69,9387,
2026-08-26T13:11:12+00:00,NVIDIA H200,143771,21427,78,42,56,538.39,76293,4755,71538,1.60,9387,
2026-08-26T13:11:42+00:00,NVIDIA H200,143771,21427,75,41,55,541.42,76293,4818,71475,1.43,9387,
2026-08-26T13:12:12+00:00,NVIDIA H200,143771,21427,74,41,56,520.43,76293,4806,71487,1.43,9387,
2026-08-26T13:12:42+00:00,NVIDIA H200,143771,21427,81,44,57,521.35,76293,4838,71455,1.32,9387,
2026-08-26T13:13:12+00:00,NVIDIA H200,143771,21427,76,41,55,522.75,76293,4997,71296,1.47,9387,
2026-08-26T13:13:43+00:00,NVIDIA H200,143771,21427,82,45,53,535.57,76293,3016,73277,1.51,9387,
2026-08-26T13:14:13+00:00,NVIDIA H200,143771,21427,82,44,52,530.30,76293,3015,73278,1.31,9387,
2026-08-26T13:14:43+00:00,NVIDIA H200,143771,21427,80,44,49,531.95,76293,3016,73277,1.18,9387,
2026-08-26T13:15:13+00:00,NVIDIA H200,143771,21427,78,42,49,526.25,76293,3015,73278,1.11,9387,
2026-08-26T13:15:43+00:00,NVIDIA H200,143771,21427,78,42,49,525.66,76293,3010,73283,1.07,9387,
2026-08-26T13:16:13+00:00,NVIDIA H200,143771,21427,79,43,48,530.50,76293,3000,73293,1.04,9387,
2026-08-26T13:16:43+00:00,NVIDIA H200,143771,21427,82,45,48,526.84,76293,3001,73292,1.02,9387,
2026-08-26T13:17:13+00:00,NVIDIA H200,143771,21427,77,42,48,481.69,76293,2999,73294,1.01,9387,
2026-08-26T13:17:44+00:00,NVIDIA H200,143771,21427,80,43,49,510.75,76293,2997,73295,1.07,9387,
2026-08-26T13:18:14+00:00,NVIDIA H200,143771,21427,79,43,50,519.89,76293,2998,73295,1.04,9387,
2026-08-26T13:18:44+00:00,NVIDIA H200,143771,21427,81,44,51,532.24,76293,2544,73749,1.08,9387,
2026-08-26T13:19:14+00:00,NVIDIA H200,143771,21427,78,42,53,526.56,76293,2544,73749,1.05,9387,
2026-08-26T13:19:44+00:00,NVIDIA H200,143771,21427,80,43,54,545.67,76293,2544,73748,1.03,9387,
2026-08-26T13:20:14+00:00,NVIDIA H200,143771,21427,78,42,55,535.48,76293,2545,73748,1.02,9387,
2026-08-26T13:20:44+00:00,NVIDIA H200,143771,21427,76,42,55,536.35,76293,2545,73748,1.08,9387,
2026-08-26T13:21:14+00:00,NVIDIA H200,143771,21427,79,43,56,537.43,76293,2545,73748,1.05,9387,
2026-08-26T13:21:45+00:00,NVIDIA H200,143771,21427,81,44,56,540.36,76293,2545,73748,1.03,9387,
2026-08-26T13:22:15+00:00,NVIDIA H200,143771,21427,78,43,56,553.26,76293,2546,73747,1.02,9387,
2026-08-26T13:22:45+00:00,NVIDIA H200,143771,21427,80,44,56,541.46,76293,2545,73748,1.01,9387,
2026-08-26T13:23:15+00:00,NVIDIA H200,143771,21427,82,45,56,547.41,76293,2545,73748,1.00,9387,
2026-08-26T13:23:45+00:00,NVIDIA H200,143771,21427,78,42,56,534.35,76293,2545,73747,1.00,9387,
2026-08-26T13:24:15+00:00,NVIDIA H200,143771,21427,77,42,55,543.60,76293,2545,73748,1.00,9387,
2026-08-26T13:24:45+00:00,NVIDIA H200,143771,21427,79,43,55,538.26,76293,2545,73748,1.00,9387,
2026-08-26T13:25:15+00:00,NVIDIA H200,143771,21427,78,42,54,538.41,76293,2544,73749,1.00,9387,
2026-08-26T13:25:46+00:00,NVIDIA H200,143771,21427,82,44,54,536.86,76293,2545,73748,1.00,9387,
2026-08-26T13:26:16+00:00,NVIDIA H200,143771,21427,80,43,54,545.30,76293,2545,73748,1.08,9387,
2026-08-26T13:26:46+00:00,NVIDIA H200,143771,21427,79,43,54,542.50,76293,2545,73748,1.05,9387,
2026-08-26T13:27:16+00:00,NVIDIA H200,143771,21427,77,42,54,533.49,76293,2544,73749,1.03,9387,
2026-08-26T13:27:46+00:00,NVIDIA H200,143771,21427,79,43,55,540.36,76293,2546,73747,1.02,9387,
2026-08-26T13:28:16+00:00,NVIDIA H200,143771,21427,78,43,57,516.67,76293,2546,73747,1.01,9387,
2026-08-26T13:28:46+00:00,NVIDIA H200,143771,21427,78,42,57,532.97,76293,2546,73747,1.00,9387,
2026-08-26T13:29:16+00:00,NVIDIA H200,143771,21427,77,42,57,542.92,76293,2545,73748,1.00,9387,
2026-08-26T13:29:47+00:00,NVIDIA H200,143771,21427,80,44,58,545.17,76293,2546,73747,1.00,9387,
2026-08-26T13:30:17+00:00,NVIDIA H200,143771,21427,81,44,56,546.58,76293,2545,73748,0.94,9387,
2026-08-26T13:30:47+00:00,NVIDIA H200,143771,21427,79,43,55,539.15,76293,2545,73748,0.97,9387,
2026-08-26T13:31:17+00:00,NVIDIA H200,143771,21427,83,45,53,531.66,76293,2544,73749,0.98,9387,
2026-08-26T13:31:47+00:00,NVIDIA H200,143771,21427,79,43,52,541.18,76293,2546,73747,0.99,9387,
2026-08-26T13:32:17+00:00,NVIDIA H200,143771,21427,81,44,52,534.71,76293,2545,73747,1.05,9387,
2026-08-26T13:32:47+00:00,NVIDIA H200,143771,21427,81,44,51,534.13,76293,2546,73747,0.91,9387,
2026-08-26T13:33:18+00:00,NVIDIA H200,143771,21427,79,43,51,544.87,76293,2546,73747,1.07,9387,
2026-08-26T13:33:48+00:00,NVIDIA H200,143771,21427,83,45,51,545.64,76293,2546,73747,1.04,9387,
2026-08-26T13:34:18+00:00,NVIDIA H200,143771,21427,81,44,52,544.57,76293,2546,73747,1.02,9387,
2026-08-26T13:34:48+00:00,NVIDIA H200,143771,21427,80,44,54,547.45,76293,2545,73748,1.01,9387,
2026-08-26T13:35:18+00:00,NVIDIA H200,143771,21427,78,42,54,542.22,76293,2545,73748,1.01,9387,
2026-08-26T13:35:48+00:00,NVIDIA H200,143771,21427,81,44,55,533.84,76293,2545,73748,1.00,9387,
2026-08-26T13:36:18+00:00,NVIDIA H200,143771,21427,79,43,56,535.58,76293,2546,73747,1.00,9387,
2026-08-26T13:36:48+00:00,NVIDIA H200,143771,21427,81,44,56,542.00,76293,2546,73747,1.00,9387,
2026-08-26T13:37:19+00:00,NVIDIA H200,143771,21427,79,43,56,553.84,76293,2545,73748,1.00,9387,
2026-08-26T13:37:49+00:00,NVIDIA H200,143771,21427,77,42,56,547.17,76293,2546,73747,1.00,9387,
2026-08-26T13:38:19+00:00,NVIDIA H200,143771,21427,80,44,57,544.56,76293,2546,73747,1.07,9387,
2026-08-26T13:38:49+00:00,NVIDIA H200,143771,21427,79,43,56,539.68,76293,2545,73748,1.04,9387,
2026-08-26T13:39:19+00:00,NVIDIA H200,143771,21427,80,44,56,539.00,76293,2545,73748,1.09,9387,
2026-08-26T13:39:49+00:00,NVIDIA H200,143771,21427,79,43,56,542.57,76293,2546,73747,1.05,9387,
2026-08-26T13:40:19+00:00,NVIDIA H200,143771,21427,78,42,55,514.99,76293,2545,73748,1.03,9387,
2026-08-26T13:40:49+00:00,NVIDIA H200,143771,21427,82,45,55,538.92,76293,2544,73749,1.02,9387,
2026-08-26T13:41:20+00:00,NVIDIA H200,143771,21427,78,42,54,526.56,76293,2545,73748,1.01,9387,
2026-08-26T13:41:50+00:00,NVIDIA H200,143771,21427,82,45,54,544.69,76293,2544,73749,1.00,9387,
2026-08-26T13:42:20+00:00,NVIDIA H200,143771,21427,79,43,55,539.92,76293,2545,73748,1.00,9387,
2026-08-26T13:42:50+00:00,NVIDIA H200,143771,21427,77,41,54,523.91,76293,2544,73749,1.00,9387,
2026-08-26T13:43:20+00:00,NVIDIA H200,143771,21427,82,45,55,532.43,76293,2544,73748,1.29,9387,
2026-08-26T13:43:50+00:00,NVIDIA H200,143771,21427,81,44,56,541.77,76293,2545,73748,1.18,9387,
2026-08-26T13:44:20+00:00,NVIDIA H200,143771,21427,79,43,56,536.80,76293,2546,73747,1.11,9387,
2026-08-26T13:44:50+00:00,NVIDIA H200,143771,21427,79,43,57,541.88,76293,2545,73748,1.06,9387,
2026-08-26T13:45:21+00:00,NVIDIA H200,143771,21427,82,44,54,536.29,76293,2545,73748,1.04,9387,
2026-08-26T13:45:51+00:00,NVIDIA H200,143771,21427,81,44,51,536.79,76293,2546,73747,1.02,9387,
2026-08-26T13:46:21+00:00,NVIDIA H200,143771,21427,79,43,50,531.16,76293,2546,73747,1.01,9387,
2026-08-26T13:46:51+00:00,NVIDIA H200,143771,21427,79,43,49,523.20,76293,2545,73748,1.01,9387,
2026-08-26T13:47:21+00:00,NVIDIA H200,143771,21427,82,45,49,525.46,76293,2545,73748,1.05,9387,
2026-08-26T13:47:51+00:00,NVIDIA H200,143771,21427,81,44,48,538.43,76293,2545,73748,1.03,9387,
2026-08-26T13:48:21+00:00,NVIDIA H200,143771,21427,79,43,48,512.34,76293,2545,73748,1.02,9387,
2026-08-26T13:48:51+00:00,NVIDIA H200,143771,21427,75,41,47,490.82,76293,2544,73749,1.09,9387,
2026-08-26T13:49:22+00:00,NVIDIA H200,143771,21427,80,44,48,519.41,76293,2545,73748,1.05,9387,
2026-08-26T13:49:52+00:00,NVIDIA H200,143771,21427,81,44,50,514.86,76293,2545,73748,1.03,9387,
2026-08-26T13:50:22+00:00,NVIDIA H200,143771,21427,76,41,51,514.45,76293,2545,73747,1.02,9387,
2026-08-26T13:50:52+00:00,NVIDIA H200,143771,21427,82,44,53,519.59,76293,2544,73749,1.01,9387,
2026-08-26T13:51:22+00:00,NVIDIA H200,143771,21427,79,43,54,532.78,76293,2545,73748,1.00,9387,
2026-08-26T13:51:52+00:00,NVIDIA H200,143771,21427,80,43,54,547.40,76293,2546,73747,1.00,9387,
2026-08-26T13:52:22+00:00,NVIDIA H200,143771,21427,80,43,55,539.48,76293,2545,73748,1.00,9387,
2026-08-26T13:52:52+00:00,NVIDIA H200,143771,21427,80,43,56,543.37,76293,2546,73747,1.10,9387,
2026-08-26T13:53:22+00:00,NVIDIA H200,143771,21427,77,42,56,537.90,76293,2545,73748,1.06,9387,
2026-08-26T13:53:53+00:00,NVIDIA H200,143771,21427,81,44,55,540.62,76293,2545,73748,1.04,9387,
2026-08-26T13:54:23+00:00,NVIDIA H200,143771,21427,81,44,55,539.10,76293,2548,73745,0.95,9387,
2026-08-26T13:54:53+00:00,NVIDIA H200,143771,21427,80,43,56,536.59,76293,2548,73745,0.97,9387,
2026-08-26T13:55:23+00:00,NVIDIA H200,143771,21427,82,45,56,540.32,76293,2544,73749,0.98,9387,
2026-08-26T13:55:53+00:00,NVIDIA H200,143771,21427,80,43,56,543.48,76293,2546,73747,1.05,9387,
2026-08-26T13:56:23+00:00,NVIDIA H200,143771,21427,85,46,56,551.14,76293,2545,73748,1.03,9387,
2026-08-26T13:56:53+00:00,NVIDIA H200,143771,21427,80,44,55,517.16,76293,2545,73748,1.02,9387,
2026-08-26T13:57:23+00:00,NVIDIA H200,143771,21427,80,44,55,542.27,76293,2546,73747,1.01,9387,
2026-08-26T13:57:54+00:00,NVIDIA H200,143771,21427,78,43,55,537.36,76293,2546,73747,1.00,9387,
2026-08-26T13:58:24+00:00,NVIDIA H200,143771,21427,80,44,55,537.46,76293,2546,73747,1.00,9387,
2026-08-26T13:58:54+00:00,NVIDIA H200,143771,21427,80,43,55,540.52,76293,2545,73748,1.00,9387,
2026-08-26T13:59:24+00:00,NVIDIA H200,143771,21427,76,41,55,519.24,76293,2545,73748,1.00,9387,
2026-08-26T13:59:54+00:00,NVIDIA H200,143771,21427,77,42,56,545.35,76293,2545,73748,1.00,9387,
2026-08-26T14:00:24+00:00,NVIDIA H200,143771,21427,81,44,56,529.67,76293,2545,73748,1.00,9387,
2026-08-26T14:00:54+00:00,NVIDIA H200,143771,21427,82,45,57,526.95,76293,2545,73747,1.00,9387,
2026-08-26T14:01:24+00:00,NVIDIA H200,143771,21427,82,45,57,544.86,76293,2545,73748,1.05,9387,
2026-08-26T14:01:55+00:00,NVIDIA H200,143771,21427,82,45,57,526.83,76293,2546,73747,1.03,9387,
2026-08-26T14:02:25+00:00,NVIDIA H200,143771,21427,77,42,56,524.47,76293,2546,73747,1.02,9387,
2026-08-26T14:02:55+00:00,NVIDIA H200,143771,21427,76,41,55,532.74,76293,2545,73748,1.01,9387,
2026-08-26T14:03:25+00:00,NVIDIA H200,143771,21427,75,41,55,510.73,76293,2545,73748,1.00,9387,
2026-08-26T14:03:55+00:00,NVIDIA H200,143771,21427,76,42,54,526.76,76293,2548,73745,1.08,9387,
2026-08-26T14:04:25+00:00,NVIDIA H200,143771,21427,75,41,53,511.27,76293,2549,73744,1.05,9387,
2026-08-26T14:04:55+00:00,NVIDIA H200,143771,21427,78,42,53,520.56,76293,2547,73746,1.03,9387,
2026-08-26T14:05:25+00:00,NVIDIA H200,143771,21427,78,42,52,536.23,76293,2545,73747,1.02,9387,
2026-08-26T14:05:56+00:00,NVIDIA H200,143771,21427,79,43,52,510.33,76293,2546,73746,1.01,9387,
2026-08-26T14:06:26+00:00,NVIDIA H200,143771,21427,78,43,52,543.91,76293,2548,73745,1.00,9387,
2026-08-26T14:06:56+00:00,NVIDIA H200,143771,21427,77,42,53,520.48,76293,2548,73745,1.06,9387,
2026-08-26T14:07:26+00:00,NVIDIA H200,143771,21427,74,40,54,528.22,76293,2547,73746,1.04,9387,
2026-08-26T14:07:56+00:00,NVIDIA H200,143771,21427,78,43,54,558.09,76293,2549,73744,0.95,9387,
2026-08-26T14:08:26+00:00,NVIDIA H200,143771,21427,77,42,54,499.97,76293,2549,73744,1.00,9387,
2026-08-26T14:08:56+00:00,NVIDIA H200,143771,21427,76,41,54,519.32,76293,3139,73154,1.17,9387,
2026-08-26T14:09:26+00:00,NVIDIA H200,143771,21427,81,44,55,533.99,76293,3143,73150,1.10,9387,
2026-08-26T14:09:57+00:00,NVIDIA H200,143771,21427,82,45,55,543.99,76293,3144,73149,1.06,9387,
2026-08-26T14:10:27+00:00,NVIDIA H200,143771,21427,81,44,55,542.51,76293,3103,73190,1.04,9387,
2026-08-26T14:10:57+00:00,NVIDIA H200,143771,21427,79,43,54,534.18,76293,2966,73327,1.02,9387,
2026-08-26T14:11:27+00:00,NVIDIA H200,143771,21427,79,43,55,548.49,76293,2965,73328,1.08,9387,
2026-08-26T14:11:57+00:00,NVIDIA H200,143771,21427,80,43,56,537.56,76293,2958,73335,1.05,9387,
2026-08-26T14:12:27+00:00,NVIDIA H200,143771,21427,78,43,56,542.13,76293,2960,73333,1.09,9387,
2026-08-26T14:12:57+00:00,NVIDIA H200,143771,21427,80,44,57,540.40,76293,3893,72400,1.21,9387,
2026-08-26T14:13:27+00:00,NVIDIA H200,143771,21427,80,43,57,555.92,76293,3722,72571,1.13,9387,
2026-08-26T14:13:58+00:00,NVIDIA H200,143771,21427,78,43,58,537.78,76293,3726,72567,1.08,9387,
2026-08-26T14:14:28+00:00,NVIDIA H200,143771,21427,77,42,55,537.20,76293,3557,72736,0.98,9387,
2026-08-26T14:14:58+00:00,NVIDIA H200,143771,21427,77,42,53,525.22,76293,3580,72713,0.99,9387,
2026-08-26T14:15:28+00:00,NVIDIA H200,143771,21427,78,42,51,533.99,76293,3580,72713,0.94,9387,
2026-08-26T14:15:58+00:00,NVIDIA H200,143771,21427,80,44,50,538.17,76293,3581,72712,0.97,9387,
2026-08-26T14:16:28+00:00,NVIDIA H200,143771,21427,76,41,49,541.70,76293,3581,72712,1.05,9387,
2026-08-26T14:16:58+00:00,NVIDIA H200,143771,21427,79,43,49,522.24,76293,3581,72712,1.03,9387,
2026-08-26T14:17:28+00:00,NVIDIA H200,143771,21427,82,45,48,540.32,76293,3580,72713,0.95,9387,
2026-08-26T14:17:59+00:00,NVIDIA H200,143771,21427,75,41,47,510.11,76293,4587,71706,1.44,9387,
2026-08-26T14:18:29+00:00,NVIDIA H200,143771,21427,77,42,49,542.22,76293,4593,71700,1.26,9387,
2026-08-26T14:18:59+00:00,NVIDIA H200,143771,21427,75,41,51,512.67,76293,4597,71695,1.24,9387,
2026-08-26T14:19:29+00:00,NVIDIA H200,143771,21427,82,45,53,531.45,76293,4620,71673,1.49,9387,
2026-08-26T14:19:59+00:00,NVIDIA H200,143771,21427,80,44,54,543.58,76293,4483,71810,1.41,9387,
2026-08-26T14:20:29+00:00,NVIDIA H200,143771,21427,63,34,52,466.15,76293,4531,71762,1.57,9387,
2026-08-26T14:20:59+00:00,NVIDIA H200,143771,21427,71,38,53,506.42,76293,4512,71781,1.40,9387,
2026-08-26T14:21:29+00:00,NVIDIA H200,143771,21427,75,41,54,523.19,76293,4645,71648,1.54,9387,
2026-08-26T14:22:00+00:00,NVIDIA H200,143771,21427,76,42,55,537.21,76293,4618,71675,1.41,9387,
2026-08-26T14:22:30+00:00,NVIDIA H200,143771,21427,79,43,56,537.38,76293,4613,71680,1.24,9387,
2026-08-26T14:23:00+00:00,NVIDIA H200,143771,21427,78,42,56,531.66,76293,4616,71677,1.15,9387,
2026-08-26T14:23:30+00:00,NVIDIA H200,143771,21427,79,43,56,525.01,76293,4502,71791,1.09,9387,
2026-08-26T14:24:00+00:00,NVIDIA H200,143771,21427,71,38,55,487.97,76293,4515,71778,1.25,9387,
2026-08-26T14:24:30+00:00,NVIDIA H200,143771,21427,80,43,55,537.60,76293,4400,71893,1.31,9387,
2026-08-26T14:25:00+00:00,NVIDIA H200,143771,21427,79,43,55,525.42,76293,4399,71894,1.19,9387,
2026-08-26T14:25:30+00:00,NVIDIA H200,143771,21427,79,43,55,544.34,76293,4380,71913,1.11,9387,
2026-08-26T14:26:01+00:00,NVIDIA H200,143771,21427,71,39,55,517.80,76293,4382,71911,1.07,9387,
2026-08-26T14:26:31+00:00,NVIDIA H200,143771,21427,78,42,55,548.48,76293,4417,71876,1.04,9387,
2026-08-26T14:27:01+00:00,NVIDIA H200,143771,21427,78,42,55,536.01,76293,4423,71870,1.09,9387,
2026-08-26T14:27:31+00:00,NVIDIA H200,143771,21427,81,44,56,524.62,76293,4430,71863,1.05,9387,
2026-08-26T14:28:01+00:00,NVIDIA H200,143771,21427,79,43,56,543.31,76293,4426,71867,1.03,9387,
2026-08-26T14:28:31+00:00,NVIDIA H200,143771,21427,78,42,56,518.22,76293,4425,71867,0.96,9387,
2026-08-26T14:29:01+00:00,NVIDIA H200,143771,21427,76,41,56,532.60,76293,4438,71855,0.98,9387,
2026-08-26T14:29:31+00:00,NVIDIA H200,143771,21427,80,43,58,544.09,76293,4438,71855,1.07,9387,
2026-08-26T14:30:02+00:00,NVIDIA H200,143771,21427,81,44,57,535.68,76293,4438,71855,1.04,9387,
2026-08-26T14:30:32+00:00,NVIDIA H200,143771,21427,77,42,56,538.42,76293,4439,71854,1.02,9387,
2026-08-26T14:31:02+00:00,NVIDIA H200,143771,21427,77,42,55,544.68,76293,4437,71856,1.07,9387,
2026-08-26T14:31:32+00:00,NVIDIA H200,143771,21427,79,43,54,528.99,76293,4437,71856,1.10,9387,
2026-08-26T14:32:02+00:00,NVIDIA H200,143771,21427,82,45,53,548.11,76293,4438,71855,1.00,9387,
2026-08-26T14:32:32+00:00,NVIDIA H200,143771,21427,83,45,53,531.12,76293,4438,71855,0.94,9387,
2026-08-26T14:33:02+00:00,NVIDIA H200,143771,21427,0,0,46,402.49,76293,4438,71855,1.03,9387,
2026-08-26T14:33:32+00:00,NVIDIA H200,143771,21427,78,43,52,530.97,76293,4440,71853,1.02,9387,
2026-08-26T14:34:03+00:00,NVIDIA H200,143771,21427,80,43,52,540.92,76293,4427,71866,1.01,9387,
2026-08-26T14:34:33+00:00,NVIDIA H200,143771,21427,81,44,53,536.06,76293,4427,71866,1.00,9387,
2026-08-26T14:35:03+00:00,NVIDIA H200,143771,21427,77,42,54,537.76,76293,4428,71865,1.00,9387,
2026-08-26T14:35:33+00:00,NVIDIA H200,143771,21427,84,45,56,540.61,76293,4429,71864,1.00,9387,
2026-08-26T14:36:03+00:00,NVIDIA H200,143771,21427,81,44,56,538.29,76293,4428,71865,1.00,9387,
2026-08-26T14:36:33+00:00,NVIDIA H200,143771,21427,79,43,56,540.54,76293,4428,71865,1.00,9387,
2026-08-26T14:37:03+00:00,NVIDIA H200,143771,21427,79,43,55,542.75,76293,4432,71861,1.00,9387,
2026-08-26T14:37:33+00:00,NVIDIA H200,143771,21427,77,42,55,535.80,76293,4433,71860,1.00,9387,
2026-08-26T14:38:04+00:00,NVIDIA H200,143771,21427,81,44,56,540.78,76293,4433,71860,1.00,9387,
2026-08-26T14:38:34+00:00,NVIDIA H200,143771,21427,77,42,55,540.96,76293,4434,71859,1.00,9387,
2026-08-26T14:39:04+00:00,NVIDIA H200,143771,21427,82,45,55,540.93,76293,4435,71858,1.00,9387,
2026-08-26T14:39:34+00:00,NVIDIA H200,143771,21427,80,44,54,539.29,76293,4434,71859,1.07,9387,
2026-08-26T14:40:04+00:00,NVIDIA H200,143771,21427,80,43,56,553.28,76293,4435,71858,1.04,9387,
2026-08-26T14:40:34+00:00,NVIDIA H200,143771,21427,80,44,56,548.89,76293,4436,71857,1.02,9387,
2026-08-26T14:41:04+00:00,NVIDIA H200,143771,21427,78,42,56,534.49,76293,4437,71856,1.01,9387,
2026-08-26T14:41:34+00:00,NVIDIA H200,143771,21427,80,43,57,536.86,76293,4437,71856,1.01,9387,
2026-08-26T14:42:04+00:00,NVIDIA H200,143771,21427,82,45,57,536.69,76293,4438,71855,1.00,9387,
2026-08-26T14:42:35+00:00,NVIDIA H200,143771,21427,78,42,55,537.23,76293,4438,71855,1.00,9387,
2026-08-26T14:43:05+00:00,NVIDIA H200,143771,21427,80,44,52,534.75,76293,4452,71841,1.07,9387,
2026-08-26T14:43:35+00:00,NVIDIA H200,143771,21427,77,42,51,526.71,76293,4454,71839,1.04,9387,
2026-08-26T14:44:05+00:00,NVIDIA H200,143771,21427,79,43,51,540.11,76293,4459,71834,1.02,9387,
2026-08-26T14:44:35+00:00,NVIDIA H200,143771,21427,81,44,50,543.91,76293,4460,71833,1.01,9387,
2026-08-26T14:45:05+00:00,NVIDIA H200,143771,21427,78,43,50,537.45,76293,4460,71833,1.22,9387,
2026-08-26T14:45:35+00:00,NVIDIA H200,143771,21427,80,44,49,534.26,76293,4461,71832,1.29,9387,
2026-08-26T14:46:05+00:00,NVIDIA H200,143771,21427,79,43,48,529.48,76293,4461,71832,1.50,9387,
2026-08-26T14:46:36+00:00,NVIDIA H200,143771,21427,81,44,50,530.09,76293,4464,71829,3.22,9387,
2026-08-26T14:47:06+00:00,NVIDIA H200,143771,21427,77,41,51,539.41,76293,4461,71832,3.33,9387,
2026-08-26T14:47:36+00:00,NVIDIA H200,143771,21427,80,43,52,513.56,76293,4462,71831,2.41,9387,
2026-08-26T14:48:06+00:00,NVIDIA H200,143771,21427,83,45,53,529.96,76293,4462,71831,1.85,9387,
2026-08-26T14:48:36+00:00,NVIDIA H200,143771,21427,81,44,55,533.30,76293,4463,71830,1.52,9387,
2026-08-26T14:49:06+00:00,NVIDIA H200,143771,21427,77,41,54,523.91,76293,4464,71829,1.31,9387,
2026-08-26T14:49:36+00:00,NVIDIA H200,143771,21427,82,44,55,528.70,76293,4464,71829,1.19,9387,
2026-08-26T14:50:06+00:00,NVIDIA H200,143771,21427,78,43,56,542.96,76293,4465,71828,1.18,9387,
2026-08-26T14:50:37+00:00,NVIDIA H200,143771,21427,79,43,56,543.86,76293,4466,71827,1.11,9387,
2026-08-26T14:51:07+00:00,NVIDIA H200,143771,21427,81,44,57,536.38,76293,4466,71827,1.14,9387,
2026-08-26T14:51:37+00:00,NVIDIA H200,143771,21427,80,44,56,540.14,76293,4465,71828,1.20,9387,
2026-08-26T14:52:07+00:00,NVIDIA H200,143771,21427,80,43,57,537.95,76293,4466,71827,1.20,9387,
2026-08-26T14:52:37+00:00,NVIDIA H200,143771,21427,82,45,56,538.85,76293,4466,71827,1.12,9387,
2026-08-26T14:53:07+00:00,NVIDIA H200,143771,21427,73,40,55,536.33,76293,4469,71824,1.12,9387,
2026-08-26T14:53:37+00:00,NVIDIA H200,143771,21427,81,44,53,538.03,76293,4469,71824,1.05,9387,
2026-08-26T14:54:07+00:00,NVIDIA H200,143771,21427,80,43,52,541.18,76293,4470,71823,1.03,9387,
2026-08-26T14:54:38+00:00,NVIDIA H200,143771,21427,0,0,39,120.23,76293,6093,70200,4.02,9387,
2026-08-26T14:55:08+00:00,NVIDIA H200,143771,21427,0,0,35,118.34,76293,6103,70190,15.04,9387,
2026-08-26T14:55:38+00:00,NVIDIA H200,143771,21427,10,0,33,132.67,76293,6156,70137,13.48,9387,
2026-08-26T14:56:08+00:00,NVIDIA H200,143771,21427,10,0,32,131.13,76293,6156,70137,8.56,9387,
2026-08-26T14:56:38+00:00,NVIDIA H200,143771,21427,10,0,31,131.39,76293,6156,70137,5.58,9387,
2026-08-26T14:57:08+00:00,NVIDIA H200,143771,21427,10,0,32,131.15,76293,6156,70137,3.78,9387,
2026-08-26T14:57:38+00:00,NVIDIA H200,143771,21427,10,0,32,131.66,76293,6156,70137,2.60,9387,
2026-08-26T14:58:08+00:00,NVIDIA H200,143771,21427,10,0,33,131.77,76293,6158,70135,1.97,9387,
2026-08-26T14:58:38+00:00,NVIDIA H200,143771,21427,10,0,33,130.99,76293,6158,70135,1.86,9387,
2026-08-26T14:59:09+00:00,NVIDIA H200,143771,21427,10,0,34,132.90,76293,6161,70132,1.52,9387,
2026-08-26T14:59:39+00:00,NVIDIA H200,143771,21427,10,0,34,131.70,76293,6160,70133,1.43,9387,
2026-08-26T15:00:09+00:00,NVIDIA H200,143771,21427,11,0,35,132.09,76293,6161,70132,1.26,9387,
2026-08-26T15:00:39+00:00,NVIDIA H200,143771,21427,10,0,35,133.46,76293,4475,71818,1.14,9387,
2026-08-26T15:01:09+00:00,NVIDIA H200,143771,21427,10,0,35,132.80,76293,4481,71812,1.08,9387,
2026-08-26T15:01:39+00:00,NVIDIA H200,143771,21427,10,0,35,133.88,76293,4487,71806,1.12,9387,
2026-08-26T15:02:09+00:00,NVIDIA H200,143771,21427,10,0,35,134.45,76293,4522,71771,1.13,9387,
2026-08-26T15:02:39+00:00,NVIDIA H200,143771,21427,10,0,35,133.15,76293,4523,71770,1.13,9387,
2026-08-26T15:03:10+00:00,NVIDIA H200,143771,21427,10,0,35,131.33,76293,4526,71766,1.08,9387,
2026-08-26T15:03:40+00:00,NVIDIA H200,143771,21427,10,0,34,130.55,76293,4526,71767,1.00,9387,
2026-08-26T15:04:10+00:00,NVIDIA H200,143771,21427,10,0,34,134.01,76293,4541,71752,0.92,9387,
2026-08-26T15:04:40+00:00,NVIDIA H200,143771,21427,10,0,34,133.95,76293,4548,71745,0.95,9387,
2026-08-26T15:05:10+00:00,NVIDIA H200,143771,21427,10,0,34,132.20,76293,4558,71735,0.97,9387,
2026-08-26T15:05:40+00:00,NVIDIA H200,143771,21427,10,0,34,133.53,76293,4577,71716,0.98,9387,
2026-08-26T15:06:10+00:00,NVIDIA H200,143771,21427,10,0,35,133.29,76293,4593,71700,1.35,9387,
2026-08-26T15:06:40+00:00,NVIDIA H200,143771,21427,10,0,35,131.89,76293,4593,71700,1.21,9387,
2026-08-26T15:07:11+00:00,NVIDIA H200,143771,21427,10,0,36,132.56,76293,4592,71701,1.12,9387,
2026-08-26T15:07:41+00:00,NVIDIA H200,143771,21427,10,0,36,134.83,76293,4584,71709,1.07,9387,
2026-08-26T15:08:11+00:00,NVIDIA H200,143771,21427,10,0,36,134.74,76293,4572,71721,1.18,9387,
2026-08-26T15:08:41+00:00,NVIDIA H200,143771,21427,10,0,35,133.12,76293,4575,71718,1.11,9387,
2026-08-26T15:09:11+00:00,NVIDIA H200,143771,21427,10,0,33,131.20,76293,4585,71708,1.06,9387,
2026-08-26T15:09:41+00:00,NVIDIA H200,143771,21427,10,0,31,130.71,76293,4586,71707,1.17,9387,
2026-08-26T15:10:11+00:00,NVIDIA H200,143771,21427,10,0,30,130.65,76293,4630,71663,1.19,9387,
2026-08-26T15:10:41+00:00,NVIDIA H200,143771,21427,0,0,28,116.10,76293,6240,70053,9.27,9387,
2026-08-26T15:11:11+00:00,NVIDIA H200,143771,21427,0,0,27,115.81,76293,6279,70014,18.22,9387,
2026-08-26T15:11:42+00:00,NVIDIA H200,143771,21427,11,1,27,133.29,76293,6331,69962,13.20,9387,
2026-08-26T15:12:12+00:00,NVIDIA H200,143771,21427,11,1,27,134.51,76293,6332,69961,8.39,9387,
2026-08-26T15:12:42+00:00,NVIDIA H200,143771,21427,11,1,27,131.23,76293,6474,69819,5.53,9387,
2026-08-26T15:13:12+00:00,NVIDIA H200,143771,21427,11,1,28,133.59,76293,6448,69845,3.67,9387,
2026-08-26T15:13:42+00:00,NVIDIA H200,143771,21427,10,1,29,132.33,76293,6446,69847,2.70,9387,
2026-08-26T15:14:12+00:00,NVIDIA H200,143771,21427,9,1,30,135.87,76293,6333,69960,2.03,9387,
2026-08-26T15:14:42+00:00,NVIDIA H200,143771,21427,11,1,31,134.62,76293,6330,69963,1.62,9387,
2026-08-26T15:15:12+00:00,NVIDIA H200,143771,21427,12,1,32,134.53,76293,6329,69964,1.38,9387,
2026-08-26T15:15:43+00:00,NVIDIA H200,143771,21427,11,1,32,133.81,76293,6471,69822,1.37,9387,
2026-08-26T15:16:13+00:00,NVIDIA H200,143771,21427,11,1,32,134.64,76293,6376,69917,1.28,9387,
2026-08-26T15:16:43+00:00,NVIDIA H200,143771,21427,10,1,32,134.68,76293,4701,71591,1.22,9387,
2026-08-26T15:17:13+00:00,NVIDIA H200,143771,21427,11,1,33,134.80,76293,4743,71550,1.21,9387,
2026-08-26T15:17:43+00:00,NVIDIA H200,143771,21427,11,1,33,136.42,76293,4615,71678,1.32,9387,
2026-08-26T15:18:13+00:00,NVIDIA H200,143771,21427,11,1,33,134.86,76293,4613,71679,1.13,9387,
2026-08-26T15:18:43+00:00,NVIDIA H200,143771,21427,11,1,33,136.83,76293,4632,71661,1.08,9387,
2026-08-26T15:19:13+00:00,NVIDIA H200,143771,21427,11,1,34,136.22,76293,4622,71671,1.05,9387,
2026-08-26T15:19:44+00:00,NVIDIA H200,143771,21427,11,1,34,135.85,76293,4626,71667,1.03,9387,
2026-08-26T15:20:14+00:00,NVIDIA H200,143771,21427,11,1,35,137.05,76293,4629,71664,1.02,9387,
2026-08-26T15:20:44+00:00,NVIDIA H200,143771,21427,11,1,35,136.19,76293,4789,71504,1.29,9387,
2026-08-26T15:21:14+00:00,NVIDIA H200,143771,21427,11,1,36,137.02,76293,5485,70808,1.24,9387,
2026-08-26T15:21:44+00:00,NVIDIA H200,143771,21427,11,1,36,138.32,76293,5534,70759,1.14,9387,
2026-08-26T15:22:14+00:00,NVIDIA H200,143771,21427,11,1,36,136.69,76293,5531,70762,1.15,9387,
2026-08-26T15:22:44+00:00,NVIDIA H200,143771,21427,11,1,36,135.28,76293,5647,70646,1.40,9387,
2026-08-26T15:23:14+00:00,NVIDIA H200,143771,21427,11,1,35,136.09,76293,5401,70892,1.41,9387,
2026-08-26T15:23:44+00:00,NVIDIA H200,143771,21427,10,1,34,137.47,76293,5408,70885,1.31,9387,
2026-08-26T15:24:15+00:00,NVIDIA H200,143771,21427,11,1,33,137.32,76293,5437,70856,1.48,9387,
2026-08-26T15:24:45+00:00,NVIDIA H200,143771,21427,11,1,32,134.00,76293,5283,71010,1.48,9387,
2026-08-26T15:25:15+00:00,NVIDIA H200,143771,21427,13,1,32,140.43,76293,5505,70788,2.03,9387,
2026-08-26T15:25:45+00:00,NVIDIA H200,143771,21427,11,1,31,134.55,76293,5530,70763,1.89,9387,
2026-08-26T15:26:15+00:00,NVIDIA H200,143771,21427,4,0,30,132.97,76293,5536,70756,1.61,9387,
2026-08-26T15:26:45+00:00,NVIDIA H200,143771,21427,10,1,31,135.56,76293,5381,70912,1.44,9387,
2026-08-26T15:27:15+00:00,NVIDIA H200,143771,21427,11,1,31,132.57,76293,5378,70915,1.39,9387,
2026-08-26T15:27:45+00:00,NVIDIA H200,143771,21427,10,1,32,133.97,76293,5358,70935,1.65,9387,
2026-08-26T15:28:16+00:00,NVIDIA H200,143771,21427,11,1,33,135.33,76293,5211,71082,1.60,9387,
2026-08-26T15:28:46+00:00,NVIDIA H200,143771,21427,10,1,34,137.09,76293,5317,70976,1.62,9387,
2026-08-26T15:29:16+00:00,NVIDIA H200,143771,21427,11,1,34,135.53,76293,5358,70935,1.51,9387,
2026-08-26T15:29:46+00:00,NVIDIA H200,143771,21427,10,1,35,135.34,76293,5387,70906,1.85,9387,
2026-08-26T15:30:16+00:00,NVIDIA H200,143771,21427,10,1,35,137.24,76293,5361,70932,1.72,9387,
2026-08-26T15:30:46+00:00,NVIDIA H200,143771,21427,10,1,36,136.75,76293,5222,71071,1.73,9387,
2026-08-26T15:31:16+00:00,NVIDIA H200,143771,21427,12,1,36,137.63,76293,5314,70979,1.57,9387,
2026-08-26T15:31:46+00:00,NVIDIA H200,143771,21427,11,1,36,137.74,76293,5311,70982,1.34,9387,
2026-08-26T15:32:17+00:00,NVIDIA H200,143771,21427,11,1,36,136.55,76293,5314,70979,1.26,9387,
2026-08-26T15:32:47+00:00,NVIDIA H200,143771,21427,10,1,36,137.06,76293,5352,70941,1.16,9387,
2026-08-26T15:33:17+00:00,NVIDIA H200,143771,21427,11,1,36,135.39,76293,5355,70938,1.10,9387,
2026-08-26T15:33:47+00:00,NVIDIA H200,143771,21427,10,1,35,134.60,76293,5440,70853,1.12,9387,
2026-08-26T15:34:17+00:00,NVIDIA H200,143771,21427,11,1,35,136.06,76293,5353,70940,1.30,9387,
2026-08-26T15:34:47+00:00,NVIDIA H200,143771,21427,11,1,35,137.26,76293,5390,70903,1.59,9387,
2026-08-26T15:35:17+00:00,NVIDIA H200,143771,21427,11,1,34,136.47,76293,5361,70932,1.76,9387,
2026-08-26T15:35:47+00:00,NVIDIA H200,143771,21427,10,1,34,133.92,76293,5279,71014,1.69,9387,
2026-08-26T15:36:18+00:00,NVIDIA H200,143771,21427,14,2,35,135.20,76293,5273,71020,1.42,9387,
2026-08-26T15:36:48+00:00,NVIDIA H200,143771,21427,11,1,35,136.69,76293,5257,71035,1.25,9387,
2026-08-26T15:37:18+00:00,NVIDIA H200,143771,21427,11,1,36,136.33,76293,5195,71098,1.15,9387,
2026-08-26T15:37:48+00:00,NVIDIA H200,143771,21427,10,1,36,135.99,76293,5113,71180,1.28,9387,
2026-08-26T15:38:18+00:00,NVIDIA H200,143771,21427,10,1,36,134.37,76293,5154,71138,1.37,9387,
2026-08-26T15:38:48+00:00,NVIDIA H200,143771,21427,12,1,36,137.26,76293,5184,71109,1.58,9387,
2026-08-26T15:39:18+00:00,NVIDIA H200,143771,21427,11,1,35,136.31,76293,5286,71007,1.47,9387,
2026-08-26T15:39:48+00:00,NVIDIA H200,143771,21427,11,1,34,136.80,76293,5288,71005,1.31,9387,
2026-08-26T15:40:19+00:00,NVIDIA H200,143771,21427,11,1,34,135.07,76293,5287,71006,1.47,9387,
2026-08-26T15:40:49+00:00,NVIDIA H200,143771,21427,10,1,33,136.67,76293,5157,71136,1.28,9387,
2026-08-26T15:41:19+00:00,NVIDIA H200,143771,21427,11,1,33,133.59,76293,5160,71133,1.17,9387,
2026-08-26T15:41:49+00:00,NVIDIA H200,143771,21427,11,1,33,134.05,76293,5169,71124,1.02,9387,
2026-08-26T15:42:19+00:00,NVIDIA H200,143771,21427,11,1,33,135.04,76293,5156,71137,1.08,9387,
2026-08-26T15:42:49+00:00,NVIDIA H200,143771,21427,10,1,33,135.58,76293,5158,71135,1.05,9387,
2026-08-26T15:43:19+00:00,NVIDIA H200,143771,21427,11,1,34,138.90,76293,5158,71135,1.03,9387,
2026-08-26T15:43:49+00:00,NVIDIA H200,143771,21427,10,1,35,136.13,76293,5171,71122,1.16,9387,
2026-08-26T15:44:20+00:00,NVIDIA H200,143771,21427,11,1,35,135.58,76293,5158,71135,1.10,9387,
2026-08-26T15:44:50+00:00,NVIDIA H200,143771,21427,11,1,35,135.52,76293,5157,71136,1.00,9387,
2026-08-26T15:45:20+00:00,NVIDIA H200,143771,21427,11,1,35,137.85,76293,5164,71129,1.22,9387,
2026-08-26T15:45:50+00:00,NVIDIA H200,143771,21427,11,1,35,134.88,76293,5159,71134,1.20,9387,
2026-08-26T15:46:20+00:00,NVIDIA H200,143771,21427,10,1,35,134.57,76293,5163,71130,1.26,9387,
2026-08-26T15:46:50+00:00,NVIDIA H200,143771,21427,9,1,34,132.30,76293,5199,71094,1.37,9387,
2026-08-26T15:47:20+00:00,NVIDIA H200,143771,21427,9,1,34,132.08,76293,5198,71095,1.58,9387,
2026-08-26T15:47:50+00:00,NVIDIA H200,143771,21427,9,1,34,134.04,76293,5277,71016,1.56,9387,
2026-08-26T15:48:20+00:00,NVIDIA H200,143771,21427,11,1,35,136.09,76293,5322,70971,1.61,9387,
2026-08-26T15:48:51+00:00,NVIDIA H200,143771,21427,10,1,35,139.40,76293,5336,70957,1.44,9387,
2026-08-26T15:49:21+00:00,NVIDIA H200,143771,21427,10,1,35,135.96,76293,5336,70956,1.47,9387,
2026-08-26T15:49:51+00:00,NVIDIA H200,143771,21427,11,1,36,135.84,76293,5336,70957,1.35,9387,
2026-08-26T15:50:21+00:00,NVIDIA H200,143771,21427,11,1,36,137.03,76293,5346,70947,1.68,9387,
2026-08-26T15:50:51+00:00,NVIDIA H200,143771,21427,11,1,35,136.18,76293,5345,70948,1.53,9387,
2026-08-26T15:51:21+00:00,NVIDIA H200,143771,21427,11,1,34,134.91,76293,5348,70945,1.53,9387,
2026-08-26T15:51:51+00:00,NVIDIA H200,143771,21427,11,1,32,134.65,76293,5383,70910,1.57,9387,
2026-08-26T15:52:21+00:00,NVIDIA H200,143771,21427,10,1,31,135.50,76293,5183,71110,1.29,9387,
2026-08-26T15:52:52+00:00,NVIDIA H200,143771,21427,10,1,30,133.48,76293,5289,71004,1.17,9387,
2026-08-26T15:53:22+00:00,NVIDIA H200,143771,21427,11,1,28,133.14,76293,5338,70955,1.40,9387,
2026-08-26T15:53:52+00:00,NVIDIA H200,143771,21427,11,1,27,134.54,76293,5443,70850,1.67,9387,
2026-08-26T15:54:22+00:00,NVIDIA H200,143771,21427,11,1,27,133.08,76293,5364,70929,1.76,9387,
2026-08-26T15:54:52+00:00,NVIDIA H200,143771,21427,10,1,26,133.85,76293,5398,70895,1.74,9387,
2026-08-26T15:55:22+00:00,NVIDIA H200,143771,21427,11,1,27,132.61,76293,5367,70926,2.20,9387,
2026-08-26T15:55:52+00:00,NVIDIA H200,143771,21427,11,1,28,134.42,76293,5422,70871,3.10,9387,
2026-08-26T15:56:22+00:00,NVIDIA H200,143771,21427,11,1,29,133.36,76293,5410,70883,2.41,9387,
2026-08-26T15:56:53+00:00,NVIDIA H200,143771,21427,11,1,29,133.19,76293,5389,70904,1.86,9387,
2026-08-26T15:57:23+00:00,NVIDIA H200,143771,21427,12,1,30,132.58,76293,5274,71019,2.12,9387,
2026-08-26T15:57:53+00:00,NVIDIA H200,143771,21427,11,1,31,133.58,76293,5252,71041,1.85,9387,
2026-08-26T15:58:23+00:00,NVIDIA H200,143771,21427,11,1,32,134.15,76293,5275,71018,1.84,9387,
2026-08-26T15:58:53+00:00,NVIDIA H200,143771,21427,10,1,32,132.61,76293,5303,70990,2.04,9387,
2026-08-26T15:59:23+00:00,NVIDIA H200,143771,21427,10,1,33,136.24,76293,5305,70988,1.69,9387,
2026-08-26T15:59:53+00:00,NVIDIA H200,143771,21427,12,1,34,138.82,76293,5290,71003,1.41,9387,
2026-08-26T16:00:23+00:00,NVIDIA H200,143771,21427,11,1,34,136.19,76293,5291,71002,1.32,9387,
2026-08-26T16:00:53+00:00,NVIDIA H200,143771,21427,11,1,34,137.62,76293,5137,71156,1.26,9387,
2026-08-26T16:01:24+00:00,NVIDIA H200,143771,21427,10,1,35,134.70,76293,5137,71156,1.16,9387,
2026-08-26T16:01:54+00:00,NVIDIA H200,143771,21427,11,1,35,136.44,76293,5137,71156,1.16,9387,
2026-08-26T16:02:24+00:00,NVIDIA H200,143771,21427,10,1,35,136.95,76293,5138,71155,1.09,9387,
2026-08-26T16:02:54+00:00,NVIDIA H200,143771,21427,11,1,34,137.66,76293,5154,71139,1.06,9387,
2026-08-26T16:03:24+00:00,NVIDIA H200,143771,21427,12,1,33,136.56,76293,5358,70935,1.51,9387,
2026-08-26T16:03:54+00:00,NVIDIA H200,143771,21427,11,1,33,136.35,76293,5338,70955,1.48,9387,
2026-08-26T16:04:24+00:00,NVIDIA H200,143771,21427,11,1,34,137.51,76293,5326,70967,1.35,9387,
2026-08-26T16:04:54+00:00,NVIDIA H200,143771,21427,11,1,34,133.73,76293,5349,70944,1.14,9387,
2026-08-26T16:05:25+00:00,NVIDIA H200,143771,21427,12,1,34,139.24,76293,5387,70906,1.21,9387,
2026-08-26T16:05:55+00:00,NVIDIA H200,143771,21427,11,1,34,138.62,76293,5381,70912,1.24,9387,
2026-08-26T16:06:25+00:00,NVIDIA H200,143771,21427,10,1,34,135.66,76293,5379,70914,1.20,9387,
2026-08-26T16:06:55+00:00,NVIDIA H200,143771,21427,11,1,34,136.50,76293,5383,70910,1.12,9387,
2026-08-26T16:07:25+00:00,NVIDIA H200,143771,21427,11,1,35,136.41,76293,5380,70913,1.13,9387,
2026-08-26T16:07:55+00:00,NVIDIA H200,143771,21427,11,1,35,136.06,76293,5400,70893,1.21,9387,
2026-08-26T16:08:25+00:00,NVIDIA H200,143771,21427,11,1,36,137.43,76293,5382,70911,1.20,9387,
2026-08-26T16:08:55+00:00,NVIDIA H200,143771,21427,11,1,36,138.26,76293,5382,70911,1.06,9387,
2026-08-26T16:09:26+00:00,NVIDIA H200,143771,21427,11,1,36,138.46,76293,5381,70911,1.04,9387,
2026-08-26T16:09:56+00:00,NVIDIA H200,143771,21427,11,1,36,138.48,76293,5384,70909,0.94,9387,
2026-08-26T16:10:26+00:00,NVIDIA H200,143771,21427,11,1,35,137.86,76293,5387,70906,1.48,9387,
2026-08-26T16:10:56+00:00,NVIDIA H200,143771,21427,11,1,34,136.34,76293,5386,70907,1.37,9387,
2026-08-26T16:11:26+00:00,NVIDIA H200,143771,21427,11,1,33,134.85,76293,5384,70909,1.54,9387,
2026-08-26T16:11:56+00:00,NVIDIA H200,143771,21427,11,1,33,135.68,76293,5396,70897,1.48,9387,
2026-08-26T16:12:26+00:00,NVIDIA H200,143771,21427,11,1,32,134.54,76293,5384,70909,1.35,9387,
2026-08-26T16:12:56+00:00,NVIDIA H200,143771,21427,11,1,31,134.61,76293,5384,70909,1.41,9387,
2026-08-26T16:13:26+00:00,NVIDIA H200,143771,21427,11,1,31,138.00,76293,5391,70902,1.43,9387,
2026-08-26T16:13:57+00:00,NVIDIA H200,143771,21427,10,1,30,133.98,76293,5386,70907,1.53,9387,
2026-08-26T16:14:27+00:00,NVIDIA H200,143771,21427,10,1,31,133.92,76293,5386,70907,1.32,9387,
2026-08-26T16:14:57+00:00,NVIDIA H200,143771,21427,11,1,32,136.01,76293,5381,70912,1.19,9387,
2026-08-26T16:15:27+00:00,NVIDIA H200,143771,21427,11,1,33,134.29,76293,5380,70913,1.17,9387,
2026-08-26T16:15:57+00:00,NVIDIA H200,143771,21427,11,1,33,134.93,76293,5398,70894,1.28,9387,
2026-08-26T16:16:27+00:00,NVIDIA H200,143771,21427,10,1,34,135.56,76293,5397,70896,1.17,9387,
2026-08-26T16:16:57+00:00,NVIDIA H200,143771,21427,11,1,34,137.03,76293,5397,70896,1.10,9387,
2026-08-26T16:17:27+00:00,NVIDIA H200,143771,21427,12,1,35,134.55,76293,5397,70896,1.06,9387,
2026-08-26T16:17:58+00:00,NVIDIA H200,143771,21427,12,1,35,138.16,76293,5397,70896,1.04,9387,
2026-08-26T16:18:28+00:00,NVIDIA H200,143771,21427,24,1,35,137.35,76293,5373,70920,1.07,9387,
2026-08-26T16:18:58+00:00,NVIDIA H200,143771,21427,23,1,35,138.57,76293,5373,70919,1.15,9387,
2026-08-26T16:19:28+00:00,NVIDIA H200,143771,21427,24,1,35,137.38,76293,5373,70920,1.14,9387,
2026-08-26T16:19:58+00:00,NVIDIA H200,143771,21427,24,1,35,138.01,76293,5372,70921,0.94,9387,
2026-08-26T16:20:28+00:00,NVIDIA H200,143771,21427,22,1,35,137.13,76293,5373,70920,0.89,9387,
2026-08-26T16:20:58+00:00,NVIDIA H200,143771,21427,24,1,35,138.18,76293,5373,70920,1.02,9387,
2026-08-26T16:21:28+00:00,NVIDIA H200,143771,21427,23,1,35,137.36,76293,5372,70921,1.08,9387,
2026-08-26T16:21:59+00:00,NVIDIA H200,143771,21427,25,1,35,138.43,76293,5373,70920,1.23,9387,
2026-08-26T16:22:29+00:00,NVIDIA H200,143771,21427,23,1,35,137.28,76293,5374,70919,1.24,9387,
2026-08-26T16:22:59+00:00,NVIDIA H200,143771,21427,24,1,35,140.35,76293,5373,70920,1.41,9387,
2026-08-26T16:23:29+00:00,NVIDIA H200,143771,21427,23,1,35,136.51,76293,5374,70919,1.30,9387,
2026-08-26T16:23:59+00:00,NVIDIA H200,143771,21427,24,1,35,136.82,76293,5375,70918,1.18,9387,
2026-08-26T16:24:29+00:00,NVIDIA H200,143771,21427,23,1,35,138.70,76293,5357,70936,1.39,9387,
2026-08-26T16:24:59+00:00,NVIDIA H200,143771,21427,23,1,36,138.38,76293,5359,70934,1.31,9387,
2026-08-26T16:25:29+00:00,NVIDIA H200,143771,21427,23,1,36,138.64,76293,5359,70934,1.24,9387,
2026-08-26T16:25:59+00:00,NVIDIA H200,143771,21427,24,1,36,139.53,76293,5358,70934,1.15,9387,
2026-08-26T16:26:30+00:00,NVIDIA H200,143771,21427,23,1,36,137.87,76293,5356,70937,1.03,9387,
2026-08-26T16:27:00+00:00,NVIDIA H200,143771,21427,23,1,36,141.08,76293,5386,70907,1.08,9387,
2026-08-26T16:27:30+00:00,NVIDIA H200,143771,21427,24,1,35,137.17,76293,5362,70931,0.97,9387,
2026-08-26T16:28:00+00:00,NVIDIA H200,143771,21427,24,1,35,139.93,76293,5360,70933,1.23,9387,
2026-08-26T16:28:30+00:00,NVIDIA H200,143771,21427,23,1,35,135.51,76293,5356,70937,1.14,9387,
2026-08-26T16:29:00+00:00,NVIDIA H200,143771,21427,23,1,34,137.40,76293,5368,70925,1.02,9387,
2026-08-26T16:29:30+00:00,NVIDIA H200,143771,21427,24,1,34,137.18,76293,5373,70920,1.07,9387,
2026-08-26T16:30:00+00:00,NVIDIA H200,143771,21427,24,1,33,137.41,76293,5397,70896,1.17,9387,
2026-08-26T16:30:31+00:00,NVIDIA H200,143771,21427,24,1,33,136.02,76293,5219,71074,1.10,9387,
2026-08-26T16:31:01+00:00,NVIDIA H200,143771,21427,23,1,33,138.93,76293,5220,71073,1.06,9387,
2026-08-26T16:31:31+00:00,NVIDIA H200,143771,21427,23,1,34,138.18,76293,5221,71072,1.10,9387,
2026-08-26T16:32:01+00:00,NVIDIA H200,143771,21427,23,1,34,138.25,76293,5221,71072,1.06,9387,
2026-08-26T16:32:31+00:00,NVIDIA H200,143771,21427,24,1,35,139.03,76293,5214,71078,1.03,9387,
2026-08-26T16:33:01+00:00,NVIDIA H200,143771,21427,24,1,35,139.23,76293,5237,71056,1.17,9387,
2026-08-26T16:33:31+00:00,NVIDIA H200,143771,21427,23,1,35,136.54,76293,5299,70994,1.17,9387,
2026-08-26T16:34:01+00:00,NVIDIA H200,143771,21427,23,1,35,136.82,76293,5323,70970,1.18,9387,
2026-08-26T16:34:32+00:00,NVIDIA H200,143771,21427,23,1,35,138.59,76293,5342,70951,1.70,9387,
2026-08-26T16:35:02+00:00,NVIDIA H200,143771,21427,25,1,35,137.82,76293,5340,70953,1.76,9387,
2026-08-26T16:35:32+00:00,NVIDIA H200,143771,21427,0,0,36,140.60,76293,5338,70955,1.62,9387,
2026-08-26T16:36:02+00:00,NVIDIA H200,143771,21427,65,35,51,482.73,76293,5447,70846,1.62,9387,
2026-08-26T16:36:32+00:00,NVIDIA H200,143771,21427,78,42,55,518.34,76293,5365,70928,1.48,9387,
2026-08-26T16:37:02+00:00,NVIDIA H200,143771,21427,79,43,56,521.42,76293,5419,70874,1.29,9387,
2026-08-26T16:37:32+00:00,NVIDIA H200,143771,21427,78,43,56,548.61,76293,5419,70874,1.17,9387,
2026-08-26T16:38:02+00:00,NVIDIA H200,143771,21427,82,44,57,544.38,76293,5160,71133,1.29,9387,
2026-08-26T16:38:33+00:00,NVIDIA H200,143771,21427,81,44,57,544.45,76293,5160,71133,1.17,9387,
2026-08-26T16:39:03+00:00,NVIDIA H200,143771,21427,64,35,55,499.13,76293,5160,71133,1.10,9387,
2026-08-26T16:39:33+00:00,NVIDIA H200,143771,21427,79,43,55,541.36,76293,5165,71128,1.06,9387,
2026-08-26T16:40:03+00:00,NVIDIA H200,143771,21427,80,43,53,538.01,76293,5242,71050,1.16,9387,
2026-08-26T16:40:33+00:00,NVIDIA H200,143771,21427,78,43,52,529.41,76293,5239,71054,1.09,9387,
2026-08-26T16:41:03+00:00,NVIDIA H200,143771,21427,78,42,50,537.67,76293,5223,71070,1.05,9387,
2026-08-26T16:41:33+00:00,NVIDIA H200,143771,21427,82,45,50,537.62,76293,5222,71071,1.08,9387,
2026-08-26T16:42:03+00:00,NVIDIA H200,143771,21427,77,42,49,524.59,76293,5116,71177,1.05,9387,
2026-08-26T16:42:34+00:00,NVIDIA H200,143771,21427,79,43,48,533.01,76293,5140,71153,1.03,9387,
2026-08-26T16:43:04+00:00,NVIDIA H200,143771,21427,76,41,47,510.09,76293,5141,71152,1.02,9387,
2026-08-26T16:43:34+00:00,NVIDIA H200,143771,21427,82,45,47,518.84,76293,5138,71155,1.01,9387,
2026-08-26T16:44:04+00:00,NVIDIA H200,143771,21427,77,41,48,504.58,76293,5138,71155,1.08,9387,
2026-08-26T16:44:34+00:00,NVIDIA H200,143771,21427,77,41,49,528.77,76293,5138,71155,1.11,9387,
2026-08-26T16:45:04+00:00,NVIDIA H200,143771,21427,77,42,50,519.72,76293,5130,71163,1.12,9387,
2026-08-26T16:45:34+00:00,NVIDIA H200,143771,21427,81,44,52,524.31,76293,5131,71162,1.07,9387,
2026-08-26T16:46:04+00:00,NVIDIA H200,143771,21427,78,42,53,537.05,76293,5129,71164,1.04,9387,
2026-08-26T16:46:34+00:00,NVIDIA H200,143771,21427,81,44,54,513.43,76293,5129,71164,1.02,9387,
2026-08-26T16:47:05+00:00,NVIDIA H200,143771,21427,81,44,54,525.72,76293,5129,71164,1.01,9387,
2026-08-26T16:47:35+00:00,NVIDIA H200,143771,21427,78,42,54,534.15,76293,5128,71165,1.01,9387,
2026-08-26T16:48:05+00:00,NVIDIA H200,143771,21427,77,42,55,536.41,76293,5128,71165,1.00,9387,
2026-08-26T16:48:35+00:00,NVIDIA H200,143771,21427,79,43,55,529.51,76293,5129,71164,1.00,9387,
2026-08-26T16:49:05+00:00,NVIDIA H200,143771,21427,77,42,54,527.14,76293,5128,71165,1.00,9387,
2026-08-26T16:49:35+00:00,NVIDIA H200,143771,21427,78,42,55,557.42,76293,5129,71164,1.14,9387,
2026-08-26T16:50:05+00:00,NVIDIA H200,143771,21427,79,43,55,536.88,76293,5130,71163,1.21,9387,
2026-08-26T16:50:35+00:00,NVIDIA H200,143771,21427,81,44,56,541.22,76293,5130,71163,1.12,9387,
2026-08-26T16:51:06+00:00,NVIDIA H200,143771,21427,79,43,57,552.22,76293,5129,71164,1.07,9387,
2026-08-26T16:51:36+00:00,NVIDIA H200,143771,21427,82,45,56,538.29,76293,5128,71165,1.11,9387,
2026-08-26T16:52:06+00:00,NVIDIA H200,143771,21427,76,41,55,524.34,76293,5130,71163,1.06,9387,
2026-08-26T16:52:36+00:00,NVIDIA H200,143771,21427,80,43,56,520.61,76293,5128,71165,1.09,9387,
2026-08-26T16:53:06+00:00,NVIDIA H200,143771,21427,81,44,55,536.50,76293,5140,71153,1.00,9387,
2026-08-26T16:53:36+00:00,NVIDIA H200,143771,21427,81,44,55,536.97,76293,5141,71152,1.00,9387,
2026-08-26T16:54:06+00:00,NVIDIA H200,143771,21427,77,42,55,535.90,76293,5139,71154,1.00,9387,
2026-08-26T16:54:36+00:00,NVIDIA H200,143771,21427,79,43,54,532.86,76293,4995,71298,1.00,9387,
2026-08-26T16:55:07+00:00,NVIDIA H200,143771,21427,75,41,54,516.19,76293,4998,71295,1.00,9387,
2026-08-26T16:55:37+00:00,NVIDIA H200,143771,21427,75,41,55,521.78,76293,5019,71274,1.00,9387,
2026-08-26T16:56:07+00:00,NVIDIA H200,143771,21427,77,42,55,542.47,76293,5019,71274,1.05,9387,
2026-08-26T16:56:37+00:00,NVIDIA H200,143771,21427,81,44,56,536.08,76293,4995,71298,1.09,9387,
2026-08-26T16:57:07+00:00,NVIDIA H200,143771,21427,79,43,56,536.05,76293,4998,71295,1.26,9387,
2026-08-26T16:57:37+00:00,NVIDIA H200,143771,21427,76,41,56,523.81,76293,4998,71295,1.16,9387,
2026-08-26T16:58:07+00:00,NVIDIA H200,143771,21427,82,45,56,535.83,76293,5000,71293,1.15,9387,
2026-08-26T16:58:37+00:00,NVIDIA H200,143771,21427,82,45,57,532.37,76293,5000,71293,1.09,9387,
2026-08-26T16:59:08+00:00,NVIDIA H200,143771,21427,78,42,57,539.33,76293,4999,71294,1.05,9387,
2026-08-26T16:59:38+00:00,NVIDIA H200,143771,21427,82,44,56,542.23,76293,5000,71293,1.03,9387,
2026-08-26T17:00:08+00:00,NVIDIA H200,143771,21427,77,42,55,539.47,76293,5000,71293,1.02,9387,
2026-08-26T17:00:38+00:00,NVIDIA H200,143771,21427,77,42,53,532.54,76293,5002,71291,1.08,9387,
2026-08-26T17:01:08+00:00,NVIDIA H200,143771,21427,75,41,52,533.60,76293,5001,71292,1.18,9387,
2026-08-26T17:01:38+00:00,NVIDIA H200,143771,21427,79,43,51,519.99,76293,5001,71291,1.22,9387,
2026-08-26T17:02:08+00:00,NVIDIA H200,143771,21427,76,41,50,516.07,76293,5003,71290,1.59,9387,
2026-08-26T17:02:38+00:00,NVIDIA H200,143771,21427,82,45,51,528.07,76293,5004,71289,1.83,9387,
2026-08-26T17:03:09+00:00,NVIDIA H200,143771,21427,80,44,51,521.22,76293,5008,71285,1.90,9387,
2026-08-26T17:03:39+00:00,NVIDIA H200,143771,21427,78,42,50,533.52,76293,5009,71284,2.45,9387,
2026-08-26T17:04:09+00:00,NVIDIA H200,143771,21427,79,43,52,533.43,76293,5025,71268,2.34,9387,
2026-08-26T17:04:39+00:00,NVIDIA H200,143771,21427,78,43,54,537.40,76293,5092,71201,4.16,9387,
2026-08-26T17:05:09+00:00,NVIDIA H200,143771,21427,79,43,55,523.33,76293,5345,70948,3.40,9387,
2026-08-26T17:05:39+00:00,NVIDIA H200,143771,21427,79,43,55,534.49,76293,5343,70950,2.62,9387,
2026-08-26T17:06:09+00:00,NVIDIA H200,143771,21427,82,45,56,545.85,76293,5341,70952,2.05,9387,
2026-08-26T17:06:39+00:00,NVIDIA H200,143771,21427,79,43,56,531.25,76293,5343,70950,1.64,9387,
2026-08-26T17:07:10+00:00,NVIDIA H200,143771,21427,83,45,56,547.29,76293,5207,71086,1.38,9387,
2026-08-26T17:07:40+00:00,NVIDIA H200,143771,21427,82,45,57,541.04,76293,5269,71024,1.23,9387,
2026-08-26T17:08:10+00:00,NVIDIA H200,143771,21427,85,46,58,515.07,76293,5273,71020,1.14,9387,
2026-08-26T17:08:40+00:00,NVIDIA H200,143771,21427,80,43,58,543.15,76293,5280,71013,1.08,9387,
2026-08-26T17:09:10+00:00,NVIDIA H200,143771,21427,79,43,57,544.81,76293,5284,71009,1.05,9387,
2026-08-26T17:09:40+00:00,NVIDIA H200,143771,21427,81,44,56,535.67,76293,5145,71147,1.09,9387,
2026-08-26T17:10:10+00:00,NVIDIA H200,143771,21427,77,42,55,532.51,76293,5147,71146,1.05,9387,
2026-08-26T17:10:40+00:00,NVIDIA H200,143771,21427,78,43,55,533.87,76293,5147,71146,1.09,9387,
2026-08-26T17:11:11+00:00,NVIDIA H200,143771,21427,77,42,54,529.89,76293,5149,71144,1.10,9387,
2026-08-26T17:11:41+00:00,NVIDIA H200,143771,21427,76,41,53,530.33,76293,5146,71147,1.06,9387,
2026-08-26T17:12:11+00:00,NVIDIA H200,143771,21427,82,45,54,539.91,76293,5151,71142,1.10,9387,
2026-08-26T17:12:41+00:00,NVIDIA H200,143771,21427,79,43,54,538.44,76293,5146,71147,1.06,9387,
2026-08-26T17:13:11+00:00,NVIDIA H200,143771,21427,83,45,54,539.66,76293,5154,71139,1.03,9387,
2026-08-26T17:13:41+00:00,NVIDIA H200,143771,21427,82,45,54,527.03,76293,5792,70501,1.10,9387,
2026-08-26T17:14:11+00:00,NVIDIA H200,143771,21427,80,44,55,517.21,76293,5874,70419,1.28,9387,
2026-08-26T17:14:41+00:00,NVIDIA H200,143771,21427,72,39,55,511.74,76293,5269,71024,2.12,9387,
2026-08-26T17:15:12+00:00,NVIDIA H200,143771,21427,65,36,53,487.44,76293,5173,71120,1.94,9387,
2026-08-26T17:15:42+00:00,NVIDIA H200,143771,21427,80,43,56,534.35,76293,5170,71123,1.72,9387,
2026-08-26T17:16:12+00:00,NVIDIA H200,143771,21427,78,42,55,534.34,76293,5145,71148,1.86,9387,
2026-08-26T17:16:42+00:00,NVIDIA H200,143771,21427,81,44,53,531.14,76293,5169,71124,1.66,9387,
2026-08-26T17:17:12+00:00,NVIDIA H200,143771,21427,79,43,50,517.93,76293,5156,71137,1.65,9387,
2026-08-26T17:17:42+00:00,NVIDIA H200,143771,21427,80,43,49,508.34,76293,5143,71150,1.39,9387,
2026-08-26T17:18:12+00:00,NVIDIA H200,143771,21427,82,45,49,538.42,76293,5162,71131,1.36,9387,
2026-08-26T17:18:42+00:00,NVIDIA H200,143771,21427,80,43,48,525.59,76293,5360,70933,1.98,9387,
2026-08-26T17:19:13+00:00,NVIDIA H200,143771,21427,77,42,47,530.70,76293,5269,71024,1.99,9387,
2026-08-26T17:19:43+00:00,NVIDIA H200,143771,21427,78,42,47,528.24,76293,5269,71024,1.60,9387,
2026-08-26T17:20:13+00:00,NVIDIA H200,143771,21427,79,43,48,530.83,76293,5269,71024,1.36,9387,
2026-08-26T17:20:43+00:00,NVIDIA H200,143771,21427,78,42,49,529.40,76293,5147,71146,1.22,9387,
2026-08-26T17:21:13+00:00,NVIDIA H200,143771,21427,78,43,51,536.44,76293,5146,71147,1.39,9387,
2026-08-26T17:21:43+00:00,NVIDIA H200,143771,21427,79,43,52,528.15,76293,5146,71147,1.55,9387,
2026-08-26T17:22:13+00:00,NVIDIA H200,143771,21427,78,42,52,528.69,76293,5146,71147,2.94,9387,
2026-08-26T17:22:43+00:00,NVIDIA H200,143771,21427,78,43,53,528.57,76293,5138,71155,4.26,9387,
2026-08-26T17:23:14+00:00,NVIDIA H200,143771,21427,82,45,54,535.22,76293,5140,71153,3.01,9387,
2026-08-26T17:23:44+00:00,NVIDIA H200,143771,21427,76,42,54,515.63,76293,5182,71111,2.43,9387,
2026-08-26T17:24:14+00:00,NVIDIA H200,143771,21427,77,41,54,548.47,76293,5138,71155,1.92,9387,
2026-08-26T17:24:44+00:00,NVIDIA H200,143771,21427,79,43,55,517.25,76293,5139,71154,1.56,9387,
2026-08-26T17:25:14+00:00,NVIDIA H200,143771,21427,76,41,56,531.53,76293,5138,71155,1.34,9387,
2026-08-26T17:25:44+00:00,NVIDIA H200,143771,21427,81,44,55,527.82,76293,5138,71155,1.07,9387,
2026-08-26T17:26:14+00:00,NVIDIA H200,143771,21427,78,43,56,530.12,76293,5139,71154,1.04,9387,
2026-08-26T17:26:44+00:00,NVIDIA H200,143771,21427,81,44,55,514.75,76293,5139,71154,1.09,9387,
2026-08-26T17:27:15+00:00,NVIDIA H200,143771,21427,80,44,56,530.13,76293,5139,71154,1.05,9387,
2026-08-26T17:27:45+00:00,NVIDIA H200,143771,21427,80,43,56,539.99,76293,5139,71154,1.03,9387,
2026-08-26T17:28:15+00:00,NVIDIA H200,143771,21427,78,43,55,513.05,76293,5138,71155,1.02,9387,
2026-08-26T17:28:45+00:00,NVIDIA H200,143771,21427,75,41,55,538.55,76293,5137,71156,1.01,9387,
2026-08-26T17:29:15+00:00,NVIDIA H200,143771,21427,78,42,55,537.40,76293,5174,71119,1.17,9387,
2026-08-26T17:29:45+00:00,NVIDIA H200,143771,21427,81,44,54,523.83,76293,5224,71069,1.26,9387,
2026-08-26T17:30:15+00:00,NVIDIA H200,143771,21427,77,42,54,524.53,76293,5224,71069,1.16,9387,
2026-08-26T17:30:45+00:00,NVIDIA H200,143771,21427,82,45,55,545.18,76293,5121,71172,1.09,9387,
2026-08-26T17:31:16+00:00,NVIDIA H200,143771,21427,78,42,54,517.49,76293,5129,71164,1.06,9387,
2026-08-26T17:31:46+00:00,NVIDIA H200,143771,21427,71,39,53,513.40,76293,5129,71164,1.11,9387,
2026-08-26T17:32:16+00:00,NVIDIA H200,143771,21427,81,44,55,542.06,76293,5126,71167,1.12,9387,
2026-08-26T17:32:46+00:00,NVIDIA H200,143771,21427,80,44,55,521.48,76293,5137,71156,1.25,9387,
2026-08-26T17:33:16+00:00,NVIDIA H200,143771,21427,77,42,55,525.45,76293,5136,71157,1.26,9387,
2026-08-26T17:33:46+00:00,NVIDIA H200,143771,21427,83,45,56,554.86,76293,5136,71157,1.21,9387,
2026-08-26T17:34:16+00:00,NVIDIA H200,143771,21427,76,41,55,534.82,76293,5135,71158,1.12,9387,
2026-08-26T17:34:46+00:00,NVIDIA H200,143771,21427,78,42,56,540.90,76293,5137,71156,1.15,9387,
2026-08-26T17:35:16+00:00,NVIDIA H200,143771,21427,82,45,56,536.87,76293,5135,71158,1.09,9387,
2026-08-26T17:35:47+00:00,NVIDIA H200,143771,21427,81,44,56,535.04,76293,5133,71160,1.05,9387,
2026-08-26T17:36:17+00:00,NVIDIA H200,143771,21427,81,44,54,539.97,76293,5133,71160,1.03,9387,
2026-08-26T17:36:47+00:00,NVIDIA H200,143771,21427,80,44,54,536.32,76293,5133,71160,1.02,9387,
2026-08-26T17:37:17+00:00,NVIDIA H200,143771,21427,78,42,53,524.80,76293,5135,71158,1.01,9387,
2026-08-26T17:37:47+00:00,NVIDIA H200,143771,21427,80,43,53,533.45,76293,5138,71154,1.00,9387,
2026-08-26T17:38:17+00:00,NVIDIA H200,143771,21427,79,43,53,524.98,76293,5139,71154,1.00,9387,
2026-08-26T17:38:47+00:00,NVIDIA H200,143771,21427,77,42,52,530.07,76293,5136,71157,1.00,9387,
2026-08-26T17:39:17+00:00,NVIDIA H200,143771,21427,80,43,53,537.26,76293,5137,71156,1.00,9387,
2026-08-26T17:39:48+00:00,NVIDIA H200,143771,21427,79,43,53,539.86,76293,5136,71156,1.00,9387,
2026-08-26T17:40:18+00:00,NVIDIA H200,143771,21427,83,45,54,544.16,76293,5137,71156,1.00,9387,
2026-08-26T17:40:48+00:00,NVIDIA H200,143771,21427,80,44,55,539.16,76293,5136,71157,1.00,9387,
2026-08-26T17:41:18+00:00,NVIDIA H200,143771,21427,78,42,56,532.45,76293,5135,71158,1.00,9387,
2026-08-26T17:41:48+00:00,NVIDIA H200,143771,21427,79,43,55,539.98,76293,5135,71158,1.00,9387,
2026-08-26T17:42:18+00:00,NVIDIA H200,143771,21427,78,42,55,553.84,76293,5136,71157,1.00,9387,
2026-08-26T17:42:48+00:00,NVIDIA H200,143771,21427,81,44,55,542.38,76293,5134,71159,1.00,9387,
2026-08-26T17:43:18+00:00,NVIDIA H200,143771,21427,79,43,55,546.01,76293,5134,71159,1.00,9387,
2026-08-26T17:43:49+00:00,NVIDIA H200,143771,21427,78,42,54,537.73,76293,5135,71158,1.08,9387,
2026-08-26T17:44:19+00:00,NVIDIA H200,143771,21427,82,45,54,533.01,76293,5134,71158,1.13,9387,
2026-08-26T17:44:49+00:00,NVIDIA H200,143771,21427,77,42,54,536.13,76293,5134,71159,1.22,9387,
2026-08-26T17:45:19+00:00,NVIDIA H200,143771,21427,80,43,55,540.06,76293,5135,71158,1.13,9387,
2026-08-26T17:45:49+00:00,NVIDIA H200,143771,21427,82,45,55,535.59,76293,5137,71156,1.15,9387,
2026-08-26T17:46:19+00:00,NVIDIA H200,143771,21427,80,43,56,536.53,76293,5139,71154,1.03,9387,
2026-08-26T17:46:49+00:00,NVIDIA H200,143771,21427,81,44,56,542.87,76293,5137,71156,0.94,9387,
2026-08-26T17:47:19+00:00,NVIDIA H200,143771,21427,81,44,57,548.74,76293,5136,71157,1.03,9387,
2026-08-26T17:47:50+00:00,NVIDIA H200,143771,21427,80,43,57,546.53,76293,5136,71157,1.02,9387,
2026-08-26T17:48:20+00:00,NVIDIA H200,143771,21427,83,45,57,541.66,76293,5136,71157,1.01,9387,
2026-08-26T17:48:50+00:00,NVIDIA H200,143771,21427,80,44,58,545.37,76293,5135,71158,1.00,9387,
2026-08-26T17:49:20+00:00,NVIDIA H200,143771,21427,79,43,57,551.03,76293,5136,71157,1.08,9387,
2026-08-26T17:49:50+00:00,NVIDIA H200,143771,21427,77,41,53,532.77,76293,5136,71157,1.05,9387,
2026-08-26T17:50:20+00:00,NVIDIA H200,143771,21427,78,43,51,529.90,76293,5133,71160,1.03,9387,
2026-08-26T17:50:50+00:00,NVIDIA H200,143771,21427,79,43,50,526.13,76293,5133,71160,1.02,9387,
2026-08-26T17:51:20+00:00,NVIDIA H200,143771,21427,81,44,49,540.66,76293,5134,71159,1.01,9387,
2026-08-26T17:51:51+00:00,NVIDIA H200,143771,21427,82,45,49,529.30,76293,5133,71160,1.11,9387,
2026-08-26T17:52:21+00:00,NVIDIA H200,143771,21427,80,44,47,507.77,76293,5133,71160,1.07,9387,
2026-08-26T17:52:51+00:00,NVIDIA H200,143771,21427,82,45,47,522.14,76293,5144,71149,1.10,9387,
2026-08-26T17:53:21+00:00,NVIDIA H200,143771,21427,80,43,47,513.42,76293,5146,71147,1.06,9387,
2026-08-26T17:53:51+00:00,NVIDIA H200,143771,21427,79,43,48,526.54,76293,5143,71150,1.15,9387,
2026-08-26T17:54:21+00:00,NVIDIA H200,143771,21427,79,43,50,533.04,76293,5143,71149,1.04,9387,
2026-08-26T17:54:51+00:00,NVIDIA H200,143771,21427,75,41,51,515.44,76293,5144,71149,1.10,9387,
2026-08-26T17:55:21+00:00,NVIDIA H200,143771,21427,81,44,52,529.88,76293,5143,71150,1.06,9387,
2026-08-26T17:55:52+00:00,NVIDIA H200,143771,21427,82,45,54,532.18,76293,5143,71150,1.04,9387,
2026-08-26T17:56:22+00:00,NVIDIA H200,143771,21427,79,43,55,537.43,76293,5147,71146,1.09,9387,
2026-08-26T17:56:52+00:00,NVIDIA H200,143771,21427,80,43,55,526.28,76293,5146,71147,1.05,9387,
2026-08-26T17:57:22+00:00,NVIDIA H200,143771,21427,79,43,56,546.31,76293,5140,71153,0.97,9387,
2026-08-26T17:57:52+00:00,NVIDIA H200,143771,21427,80,44,55,543.96,76293,5140,71153,0.99,9387,
2026-08-26T17:58:22+00:00,NVIDIA H200,143771,21427,77,42,55,534.90,76293,5139,71154,0.99,9387,
2026-08-26T17:58:52+00:00,NVIDIA H200,143771,21427,77,42,54,400.28,76293,5140,71153,1.17,9387,
2026-08-26T17:59:22+00:00,NVIDIA H200,143771,21427,78,42,55,544.17,76293,5141,71152,1.10,9387,
2026-08-26T17:59:53+00:00,NVIDIA H200,143771,21427,78,43,55,538.90,76293,5140,71153,1.22,9387,
2026-08-26T18:00:23+00:00,NVIDIA H200,143771,21427,79,43,55,536.27,76293,5140,71153,1.26,9387,
2026-08-26T18:00:53+00:00,NVIDIA H200,143771,21427,80,43,56,536.53,76293,5139,71154,1.29,9387,
2026-08-26T18:01:23+00:00,NVIDIA H200,143771,21427,81,44,55,534.73,76293,5140,71153,1.23,9387,
2026-08-26T18:01:53+00:00,NVIDIA H200,143771,21427,81,44,55,526.79,76293,5140,71153,1.22,9387,
2026-08-26T18:02:23+00:00,NVIDIA H200,143771,21427,80,44,55,549.69,76293,5140,71153,1.13,9387,
2026-08-26T18:02:53+00:00,NVIDIA H200,143771,21427,81,44,55,547.34,76293,5143,71150,1.16,9387,
2026-08-26T18:03:23+00:00,NVIDIA H200,143771,21427,79,43,55,537.21,76293,5143,71150,1.10,9387,
2026-08-26T18:03:54+00:00,NVIDIA H200,143771,21427,77,42,55,530.47,76293,5143,71150,1.14,9387,
2026-08-26T18:04:24+00:00,NVIDIA H200,143771,21427,79,43,54,543.80,76293,5143,71150,1.08,9387,
2026-08-26T18:04:54+00:00,NVIDIA H200,143771,21427,82,45,56,545.80,76293,5007,71286,1.23,9387,
2026-08-26T18:05:24+00:00,NVIDIA H200,143771,21427,78,42,56,542.76,76293,5007,71285,1.19,9387,
2026-08-26T18:05:54+00:00,NVIDIA H200,143771,21427,79,43,56,543.02,76293,5007,71286,1.19,9387,
2026-08-26T18:06:24+00:00,NVIDIA H200,143771,21427,82,45,56,538.33,76293,5007,71286,1.19,9387,
2026-08-26T18:06:54+00:00,NVIDIA H200,143771,21427,79,43,56,526.22,76293,5006,71287,1.30,9387,
2026-08-26T18:07:24+00:00,NVIDIA H200,143771,21427,83,45,57,545.68,76293,5007,71286,1.18,9387,
2026-08-26T18:07:55+00:00,NVIDIA H200,143771,21427,79,43,57,537.89,76293,5007,71286,1.11,9387,
2026-08-26T18:08:25+00:00,NVIDIA H200,143771,21427,77,42,57,548.08,76293,5008,71285,1.00,9387,
2026-08-26T18:08:55+00:00,NVIDIA H200,143771,21427,79,43,56,548.37,76293,5008,71285,1.22,9387,
2026-08-26T18:09:25+00:00,NVIDIA H200,143771,21427,79,43,54,533.76,76293,5009,71284,1.13,9387,
2026-08-26T18:09:55+00:00,NVIDIA H200,143771,21427,81,44,52,521.37,76293,5010,71283,1.02,9387,
2026-08-26T18:10:25+00:00,NVIDIA H200,143771,21427,80,43,51,529.57,76293,5011,71282,1.01,9387,
2026-08-26T18:10:55+00:00,NVIDIA H200,143771,21427,80,43,51,525.74,76293,5013,71280,1.00,9387,
2026-08-26T18:11:25+00:00,NVIDIA H200,143771,21427,76,41,50,522.66,76293,5014,71279,0.93,9387,
2026-08-26T18:11:56+00:00,NVIDIA H200,143771,21427,79,43,50,539.72,76293,5014,71279,0.96,9387,
2026-08-26T18:12:26+00:00,NVIDIA H200,143771,21427,77,42,50,542.66,76293,5014,71279,0.98,9387,
2026-08-26T18:12:56+00:00,NVIDIA H200,143771,21427,79,42,51,519.24,76293,5023,71270,0.99,9387,
2026-08-26T18:13:26+00:00,NVIDIA H200,143771,21427,81,44,53,520.13,76293,5023,71270,0.99,9387,
2026-08-26T18:13:56+00:00,NVIDIA H200,143771,21427,80,44,53,531.14,76293,5024,71269,1.07,9387,
2026-08-26T18:14:26+00:00,NVIDIA H200,143771,21427,79,43,55,540.29,76293,5024,71269,1.25,9387,
2026-08-26T18:14:56+00:00,NVIDIA H200,143771,21427,77,42,55,553.05,76293,5023,71270,1.30,9387,
2026-08-26T18:15:26+00:00,NVIDIA H200,143771,21427,78,42,55,535.45,76293,5023,71270,1.18,9387,
2026-08-26T18:15:57+00:00,NVIDIA H200,143771,21427,79,43,56,543.00,76293,5024,71269,1.11,9387,
2026-08-26T18:16:27+00:00,NVIDIA H200,143771,21427,78,42,56,546.18,76293,5025,71267,1.07,9387,
2026-08-26T18:16:57+00:00,NVIDIA H200,143771,21427,79,43,56,527.47,76293,5026,71267,1.19,9387,
2026-08-26T18:17:27+00:00,NVIDIA H200,143771,21427,80,43,57,541.84,76293,5027,71266,1.11,9387,
2026-08-26T18:17:57+00:00,NVIDIA H200,143771,21427,78,43,57,567.19,76293,5030,71263,1.21,9387,
2026-08-26T18:18:27+00:00,NVIDIA H200,143771,21427,81,44,57,531.64,76293,5030,71263,1.13,9387,
2026-08-26T18:18:57+00:00,NVIDIA H200,143771,21427,79,43,56,544.70,76293,5030,71262,1.08,9387,
2026-08-26T18:19:27+00:00,NVIDIA H200,143771,21427,79,43,55,532.05,76293,5031,71262,1.05,9387,
2026-08-26T18:19:58+00:00,NVIDIA H200,143771,21427,78,42,55,540.10,76293,5031,71262,1.22,9387,
2026-08-26T18:20:28+00:00,NVIDIA H200,143771,21427,82,44,55,554.88,76293,5031,71262,1.13,9387,
2026-08-26T18:20:58+00:00,NVIDIA H200,143771,21427,80,43,54,540.12,76293,5057,71236,1.08,9387,
2026-08-26T18:21:28+00:00,NVIDIA H200,143771,21427,82,45,53,551.43,76293,5058,71235,0.99,9387,
2026-08-26T18:21:58+00:00,NVIDIA H200,143771,21427,82,45,54,545.65,76293,5066,71227,1.14,9387,
2026-08-26T18:22:28+00:00,NVIDIA H200,143771,21427,80,44,54,533.87,76293,5065,71228,1.14,9387,
2026-08-26T18:22:58+00:00,NVIDIA H200,143771,21427,79,43,55,528.32,76293,5078,71215,1.21,9387,
2026-08-26T18:23:28+00:00,NVIDIA H200,143771,21427,81,44,55,524.48,76293,5100,71193,1.32,9387,
2026-08-26T18:23:59+00:00,NVIDIA H200,143771,21427,74,40,56,535.46,76293,5097,71196,1.19,9387,
2026-08-26T18:24:29+00:00,NVIDIA H200,143771,21427,80,43,57,527.49,76293,5108,71184,1.12,9387,
2026-08-26T18:24:59+00:00,NVIDIA H200,143771,21427,82,45,57,550.14,76293,5109,71184,1.07,9387,
2026-08-26T18:25:29+00:00,NVIDIA H200,143771,21427,77,42,57,516.36,76293,5121,71172,1.11,9387,
2026-08-26T18:25:59+00:00,NVIDIA H200,143771,21427,79,43,54,525.05,76293,5139,71154,1.06,9387,
2026-08-26T18:26:29+00:00,NVIDIA H200,143771,21427,78,42,51,537.46,76293,5128,71165,1.09,9387,
2026-08-26T18:26:59+00:00,NVIDIA H200,143771,21427,78,43,50,527.05,76293,5128,71165,1.28,9387,
2026-08-26T18:27:29+00:00,NVIDIA H200,143771,21427,83,45,49,532.34,76293,5140,71153,1.29,9387,
2026-08-26T18:28:00+00:00,NVIDIA H200,143771,21427,80,43,48,523.28,76293,5141,71152,1.32,9387,
2026-08-26T18:28:30+00:00,NVIDIA H200,143771,21427,79,43,48,521.55,76293,5142,71151,1.25,9387,
2026-08-26T18:29:00+00:00,NVIDIA H200,143771,21427,82,45,48,526.85,76293,5352,70941,1.36,9387,
2026-08-26T18:29:30+00:00,NVIDIA H200,143771,21427,78,42,47,530.72,76293,5364,70929,1.47,9387,
2026-08-26T18:30:00+00:00,NVIDIA H200,143771,21427,69,37,47,434.38,76293,5360,70933,1.77,9387,
2026-08-26T18:30:30+00:00,NVIDIA H200,143771,21427,79,43,50,525.27,76293,5489,70804,1.71,9387,
2026-08-26T18:31:00+00:00,NVIDIA H200,143771,21427,77,42,52,533.32,76293,5532,70761,2.08,9387,
2026-08-26T18:31:30+00:00,NVIDIA H200,143771,21427,76,41,52,490.77,76293,5499,70793,2.00,9387,
2026-08-26T18:32:00+00:00,NVIDIA H200,143771,21427,86,47,53,542.17,76293,5357,70936,1.67,9387,
2026-08-26T18:32:31+00:00,NVIDIA H200,143771,21427,81,44,55,545.91,76293,5355,70937,1.46,9387,
2026-08-26T18:33:01+00:00,NVIDIA H200,143771,21427,79,43,54,535.92,76293,5359,70934,1.45,9387,
2026-08-26T18:33:31+00:00,NVIDIA H200,143771,21427,83,45,55,550.14,76293,5359,70934,2.29,9387,
2026-08-26T18:34:01+00:00,NVIDIA H200,143771,21427,77,42,55,543.52,76293,5360,70933,1.94,9387,
2026-08-26T18:34:31+00:00,NVIDIA H200,143771,21427,80,44,55,532.00,76293,5199,71094,1.73,9387,
2026-08-26T18:35:01+00:00,NVIDIA H200,143771,21427,78,42,55,523.65,76293,5181,71112,1.82,9387,
2026-08-26T18:35:31+00:00,NVIDIA H200,143771,21427,81,44,56,526.78,76293,5182,71111,1.94,9387,
2026-08-26T18:36:01+00:00,NVIDIA H200,143771,21427,82,44,56,545.62,76293,5182,71111,1.76,9387,
2026-08-26T18:36:32+00:00,NVIDIA H200,143771,21427,76,41,55,486.46,76293,5182,71111,1.60,9387,
2026-08-26T18:37:02+00:00,NVIDIA H200,143771,21427,86,47,56,559.48,76293,5184,71109,1.43,9387,
2026-08-26T18:37:32+00:00,NVIDIA H200,143771,21427,77,42,55,527.39,76293,5184,71109,1.67,9387,
2026-08-26T18:38:02+00:00,NVIDIA H200,143771,21427,81,44,56,550.03,76293,5185,71108,1.52,9387,
2026-08-26T18:38:32+00:00,NVIDIA H200,143771,21427,82,45,55,548.82,76293,5192,71101,1.37,9387,
2026-08-26T18:39:02+00:00,NVIDIA H200,143771,21427,82,45,55,543.81,76293,5264,71029,1.97,9387,
2026-08-26T18:39:32+00:00,NVIDIA H200,143771,21427,82,44,56,544.69,76293,5214,71079,2.00,9387,
2026-08-26T18:40:02+00:00,NVIDIA H200,143771,21427,78,42,55,534.13,76293,5177,71116,2.28,9387,
2026-08-26T18:40:33+00:00,NVIDIA H200,143771,21427,79,43,55,541.37,76293,5201,71092,2.12,9387,
2026-08-26T18:41:03+00:00,NVIDIA H200,143771,21427,78,42,54,540.80,76293,5390,70903,2.09,9387,
2026-08-26T18:41:33+00:00,NVIDIA H200,143771,21427,73,40,53,539.07,76293,5402,70891,1.97,9387,
2026-08-26T18:42:03+00:00,NVIDIA H200,143771,21427,84,45,54,407.89,76293,5396,70897,1.69,9387,
2026-08-26T18:42:33+00:00,NVIDIA H200,143771,21427,80,44,56,523.83,76293,5398,70895,1.41,9387,
2026-08-26T18:43:03+00:00,NVIDIA H200,143771,21427,79,43,56,545.02,76293,5396,70897,1.25,9387,
2026-08-26T18:43:33+00:00,NVIDIA H200,143771,21427,82,44,57,552.22,76293,5400,70893,1.31,9387,
2026-08-26T18:44:03+00:00,NVIDIA H200,143771,21427,83,45,57,523.86,76293,5401,70892,1.43,9387,
2026-08-26T18:44:34+00:00,NVIDIA H200,143771,21427,85,46,57,541.12,76293,5399,70894,1.60,9387,
2026-08-26T18:45:04+00:00,NVIDIA H200,143771,21427,83,45,56,549.59,76293,5398,70894,1.36,9387,
2026-08-26T18:45:34+00:00,NVIDIA H200,143771,21427,80,43,55,541.01,76293,5401,70892,1.27,9387,
2026-08-26T18:46:04+00:00,NVIDIA H200,143771,21427,76,41,54,523.74,76293,5430,70863,1.74,9387,
2026-08-26T18:46:34+00:00,NVIDIA H200,143771,21427,82,45,53,528.59,76293,5215,71077,1.69,9387,
2026-08-26T18:47:04+00:00,NVIDIA H200,143771,21427,81,44,53,537.29,76293,5283,71010,1.54,9387,
2026-08-26T18:47:34+00:00,NVIDIA H200,143771,21427,79,43,52,527.85,76293,5180,71113,1.61,9386,
2026-08-26T18:48:04+00:00,NVIDIA H200,143771,21427,81,44,52,533.29,76293,5182,71111,1.80,9388,
2026-08-26T18:48:35+00:00,NVIDIA H200,143771,21427,77,42,52,532.29,76293,5382,70911,1.60,9388,
2026-08-26T18:49:05+00:00,NVIDIA H200,143771,21427,77,42,52,534.98,76293,5386,70907,1.43,9388,
2026-08-26T18:49:35+00:00,NVIDIA H200,143771,21427,82,45,53,533.68,76293,5410,70883,1.41,9388,
2026-08-26T18:50:05+00:00,NVIDIA H200,143771,21427,77,42,54,550.76,76293,5205,71088,1.56,9388,
2026-08-26T18:50:35+00:00,NVIDIA H200,143771,21427,82,45,55,543.36,76293,5206,71087,1.74,9388,
2026-08-26T18:51:05+00:00,NVIDIA H200,143771,21427,79,43,56,547.14,76293,5204,71089,1.39,9388,
2026-08-26T18:51:35+00:00,NVIDIA H200,143771,21427,83,45,56,534.41,76293,5202,71091,1.24,9388,
2026-08-26T18:52:05+00:00,NVIDIA H200,143771,21427,80,44,55,541.07,76293,5204,71089,1.14,9388,
2026-08-26T18:52:36+00:00,NVIDIA H200,143771,21427,80,43,54,537.14,76293,5230,71063,1.19,9388,
2026-08-26T18:53:06+00:00,NVIDIA H200,143771,21427,80,43,55,538.84,76293,5202,71091,1.90,9388,
2026-08-26T18:53:36+00:00,NVIDIA H200,143771,21427,80,43,55,520.77,76293,5199,71094,1.55,9388,
2026-08-26T18:54:06+00:00,NVIDIA H200,143771,21427,78,43,55,539.91,76293,5214,71079,1.67,9388,
2026-08-26T18:54:36+00:00,NVIDIA H200,143771,21427,78,42,55,553.80,76293,5209,71084,1.41,9388,
2026-08-26T18:55:06+00:00,NVIDIA H200,143771,21427,80,43,55,546.79,76293,5208,71085,1.25,9388,
2026-08-26T18:55:36+00:00,NVIDIA H200,143771,21427,81,44,56,533.36,76293,5215,71078,1.23,9388,
2026-08-26T18:56:06+00:00,NVIDIA H200,143771,21427,81,44,56,541.89,76293,5236,71057,1.66,9388,
2026-08-26T18:56:37+00:00,NVIDIA H200,143771,21427,83,45,57,532.47,76293,5210,71083,1.74,9388,
2026-08-26T18:57:07+00:00,NVIDIA H200,143771,21427,77,42,56,534.18,76293,5211,71082,1.45,9388,
2026-08-26T18:57:37+00:00,NVIDIA H200,143771,21427,70,38,56,526.46,76293,5414,70879,1.27,9388,
2026-08-26T18:58:07+00:00,NVIDIA H200,143771,21427,82,45,57,554.01,76293,5393,70900,1.16,9388,
2026-08-26T18:58:37+00:00,NVIDIA H200,143771,21427,82,45,57,539.67,76293,5396,70897,1.10,9388,
2026-08-26T18:59:07+00:00,NVIDIA H200,143771,21427,79,43,57,538.03,76293,5397,70896,1.44,9388,
2026-08-26T18:59:37+00:00,NVIDIA H200,143771,21427,81,44,57,547.40,76293,5398,70895,1.34,9388,
2026-08-26T19:00:07+00:00,NVIDIA H200,143771,21427,0,0,42,122.31,76293,7121,69172,3.53,9388,
2026-08-26T19:00:38+00:00,NVIDIA H200,143771,21427,0,0,36,118.94,76293,7137,69156,14.75,9388,
2026-08-26T19:01:08+00:00,NVIDIA H200,143771,21427,10,0,34,131.95,76293,7162,69131,13.29,9388,
2026-08-26T19:01:38+00:00,NVIDIA H200,143771,21427,10,0,32,131.68,76293,7161,69132,8.39,9388,
2026-08-26T19:02:08+00:00,NVIDIA H200,143771,21427,10,0,30,130.70,76293,7159,69134,5.51,9388,
2026-08-26T19:02:38+00:00,NVIDIA H200,143771,21427,10,0,28,130.52,76293,6945,69348,3.73,9388,
2026-08-26T19:03:08+00:00,NVIDIA H200,143771,21427,10,0,27,130.06,76293,6952,69341,2.65,9388,
2026-08-26T19:03:38+00:00,NVIDIA H200,143771,21427,10,0,26,128.83,76293,7117,69176,2.00,9388,
2026-08-26T19:04:08+00:00,NVIDIA H200,143771,21427,10,0,26,127.39,76293,7109,69183,1.61,9388,
2026-08-26T19:04:38+00:00,NVIDIA H200,143771,21427,10,0,27,129.14,76293,7108,69185,1.42,9388,
2026-08-26T19:05:09+00:00,NVIDIA H200,143771,21427,9,0,28,128.75,76293,7134,69159,1.73,9388,
2026-08-26T19:05:39+00:00,NVIDIA H200,143771,21427,10,0,29,131.34,76293,7138,69155,1.99,9388,
2026-08-26T19:06:09+00:00,NVIDIA H200,143771,21427,11,0,30,130.92,76293,5416,70877,2.04,9388,
2026-08-26T19:06:39+00:00,NVIDIA H200,143771,21427,10,0,30,128.85,76293,5433,70860,1.76,9388,
2026-08-26T19:07:09+00:00,NVIDIA H200,143771,21427,10,0,31,130.69,76293,5416,70877,1.72,9388,
2026-08-26T19:07:39+00:00,NVIDIA H200,143771,21427,10,0,32,131.81,76293,5233,71060,1.43,9388,
2026-08-26T19:08:09+00:00,NVIDIA H200,143771,21427,10,0,33,129.13,76293,5227,71066,1.45,9388,
2026-08-26T19:08:39+00:00,NVIDIA H200,143771,21427,10,0,33,135.26,76293,5419,70874,1.22,9388,
2026-08-26T19:09:10+00:00,NVIDIA H200,143771,21427,10,0,34,129.29,76293,5436,70857,1.13,9388,
2026-08-26T19:09:40+00:00,NVIDIA H200,143771,21427,10,0,34,131.25,76293,5426,70867,1.13,9388,
2026-08-26T19:10:10+00:00,NVIDIA H200,143771,21427,10,0,35,132.33,76293,5426,70867,1.20,9388,
2026-08-26T19:10:40+00:00,NVIDIA H200,143771,21427,10,0,35,130.33,76293,5440,70853,1.17,9388,
2026-08-26T19:11:10+00:00,NVIDIA H200,143771,21427,9,0,35,131.57,76293,5432,70861,1.22,9388,
2026-08-26T19:11:40+00:00,NVIDIA H200,143771,21427,10,0,35,133.15,76293,5422,70871,1.13,9388,
2026-08-26T19:12:10+00:00,NVIDIA H200,143771,21427,10,0,34,134.07,76293,5432,70861,1.43,9388,
2026-08-26T19:12:40+00:00,NVIDIA H200,143771,21427,10,0,34,135.40,76293,5347,70946,1.20,9388,
2026-08-26T19:13:11+00:00,NVIDIA H200,143771,21427,10,0,34,131.32,76293,5390,70903,1.17,9388,
2026-08-26T19:13:41+00:00,NVIDIA H200,143771,21427,10,0,34,131.45,76293,5490,70803,1.38,9388,
2026-08-26T19:14:11+00:00,NVIDIA H200,143771,21427,10,0,34,132.25,76293,5405,70888,1.23,9388,
2026-08-26T19:14:41+00:00,NVIDIA H200,143771,21427,10,0,34,131.72,76293,5401,70892,1.07,9388,
2026-08-26T19:15:11+00:00,NVIDIA H200,143771,21427,10,0,34,131.79,76293,5402,70891,1.11,9388,
2026-08-26T19:15:41+00:00,NVIDIA H200,143771,21427,10,0,35,132.49,76293,5248,71045,1.06,9388,
2026-08-26T19:16:11+00:00,NVIDIA H200,143771,21427,0,0,35,118.50,76293,6971,69322,5.92,9388,
2026-08-26T19:16:41+00:00,NVIDIA H200,143771,21427,0,0,35,118.44,76293,6941,69352,16.20,9388,
2026-08-26T19:17:11+00:00,NVIDIA H200,143771,0,15,0,35,122.30,76293,2940,73353,11.88,9388,
