timestamp_utc,gpu_name,gpu_memory_total_mib,gpu_memory_used_mib,gpu_utilization_pct,gpu_memory_utilization_pct,gpu_temperature_c,gpu_power_w,ram_total_mib,ram_used_mib,ram_available_mib,load_1m,disk_available_gib
2026-08-30T15:48:47+00:00,NVIDIA H200 NVL,143771,0,0,0,30,72.57,2063872,52157,1624675,6.72,690
2026-08-30T15:49:17+00:00,NVIDIA H200 NVL,143771,0,0,0,30,72.56,2063872,54880,1621893,4.71,690
2026-08-30T15:49:47+00:00,NVIDIA H200 NVL,143771,0,0,0,30,72.56,2063872,54868,1621659,4.49,690
2026-08-30T15:50:17+00:00,NVIDIA H200 NVL,143771,0,0,0,30,72.58,2063872,55575,1620926,4.52,690
2026-08-30T15:50:47+00:00,NVIDIA H200 NVL,143771,0,0,0,30,72.58,2063872,55524,1620792,4.01,690
2026-08-30T15:51:18+00:00,NVIDIA H200 NVL,143771,893,0,0,31,99.58,2063872,53469,1622605,3.85,690
2026-08-30T15:51:48+00:00,NVIDIA H200 NVL,143771,1021,13,1,33,108.08,2063872,53295,1622778,2.73,690
2026-08-30T15:52:18+00:00,NVIDIA H200 NVL,143771,1021,13,1,33,108.37,2063872,53189,1622884,2.47,690
2026-08-30T15:52:48+00:00,NVIDIA H200 NVL,143771,1021,12,1,33,108.72,2063872,53176,1622897,1.94,690
2026-08-30T15:53:18+00:00,NVIDIA H200 NVL,143771,997,12,1,34,108.81,2063872,53182,1622891,1.84,690
2026-08-30T15:53:48+00:00,NVIDIA H200 NVL,143771,997,12,1,34,108.58,2063872,53105,1622968,1.56,690
2026-08-30T15:54:18+00:00,NVIDIA H200 NVL,143771,997,12,1,34,108.76,2063872,53065,1623008,1.34,690
2026-08-30T15:54:48+00:00,NVIDIA H200 NVL,143771,997,12,1,34,109.25,2063872,53081,1622992,1.37,690
2026-08-30T15:55:18+00:00,NVIDIA H200 NVL,143771,999,12,1,34,107.46,2063872,53032,1623041,1.28,690
2026-08-30T15:55:48+00:00,NVIDIA H200 NVL,143771,999,12,1,34,109.28,2063872,53020,1623053,1.30,690
2026-08-30T15:56:18+00:00,NVIDIA H200 NVL,143771,999,12,1,34,108.96,2063872,53034,1623039,6.77,690
2026-08-30T15:56:48+00:00,NVIDIA H200 NVL,143771,1001,13,1,34,109.07,2063872,53059,1623014,4.49,690
2026-08-30T15:57:18+00:00,NVIDIA H200 NVL,143771,1001,13,1,34,110.14,2063872,53041,1623032,3.19,690
2026-08-30T15:57:48+00:00,NVIDIA H200 NVL,143771,1001,13,1,34,109.25,2063872,53018,1623055,2.47,690
2026-08-30T15:58:18+00:00,NVIDIA H200 NVL,143771,1005,11,1,34,108.33,2063872,53094,1622978,1.97,690
2026-08-30T15:58:48+00:00,NVIDIA H200 NVL,143771,1005,15,1,34,109.53,2063872,53019,1623053,1.77,690
2026-08-30T15:59:18+00:00,NVIDIA H200 NVL,143771,1005,11,1,34,110.28,2063872,53031,1623042,1.61,690
2026-08-30T15:59:48+00:00,NVIDIA H200 NVL,143771,1005,13,1,34,109.05,2063872,53050,1623022,1.42,690
2026-08-30T16:00:18+00:00,NVIDIA H200 NVL,143771,901,42,1,34,124.44,2063872,53822,1622246,1.59,690
2026-08-30T16:00:48+00:00,NVIDIA H200 NVL,143771,901,44,1,35,124.52,2063872,53368,1622702,1.42,690
2026-08-30T16:01:19+00:00,NVIDIA H200 NVL,143771,901,42,1,35,125.19,2063872,53337,1622733,1.26,690
2026-08-30T16:01:49+00:00,NVIDIA H200 NVL,143771,901,43,1,36,125.39,2063872,53361,1622709,1.15,690
2026-08-30T16:02:19+00:00,NVIDIA H200 NVL,143771,901,43,1,36,125.41,2063872,53312,1622758,1.22,690
2026-08-30T16:02:49+00:00,NVIDIA H200 NVL,143771,901,43,1,36,125.71,2063872,53362,1622707,1.13,690
2026-08-30T16:03:19+00:00,NVIDIA H200 NVL,143771,879,0,0,35,98.66,2063872,53456,1622614,1.40,690
2026-08-30T16:03:49+00:00,NVIDIA H200 NVL,143771,879,0,0,34,98.19,2063872,53146,1622923,1.36,690
2026-08-30T16:04:19+00:00,NVIDIA H200 NVL,143771,879,0,0,33,97.92,2063872,53081,1622989,1.22,690
2026-08-30T16:04:49+00:00,NVIDIA H200 NVL,143771,879,0,0,33,97.91,2063872,53050,1623019,1.13,690
2026-08-30T16:05:19+00:00,NVIDIA H200 NVL,143771,879,0,0,33,97.72,2063872,53086,1622984,1.23,690
2026-08-30T16:05:49+00:00,NVIDIA H200 NVL,143771,879,0,0,33,97.96,2063872,53055,1623014,1.21,690
2026-08-30T16:06:19+00:00,NVIDIA H200 NVL,143771,881,20,0,34,116.00,2063872,53751,1622318,1.51,690
2026-08-30T16:06:49+00:00,NVIDIA H200 NVL,143771,881,20,0,34,115.52,2063872,53570,1622499,1.23,690
2026-08-30T16:07:19+00:00,NVIDIA H200 NVL,143771,881,19,0,34,116.82,2063872,53440,1622629,1.14,690
2026-08-30T16:07:49+00:00,NVIDIA H200 NVL,143771,881,20,0,35,116.29,2063872,53404,1622665,1.14,690
2026-08-30T16:08:19+00:00,NVIDIA H200 NVL,143771,887,20,0,35,116.58,2063872,53406,1622663,1.46,690
2026-08-30T16:08:49+00:00,NVIDIA H200 NVL,143771,863,0,0,33,97.94,2063872,53202,1622866,1.71,690
2026-08-30T16:09:19+00:00,NVIDIA H200 NVL,143771,863,0,0,33,97.74,2063872,53135,1622933,1.43,690
2026-08-30T16:09:49+00:00,NVIDIA H200 NVL,143771,863,0,0,33,97.84,2063872,53116,1622952,1.26,690
2026-08-30T16:10:20+00:00,NVIDIA H200 NVL,143771,863,0,0,33,97.87,2063872,53217,1622849,1.29,690
2026-08-30T16:10:50+00:00,NVIDIA H200 NVL,143771,863,0,0,33,97.87,2063872,53079,1622989,1.32,690
2026-08-30T16:11:20+00:00,NVIDIA H200 NVL,143771,863,0,0,33,97.82,2063872,54699,1621313,1.43,689
2026-08-30T16:11:50+00:00,NVIDIA H200 NVL,143771,863,0,0,33,97.74,2063872,56320,1619684,1.35,689
2026-08-30T16:12:20+00:00,NVIDIA H200 NVL,143771,863,0,0,33,97.79,2063872,56897,1619083,1.35,689
2026-08-30T16:12:50+00:00,NVIDIA H200 NVL,143771,863,0,0,33,97.90,2063872,56889,1619067,1.36,689
2026-08-30T16:13:20+00:00,NVIDIA H200 NVL,143771,863,0,0,33,97.83,2063872,56953,1618977,1.28,689
2026-08-30T16:13:50+00:00,NVIDIA H200 NVL,143771,863,0,0,33,97.69,2063872,56994,1618909,1.48,689
2026-08-30T16:14:20+00:00,NVIDIA H200 NVL,143771,863,0,0,33,97.71,2063872,56937,1618940,1.47,689
2026-08-30T16:14:50+00:00,NVIDIA H200 NVL,143771,863,0,0,33,97.73,2063872,57013,1618840,1.68,689
2026-08-30T16:15:20+00:00,NVIDIA H200 NVL,143771,863,0,0,33,97.69,2063872,56983,1618844,1.47,689
2026-08-30T16:15:50+00:00,NVIDIA H200 NVL,143771,863,0,0,33,97.78,2063872,56989,1618813,1.62,689
2026-08-30T16:16:20+00:00,NVIDIA H200 NVL,143771,863,0,0,33,97.71,2063872,57048,1618729,1.64,689
2026-08-30T16:16:50+00:00,NVIDIA H200 NVL,143771,863,0,0,33,97.59,2063872,57030,1618720,1.59,689
2026-08-30T16:17:20+00:00,NVIDIA H200 NVL,143771,863,0,0,33,97.56,2063872,57218,1618504,1.57,689
2026-08-30T16:17:50+00:00,NVIDIA H200 NVL,143771,863,0,0,33,97.68,2063872,57274,1618421,1.55,689
2026-08-30T16:18:20+00:00,NVIDIA H200 NVL,143771,863,0,0,33,97.79,2063872,57297,1618370,1.48,689
2026-08-30T16:18:50+00:00,NVIDIA H200 NVL,143771,863,0,0,33,97.72,2063872,57336,1618302,1.50,689
2026-08-30T16:19:20+00:00,NVIDIA H200 NVL,143771,863,0,0,33,97.53,2063872,57276,1618334,1.59,689
2026-08-30T16:19:50+00:00,NVIDIA H200 NVL,143771,863,0,0,33,97.54,2063872,57231,1618352,1.66,689
2026-08-30T16:20:21+00:00,NVIDIA H200 NVL,143771,863,0,0,33,97.67,2063872,57139,1618413,1.66,689
2026-08-30T16:20:51+00:00,NVIDIA H200 NVL,143771,863,0,0,33,97.75,2063872,57075,1618452,1.67,689
2026-08-30T16:21:21+00:00,NVIDIA H200 NVL,143771,863,0,0,33,97.61,2063872,56992,1618506,2.26,689
2026-08-30T16:21:51+00:00,NVIDIA H200 NVL,143771,863,0,0,33,97.72,2063872,57149,1618321,2.95,689
2026-08-30T16:22:21+00:00,NVIDIA H200 NVL,143771,863,0,0,33,97.66,2063872,56967,1618475,3.51,689
2026-08-30T16:22:51+00:00,NVIDIA H200 NVL,143771,863,0,0,33,97.55,2063872,57059,1618356,3.71,689
2026-08-30T16:23:21+00:00,NVIDIA H200 NVL,143771,863,0,0,33,97.64,2063872,56858,1618535,3.14,689
2026-08-30T16:23:51+00:00,NVIDIA H200 NVL,143771,863,0,0,33,97.64,2063872,56894,1618483,2.76,689
2026-08-30T16:24:21+00:00,NVIDIA H200 NVL,143771,863,0,0,33,97.54,2063872,56933,1618428,2.66,689
2026-08-30T16:24:51+00:00,NVIDIA H200 NVL,143771,863,0,0,33,97.66,2063872,56966,1618373,2.77,689
2026-08-30T16:25:21+00:00,NVIDIA H200 NVL,143771,863,0,0,33,97.59,2063872,57137,1618184,2.27,689
2026-08-30T16:25:51+00:00,NVIDIA H200 NVL,143771,863,0,0,33,97.62,2063872,56570,1618734,2.18,689
2026-08-30T16:26:21+00:00,NVIDIA H200 NVL,143771,863,0,0,33,97.64,2063872,57037,1618250,1.92,689
2026-08-30T16:26:51+00:00,NVIDIA H200 NVL,143771,863,0,0,33,97.62,2063872,56809,1618457,1.76,689
2026-08-30T16:27:22+00:00,NVIDIA H200 NVL,143771,863,0,0,33,97.55,2063872,57002,1618244,1.51,689
2026-08-30T16:27:52+00:00,NVIDIA H200 NVL,143771,863,0,0,33,97.65,2063872,57098,1618124,1.51,689
2026-08-30T16:28:22+00:00,NVIDIA H200 NVL,143771,863,0,0,32,97.55,2063872,57085,1618117,5.99,689
2026-08-30T16:28:52+00:00,NVIDIA H200 NVL,143771,863,0,0,32,97.66,2063872,57101,1618080,4.22,689
2026-08-30T16:29:22+00:00,NVIDIA H200 NVL,143771,863,0,0,33,97.48,2063872,57108,1618048,3.08,689
2026-08-30T16:29:52+00:00,NVIDIA H200 NVL,143771,863,0,0,33,97.75,2063872,57164,1617968,2.46,689
2026-08-30T16:30:22+00:00,NVIDIA H200 NVL,143771,863,0,0,33,97.44,2063872,56931,1618176,2.14,689
2026-08-30T16:30:52+00:00,NVIDIA H200 NVL,143771,863,0,0,33,97.72,2063872,56952,1618135,2.09,689
2026-08-30T16:31:22+00:00,NVIDIA H200 NVL,143771,863,0,0,33,97.45,2063872,56982,1618091,2.06,689
2026-08-30T16:31:52+00:00,NVIDIA H200 NVL,143771,863,0,0,33,97.75,2063872,56973,1618083,2.17,689
2026-08-30T16:32:22+00:00,NVIDIA H200 NVL,143771,863,0,0,33,97.48,2063872,56924,1618117,2.24,689
2026-08-30T16:32:52+00:00,NVIDIA H200 NVL,143771,863,0,0,33,97.68,2063872,52731,1621899,2.30,688
2026-08-30T16:33:22+00:00,NVIDIA H200 NVL,143771,997,12,1,34,108.54,2063872,53078,1621552,1.79,688
2026-08-30T16:33:52+00:00,NVIDIA H200 NVL,143771,1001,12,1,34,109.62,2063872,53110,1621520,1.54,688
2026-08-30T16:34:22+00:00,NVIDIA H200 NVL,143771,1003,14,1,34,108.82,2063872,53122,1621508,1.38,688
2026-08-30T16:34:52+00:00,NVIDIA H200 NVL,143771,1005,12,1,34,105.22,2063872,53118,1621512,1.23,688
2026-08-30T16:35:22+00:00,NVIDIA H200 NVL,143771,1005,12,1,34,108.50,2063872,53055,1621575,1.14,688
2026-08-30T16:35:52+00:00,NVIDIA H200 NVL,143771,1007,13,1,34,108.79,2063872,53038,1621592,1.30,688
2026-08-30T16:36:22+00:00,NVIDIA H200 NVL,143771,1007,0,0,33,98.04,2063872,53591,1621039,1.55,688
2026-08-30T16:36:53+00:00,NVIDIA H200 NVL,143771,903,43,1,35,124.69,2063872,53208,1621421,1.38,688
2026-08-30T16:37:23+00:00,NVIDIA H200 NVL,143771,903,42,1,35,124.89,2063872,53186,1621443,1.38,688
2026-08-30T16:37:53+00:00,NVIDIA H200 NVL,143771,903,0,0,34,98.24,2063872,53314,1621315,1.84,688
2026-08-30T16:38:23+00:00,NVIDIA H200 NVL,143771,903,0,0,33,97.93,2063872,53177,1621452,5.04,688
2026-08-30T16:38:53+00:00,NVIDIA H200 NVL,143771,903,0,0,33,97.82,2063872,55256,1619373,3.53,688
2026-08-30T16:39:23+00:00,NVIDIA H200 NVL,143771,883,20,0,34,112.53,2063872,53256,1621373,2.75,688
2026-08-30T16:39:53+00:00,NVIDIA H200 NVL,143771,883,20,0,34,116.17,2063872,53207,1621422,2.06,688
2026-08-30T16:40:23+00:00,NVIDIA H200 NVL,143771,883,0,0,33,98.18,2063872,53197,1621428,2.67,688
2026-08-30T16:40:53+00:00,NVIDIA H200 NVL,143771,883,0,0,33,97.77,2063872,53082,1621545,2.01,688
2026-08-30T16:41:23+00:00,NVIDIA H200 NVL,143771,883,0,0,33,98.03,2063872,55634,1618939,11.04,688
2026-08-30T16:41:53+00:00,NVIDIA H200 NVL,143771,883,0,0,33,97.73,2063872,56672,1617884,7.37,688
2026-08-30T16:42:23+00:00,NVIDIA H200 NVL,143771,883,0,0,33,97.66,2063872,56858,1617660,5.33,688
2026-08-30T16:42:53+00:00,NVIDIA H200 NVL,143771,883,0,0,33,97.57,2063872,56969,1617513,4.02,688
2026-08-30T16:43:23+00:00,NVIDIA H200 NVL,143771,883,0,0,33,97.58,2063872,57007,1617436,3.15,688
2026-08-30T16:43:53+00:00,NVIDIA H200 NVL,143771,883,0,0,33,97.74,2063872,57021,1617378,2.86,688
2026-08-30T16:44:23+00:00,NVIDIA H200 NVL,143771,883,0,0,33,97.61,2063872,57030,1617325,2.81,688
2026-08-30T16:44:53+00:00,NVIDIA H200 NVL,143771,883,0,0,33,97.54,2063872,57055,1617262,2.65,688
2026-08-30T16:45:23+00:00,NVIDIA H200 NVL,143771,883,0,0,33,97.78,2063872,57170,1617121,3.18,688
2026-08-30T16:45:53+00:00,NVIDIA H200 NVL,143771,883,0,0,33,97.53,2063872,57048,1617213,3.57,688
2026-08-30T16:46:24+00:00,NVIDIA H200 NVL,143771,883,0,0,33,97.64,2063872,57214,1617020,3.86,688
2026-08-30T16:46:54+00:00,NVIDIA H200 NVL,143771,883,0,0,33,97.71,2063872,57003,1617203,3.64,688
2026-08-30T16:47:24+00:00,NVIDIA H200 NVL,143771,883,0,0,33,97.50,2063872,57219,1616955,3.11,688
2026-08-30T16:47:54+00:00,NVIDIA H200 NVL,143771,883,0,0,33,97.67,2063872,57039,1617103,2.87,688
2026-08-30T16:48:24+00:00,NVIDIA H200 NVL,143771,883,0,0,33,97.76,2063872,57275,1616835,2.59,688
2026-08-30T16:48:54+00:00,NVIDIA H200 NVL,143771,883,0,0,33,97.56,2063872,57452,1616621,2.50,688
2026-08-30T16:49:24+00:00,NVIDIA H200 NVL,143771,883,0,0,33,97.85,2063872,57115,1616934,2.78,688
2026-08-30T16:49:55+00:00,NVIDIA H200 NVL,143771,1017,13,1,33,109.15,2063872,53174,1620623,2.24,687
2026-08-30T16:50:25+00:00,NVIDIA H200 NVL,143771,1003,12,1,34,109.38,2063872,53063,1620730,1.87,687
2026-08-30T16:50:55+00:00,NVIDIA H200 NVL,143771,1005,13,1,34,107.09,2063872,53047,1620748,1.94,687
2026-08-30T16:51:25+00:00,NVIDIA H200 NVL,143771,1007,0,0,33,98.20,2063872,54642,1619153,1.96,687
2026-08-30T16:51:55+00:00,NVIDIA H200 NVL,143771,903,42,1,35,125.64,2063872,53024,1620771,1.58,687
2026-08-30T16:52:25+00:00,NVIDIA H200 NVL,143771,903,0,0,33,98.08,2063872,53129,1620665,1.68,687
2026-08-30T16:52:55+00:00,NVIDIA H200 NVL,143771,903,0,0,33,97.91,2063872,53428,1620366,1.83,687
2026-08-30T16:53:25+00:00,NVIDIA H200 NVL,143771,881,0,0,34,98.20,2063872,53476,1620319,1.42,687
2026-08-30T16:53:55+00:00,NVIDIA H200 NVL,143771,881,0,0,33,98.03,2063872,52876,1620918,1.49,687
2026-08-30T16:54:25+00:00,NVIDIA H200 NVL,143771,881,0,0,33,98.04,2063872,55592,1618146,1.86,687
2026-08-30T16:54:55+00:00,NVIDIA H200 NVL,143771,881,0,0,33,97.93,2063872,56727,1616986,2.00,687
2026-08-30T16:55:25+00:00,NVIDIA H200 NVL,143771,881,0,0,33,97.78,2063872,56863,1616812,2.00,687
2026-08-30T16:55:55+00:00,NVIDIA H200 NVL,143771,881,0,0,33,97.82,2063872,56908,1616728,2.46,687
2026-08-30T16:56:25+00:00,NVIDIA H200 NVL,143771,881,0,0,33,97.69,2063872,56942,1616655,2.33,687
2026-08-30T16:56:56+00:00,NVIDIA H200 NVL,143771,881,0,0,33,97.61,2063872,56948,1616605,2.22,687
2026-08-30T16:57:26+00:00,NVIDIA H200 NVL,143771,881,0,0,33,97.65,2063872,56961,1616549,2.13,687
2026-08-30T16:57:56+00:00,NVIDIA H200 NVL,143771,881,0,0,33,97.81,2063872,56919,1616557,2.58,687
2026-08-30T16:58:26+00:00,NVIDIA H200 NVL,143771,881,0,0,33,97.70,2063872,57114,1616337,13.64,687
2026-08-30T16:58:56+00:00,NVIDIA H200 NVL,143771,881,0,0,33,97.50,2063872,57171,1616254,9.92,687
2026-08-30T16:59:26+00:00,NVIDIA H200 NVL,143771,881,0,0,33,97.61,2063872,56981,1616410,7.50,687
2026-08-30T16:59:56+00:00,NVIDIA H200 NVL,143771,881,0,0,33,97.79,2063872,56934,1616432,5.80,687
2026-08-30T17:00:26+00:00,NVIDIA H200 NVL,143771,881,0,0,33,97.71,2063872,57132,1616199,4.52,687
2026-08-30T17:00:56+00:00,NVIDIA H200 NVL,143771,881,0,0,33,97.53,2063872,55690,1617609,10.52,687
2026-08-30T17:01:26+00:00,NVIDIA H200 NVL,143771,881,0,0,33,97.55,2063872,57169,1616098,7.32,687
2026-08-30T17:01:56+00:00,NVIDIA H200 NVL,143771,881,0,0,33,97.77,2063872,56951,1616283,5.43,687
2026-08-30T17:02:26+00:00,NVIDIA H200 NVL,143771,881,0,0,33,97.78,2063872,56965,1616248,4.37,687
2026-08-30T17:02:56+00:00,NVIDIA H200 NVL,143771,1015,14,1,33,108.97,2063872,53176,1619784,3.26,687
2026-08-30T17:03:26+00:00,NVIDIA H200 NVL,143771,1021,12,1,34,109.27,2063872,53102,1619859,2.43,687
2026-08-30T17:03:56+00:00,NVIDIA H200 NVL,143771,1023,12,1,34,109.39,2063872,53052,1619909,1.86,687
2026-08-30T17:04:26+00:00,NVIDIA H200 NVL,143771,1025,0,0,33,98.10,2063872,55082,1617878,1.60,687
2026-08-30T17:04:56+00:00,NVIDIA H200 NVL,143771,1025,38,1,35,122.82,2063872,53105,1619855,1.52,687
2026-08-30T17:05:26+00:00,NVIDIA H200 NVL,143771,1025,0,0,33,98.02,2063872,53201,1619759,1.98,687
2026-08-30T17:05:56+00:00,NVIDIA H200 NVL,143771,1025,0,0,33,98.00,2063872,53281,1619679,2.09,687
2026-08-30T17:06:26+00:00,NVIDIA H200 NVL,143771,1025,0,0,34,98.21,2063872,53387,1619572,1.89,687
2026-08-30T17:06:57+00:00,NVIDIA H200 NVL,143771,1025,0,0,33,97.99,2063872,53075,1619884,1.69,687
2026-08-30T17:07:27+00:00,NVIDIA H200 NVL,143771,1025,0,0,33,97.79,2063872,55829,1617073,2.44,687
2026-08-30T17:07:57+00:00,NVIDIA H200 NVL,143771,1025,0,0,33,97.78,2063872,56788,1616094,2.23,687
2026-08-30T17:08:27+00:00,NVIDIA H200 NVL,143771,1025,0,0,33,97.84,2063872,56929,1615916,2.32,687
2026-08-30T17:08:57+00:00,NVIDIA H200 NVL,143771,1025,0,0,33,97.69,2063872,56930,1615877,2.53,686
2026-08-30T17:09:27+00:00,NVIDIA H200 NVL,143771,1025,0,0,33,97.56,2063872,56959,1615810,8.39,686
2026-08-30T17:09:57+00:00,NVIDIA H200 NVL,143771,1025,0,0,33,97.65,2063872,56945,1615780,6.08,686
2026-08-30T17:10:27+00:00,NVIDIA H200 NVL,143771,1025,0,0,33,97.75,2063872,56958,1615720,4.60,686
2026-08-30T17:10:57+00:00,NVIDIA H200 NVL,143771,1025,0,0,33,97.51,2063872,56710,1615934,4.08,686
2026-08-30T17:11:27+00:00,NVIDIA H200 NVL,143771,1025,0,0,33,97.77,2063872,56979,1615639,4.22,686
2026-08-30T17:11:57+00:00,NVIDIA H200 NVL,143771,1025,0,0,33,97.55,2063872,57035,1615557,4.24,686
2026-08-30T17:12:27+00:00,NVIDIA H200 NVL,143771,1025,0,0,33,97.72,2063872,57090,1615475,4.38,686
2026-08-30T17:12:57+00:00,NVIDIA H200 NVL,143771,1025,0,0,33,97.55,2063872,56778,1615758,4.02,686
2026-08-30T17:13:27+00:00,NVIDIA H200 NVL,143771,1025,0,0,32,97.74,2063872,57228,1615273,3.54,686
2026-08-30T17:13:57+00:00,NVIDIA H200 NVL,143771,1025,0,0,32,97.43,2063872,57344,1615120,3.15,686
2026-08-30T17:14:27+00:00,NVIDIA H200 NVL,143771,1025,0,0,32,97.71,2063872,57413,1615016,2.87,686
2026-08-30T17:14:57+00:00,NVIDIA H200 NVL,143771,1025,0,0,32,97.49,2063872,57299,1615100,2.52,686
2026-08-30T17:15:27+00:00,NVIDIA H200 NVL,143771,1025,0,0,32,97.60,2063872,57152,1615221,3.06,686
2026-08-30T17:15:57+00:00,NVIDIA H200 NVL,143771,1025,13,1,33,108.16,2063872,53226,1618906,2.46,686
2026-08-30T17:16:28+00:00,NVIDIA H200 NVL,143771,1025,13,1,34,108.38,2063872,53140,1618992,2.01,686
2026-08-30T17:16:58+00:00,NVIDIA H200 NVL,143771,1025,13,1,34,108.06,2063872,53064,1619068,1.68,686
2026-08-30T17:17:28+00:00,NVIDIA H200 NVL,143771,1025,42,1,34,123.88,2063872,53160,1618971,1.77,686
2026-08-30T17:17:58+00:00,NVIDIA H200 NVL,143771,1025,0,0,34,100.32,2063872,53035,1619096,1.53,686
2026-08-30T17:18:28+00:00,NVIDIA H200 NVL,143771,1025,0,0,33,98.03,2063872,53211,1618920,1.60,686
2026-08-30T17:18:58+00:00,NVIDIA H200 NVL,143771,1025,20,0,34,116.29,2063872,53272,1618859,6.72,686
2026-08-30T17:19:28+00:00,NVIDIA H200 NVL,143771,1025,0,0,33,98.19,2063872,53477,1618654,4.63,686
2026-08-30T17:19:58+00:00,NVIDIA H200 NVL,143771,1025,0,0,33,97.94,2063872,53199,1618931,3.20,686
2026-08-30T17:20:28+00:00,NVIDIA H200 NVL,143771,1025,0,0,33,97.83,2063872,54148,1617978,3.22,686
2026-08-30T17:20:58+00:00,NVIDIA H200 NVL,143771,1025,0,0,33,97.68,2063872,54379,1617749,2.81,686
2026-08-30T17:21:29+00:00,NVIDIA H200 NVL,143771,1025,0,0,33,97.85,2063872,56896,1615174,2.22,686
2026-08-30T17:21:59+00:00,NVIDIA H200 NVL,143771,1025,0,0,33,97.77,2063872,57609,1614434,2.12,686
2026-08-30T17:22:29+00:00,NVIDIA H200 NVL,143771,1025,0,0,33,97.69,2063872,57753,1612992,1.91,685
2026-08-30T17:22:59+00:00,NVIDIA H200 NVL,143771,1025,0,0,33,97.70,2063872,57724,1612988,1.98,684
2026-08-30T17:23:29+00:00,NVIDIA H200 NVL,143771,1025,0,0,33,97.68,2063872,57595,1613089,1.80,684
2026-08-30T17:23:59+00:00,NVIDIA H200 NVL,143771,1025,0,0,33,97.55,2063872,57603,1613052,8.46,684
2026-08-30T17:24:29+00:00,NVIDIA H200 NVL,143771,1025,0,0,33,97.70,2063872,57518,1613109,5.65,684
2026-08-30T17:24:59+00:00,NVIDIA H200 NVL,143771,1025,0,0,33,97.68,2063872,57585,1613010,4.34,684
2026-08-30T17:25:29+00:00,NVIDIA H200 NVL,143771,1025,0,0,33,97.51,2063872,57495,1613067,3.02,684
2026-08-30T17:25:59+00:00,NVIDIA H200 NVL,143771,1025,0,0,33,97.74,2063872,57512,1613017,2.28,684
2026-08-30T17:26:29+00:00,NVIDIA H200 NVL,143771,1025,0,0,33,97.53,2063872,57420,1613076,2.52,684
2026-08-30T17:26:59+00:00,NVIDIA H200 NVL,143771,1025,0,0,33,97.58,2063872,57507,1612956,2.31,684
2026-08-30T17:27:29+00:00,NVIDIA H200 NVL,143771,1025,0,0,33,97.70,2063872,57565,1612865,2.17,684
2026-08-30T17:27:59+00:00,NVIDIA H200 NVL,143771,1025,0,0,33,97.47,2063872,57480,1612924,2.87,684
2026-08-30T17:28:29+00:00,NVIDIA H200 NVL,143771,1025,0,0,32,97.72,2063872,57512,1612865,3.37,684
2026-08-30T17:28:59+00:00,NVIDIA H200 NVL,143771,1025,0,0,33,97.46,2063872,57534,1612816,3.62,684
2026-08-30T17:29:29+00:00,NVIDIA H200 NVL,143771,1025,0,0,33,97.73,2063872,57368,1612952,3.53,684
2026-08-30T17:29:59+00:00,NVIDIA H200 NVL,143771,1025,0,0,33,97.51,2063872,57314,1614252,3.32,685
2026-08-30T17:30:29+00:00,NVIDIA H200 NVL,143771,1025,0,0,33,97.65,2063872,57467,1614073,3.30,685
2026-08-30T17:31:00+00:00,NVIDIA H200 NVL,143771,1025,0,0,33,97.62,2063872,57656,1613863,2.39,685
2026-08-30T17:31:30+00:00,NVIDIA H200 NVL,143771,1025,0,0,33,97.50,2063872,57413,1614086,2.24,685
2026-08-30T17:32:00+00:00,NVIDIA H200 NVL,143771,1025,0,0,33,97.71,2063872,57283,1614191,2.18,685
2026-08-30T17:32:30+00:00,NVIDIA H200 NVL,143771,1025,0,0,33,97.49,2063872,57572,1613878,1.90,685
2026-08-30T17:33:00+00:00,NVIDIA H200 NVL,143771,1025,0,0,33,97.69,2063872,57599,1613824,2.12,685
2026-08-30T17:33:30+00:00,NVIDIA H200 NVL,143771,1025,0,0,33,97.64,2063872,57642,1613754,1.81,685
2026-08-30T17:34:00+00:00,NVIDIA H200 NVL,143771,1025,0,0,33,97.53,2063872,57666,1613704,1.89,685
2026-08-30T17:34:30+00:00,NVIDIA H200 NVL,143771,1025,0,0,33,97.66,2063872,57658,1613691,2.09,685
2026-08-30T17:35:00+00:00,NVIDIA H200 NVL,143771,1025,0,0,33,97.75,2063872,57651,1613676,2.45,685
2026-08-30T17:35:30+00:00,NVIDIA H200 NVL,143771,1025,0,0,33,97.62,2063872,54219,1616768,2.37,685
2026-08-30T17:36:00+00:00,NVIDIA H200 NVL,143771,1025,0,0,33,97.52,2063872,56898,1614032,1.93,685
2026-08-30T17:36:30+00:00,NVIDIA H200 NVL,143771,1025,0,0,33,97.66,2063872,57669,1613236,2.02,685
2026-08-30T17:37:00+00:00,NVIDIA H200 NVL,143771,1025,0,0,33,97.74,2063872,57707,1613170,2.15,685
2026-08-30T17:37:30+00:00,NVIDIA H200 NVL,143771,1025,0,0,33,97.51,2063872,57808,1613039,1.88,685
2026-08-30T17:38:00+00:00,NVIDIA H200 NVL,143771,1025,0,0,33,97.65,2063872,57738,1613079,1.84,685
2026-08-30T17:38:30+00:00,NVIDIA H200 NVL,143771,1025,0,0,33,97.73,2063872,57820,1612968,2.06,685
2026-08-30T17:39:00+00:00,NVIDIA H200 NVL,143771,1025,0,0,33,97.44,2063872,57846,1612913,1.89,685
2026-08-30T17:39:30+00:00,NVIDIA H200 NVL,143771,1025,0,0,33,97.67,2063872,57898,1612830,1.60,685
2026-08-30T17:40:00+00:00,NVIDIA H200 NVL,143771,1025,0,0,33,97.70,2063872,58147,1612548,1.72,684
2026-08-30T17:40:30+00:00,NVIDIA H200 NVL,143771,1025,0,0,33,97.45,2063872,57963,1612697,1.94,684
2026-08-30T17:41:01+00:00,NVIDIA H200 NVL,143771,1025,0,0,33,97.73,2063872,57903,1612726,1.74,684
2026-08-30T17:41:31+00:00,NVIDIA H200 NVL,143771,1025,0,0,33,97.79,2063872,57945,1612650,1.66,684
2026-08-30T17:42:01+00:00,NVIDIA H200 NVL,143771,1025,0,0,33,97.55,2063872,57942,1612621,1.93,684
2026-08-30T17:42:31+00:00,NVIDIA H200 NVL,143771,1025,0,0,33,97.51,2063872,57895,1612641,2.46,684
2026-08-30T17:43:01+00:00,NVIDIA H200 NVL,143771,1025,0,0,33,97.66,2063872,57918,1612591,3.12,684
2026-08-30T17:43:31+00:00,NVIDIA H200 NVL,143771,1025,0,0,33,97.81,2063872,58033,1612447,3.61,684
2026-08-30T17:44:01+00:00,NVIDIA H200 NVL,143771,1025,0,0,33,97.62,2063872,57864,1612587,3.60,684
2026-08-30T17:44:31+00:00,NVIDIA H200 NVL,143771,1025,0,0,33,97.78,2063872,57861,1612566,3.30,684
2026-08-30T17:45:02+00:00,NVIDIA H200 NVL,143771,1025,0,0,33,97.74,2063872,57971,1612433,3.05,684
2026-08-30T17:45:32+00:00,NVIDIA H200 NVL,143771,1025,0,0,33,97.58,2063872,58238,1612141,2.66,684
2026-08-30T17:46:02+00:00,NVIDIA H200 NVL,143771,1025,0,0,33,97.58,2063872,57433,1612921,2.23,684
2026-08-30T17:46:32+00:00,NVIDIA H200 NVL,143771,1025,0,0,33,97.61,2063872,58073,1612259,2.02,684
2026-08-30T17:47:02+00:00,NVIDIA H200 NVL,143771,1025,0,0,33,97.63,2063872,57581,1612727,2.19,684
2026-08-30T17:47:32+00:00,NVIDIA H200 NVL,143771,1025,0,0,33,97.64,2063872,57897,1612385,2.07,684
2026-08-30T17:48:02+00:00,NVIDIA H200 NVL,143771,1025,0,0,33,97.69,2063872,58145,1612111,1.94,684
2026-08-30T17:48:32+00:00,NVIDIA H200 NVL,143771,1025,0,0,33,97.59,2063872,57966,1612264,1.81,684
2026-08-30T17:49:02+00:00,NVIDIA H200 NVL,143771,1025,0,0,33,97.50,2063872,57871,1612338,1.64,684
2026-08-30T17:49:32+00:00,NVIDIA H200 NVL,143771,1025,0,0,33,97.68,2063872,57902,1612285,2.18,684
2026-08-30T17:50:02+00:00,NVIDIA H200 NVL,143771,1025,0,0,33,97.62,2063872,55048,1614803,2.29,684
2026-08-30T17:50:32+00:00,NVIDIA H200 NVL,143771,1025,0,0,33,97.51,2063872,57145,1612650,2.30,684
2026-08-30T17:51:02+00:00,NVIDIA H200 NVL,143771,1025,0,0,33,97.75,2063872,57868,1611902,2.11,684
2026-08-30T17:51:32+00:00,NVIDIA H200 NVL,143771,1025,0,0,33,97.66,2063872,57895,1611846,1.94,684
2026-08-30T17:52:02+00:00,NVIDIA H200 NVL,143771,1025,0,0,33,97.41,2063872,57959,1611752,1.92,684
2026-08-30T17:52:32+00:00,NVIDIA H200 NVL,143771,1025,0,0,33,97.70,2063872,57916,1611767,1.88,684
2026-08-30T17:53:02+00:00,NVIDIA H200 NVL,143771,1025,0,0,33,97.59,2063872,57893,1611760,1.85,684
2026-08-30T17:53:32+00:00,NVIDIA H200 NVL,143771,1025,0,0,33,97.52,2063872,57962,1611662,1.84,683
2026-08-30T17:54:03+00:00,NVIDIA H200 NVL,143771,1025,0,0,33,97.74,2063872,58121,1611472,1.75,683
2026-08-30T17:54:33+00:00,NVIDIA H200 NVL,143771,1025,0,0,33,97.46,2063872,58055,1611505,1.74,683
2026-08-30T17:55:03+00:00,NVIDIA H200 NVL,143771,1025,0,0,33,97.59,2063872,57958,1611569,2.03,683
2026-08-30T17:55:33+00:00,NVIDIA H200 NVL,143771,1025,0,0,33,97.63,2063872,57951,1611543,1.73,683
2026-08-30T17:56:03+00:00,NVIDIA H200 NVL,143771,1025,0,0,33,97.57,2063872,58081,1611381,1.44,683
2026-08-30T17:56:33+00:00,NVIDIA H200 NVL,143771,1025,0,0,33,97.63,2063872,58026,1611403,1.74,683
2026-08-30T17:57:03+00:00,NVIDIA H200 NVL,143771,1025,0,0,32,97.57,2063872,58035,1611368,2.62,683
2026-08-30T17:57:33+00:00,NVIDIA H200 NVL,143771,1025,0,0,32,97.59,2063872,58203,1611173,12.03,683
2026-08-30T17:58:03+00:00,NVIDIA H200 NVL,143771,1025,0,0,33,97.62,2063872,58174,1611175,8.87,683
2026-08-30T17:58:33+00:00,NVIDIA H200 NVL,143771,1025,0,0,33,97.65,2063872,57857,1611460,6.69,683
2026-08-30T17:59:03+00:00,NVIDIA H200 NVL,143771,1025,0,0,33,97.54,2063872,57891,1611403,5.31,683
2026-08-30T17:59:33+00:00,NVIDIA H200 NVL,143771,1025,0,0,33,97.68,2063872,57967,1611304,4.32,683
2026-08-30T18:00:03+00:00,NVIDIA H200 NVL,143771,1025,0,0,32,97.54,2063872,58649,1610583,3.01,683
2026-08-30T18:00:33+00:00,NVIDIA H200 NVL,143771,1025,0,0,33,97.55,2063872,57943,1611277,8.74,683
2026-08-30T18:01:03+00:00,NVIDIA H200 NVL,143771,1025,0,0,33,97.65,2063872,57660,1611537,6.48,683
2026-08-30T18:01:33+00:00,NVIDIA H200 NVL,143771,1025,0,0,33,97.49,2063872,58055,1611119,4.78,683
2026-08-30T18:02:03+00:00,NVIDIA H200 NVL,143771,1025,0,0,33,97.74,2063872,58170,1610978,3.42,683
2026-08-30T18:02:33+00:00,NVIDIA H200 NVL,143771,1025,0,0,33,97.52,2063872,58146,1610976,2.75,683
2026-08-30T18:03:03+00:00,NVIDIA H200 NVL,143771,1025,0,0,33,97.59,2063872,58145,1610951,2.24,683
2026-08-30T18:03:33+00:00,NVIDIA H200 NVL,143771,1025,0,0,33,97.68,2063872,58083,1610998,1.91,683
2026-08-30T18:04:04+00:00,NVIDIA H200 NVL,143771,1025,0,0,33,97.46,2063872,58140,1610912,2.27,683
2026-08-30T18:04:34+00:00,NVIDIA H200 NVL,143771,1017,12,1,33,108.51,2063872,55659,1613062,2.26,683
2026-08-30T18:05:04+00:00,NVIDIA H200 NVL,143771,1017,12,1,34,108.58,2063872,55376,1613346,1.76,683
2026-08-30T18:05:34+00:00,NVIDIA H200 NVL,143771,1017,13,1,34,108.86,2063872,55341,1613381,1.46,683
2026-08-30T18:06:04+00:00,NVIDIA H200 NVL,143771,1017,14,1,34,109.96,2063872,55316,1613406,1.28,683
2026-08-30T18:06:34+00:00,NVIDIA H200 NVL,143771,1017,13,1,34,108.97,2063872,55294,1613428,1.24,683
2026-08-30T18:07:04+00:00,NVIDIA H200 NVL,143771,1017,0,0,33,98.13,2063872,53559,1615161,1.59,683
2026-08-30T18:07:34+00:00,NVIDIA H200 NVL,143771,1017,0,0,33,97.82,2063872,55986,1612733,1.77,683
2026-08-30T18:08:04+00:00,NVIDIA H200 NVL,143771,1017,0,0,33,97.69,2063872,54057,1614662,2.19,683
2026-08-30T18:08:34+00:00,NVIDIA H200 NVL,143771,905,43,1,34,123.64,2063872,55412,1613307,1.89,683
2026-08-30T18:09:04+00:00,NVIDIA H200 NVL,143771,905,0,0,34,114.27,2063872,56955,1611764,6.71,683
2026-08-30T18:09:34+00:00,NVIDIA H200 NVL,143771,905,0,0,33,98.22,2063872,54494,1614224,5.84,683
2026-08-30T18:10:04+00:00,NVIDIA H200 NVL,143771,905,0,0,33,97.80,2063872,54223,1614489,5.36,683
2026-08-30T18:10:34+00:00,NVIDIA H200 NVL,143771,905,0,0,33,97.78,2063872,55011,1613702,5.14,683
2026-08-30T18:11:04+00:00,NVIDIA H200 NVL,143771,905,0,0,33,97.82,2063872,54545,1614170,4.45,683
2026-08-30T18:11:34+00:00,NVIDIA H200 NVL,143771,905,0,0,33,97.68,2063872,54440,1614274,3.92,683
2026-08-30T18:12:04+00:00,NVIDIA H200 NVL,143771,905,0,0,33,97.65,2063872,54417,1614298,3.66,683
2026-08-30T18:12:34+00:00,NVIDIA H200 NVL,143771,905,0,0,33,97.79,2063872,54434,1614281,3.89,683
2026-08-30T18:13:05+00:00,NVIDIA H200 NVL,143771,905,0,0,33,97.75,2063872,54446,1614269,3.32,683
2026-08-30T18:13:35+00:00,NVIDIA H200 NVL,143771,905,0,0,33,97.74,2063872,54449,1614265,2.73,683
2026-08-30T18:14:05+00:00,NVIDIA H200 NVL,143771,905,0,0,33,97.70,2063872,54437,1614278,2.12,683
2026-08-30T18:14:35+00:00,NVIDIA H200 NVL,143771,905,0,0,33,97.84,2063872,54407,1614307,1.74,683
2026-08-30T18:15:05+00:00,NVIDIA H200 NVL,143771,905,0,0,33,97.73,2063872,54409,1614306,1.45,683
2026-08-30T18:15:35+00:00,NVIDIA H200 NVL,143771,905,0,0,33,97.56,2063872,54398,1614316,1.33,683
2026-08-30T18:16:05+00:00,NVIDIA H200 NVL,143771,905,0,0,33,97.72,2063872,54392,1614323,1.20,683
2026-08-30T18:16:35+00:00,NVIDIA H200 NVL,143771,905,0,0,33,97.82,2063872,54399,1614316,1.37,683
2026-08-30T18:17:05+00:00,NVIDIA H200 NVL,143771,905,0,0,33,97.54,2063872,54403,1614312,1.22,683
2026-08-30T18:17:35+00:00,NVIDIA H200 NVL,143771,905,0,0,33,97.63,2063872,54372,1614342,1.26,683
2026-08-30T18:18:05+00:00,NVIDIA H200 NVL,143771,905,0,0,33,97.87,2063872,53896,1614818,1.57,683
2026-08-30T18:18:35+00:00,NVIDIA H200 NVL,143771,905,0,0,33,97.58,2063872,56016,1612697,2.08,683
2026-08-30T18:19:05+00:00,NVIDIA H200 NVL,143771,905,0,0,33,97.54,2063872,53910,1614803,2.05,683
2026-08-30T18:19:35+00:00,NVIDIA H200 NVL,143771,881,19,0,34,115.65,2063872,55473,1613239,1.85,683
2026-08-30T18:20:05+00:00,NVIDIA H200 NVL,143771,881,0,0,33,98.01,2063872,55920,1612787,1.95,683
2026-08-30T18:20:35+00:00,NVIDIA H200 NVL,143771,881,0,0,33,98.08,2063872,53996,1614712,2.15,683
2026-08-30T18:21:05+00:00,NVIDIA H200 NVL,143771,881,0,0,33,97.99,2063872,54215,1614494,2.26,683
2026-08-30T18:21:35+00:00,NVIDIA H200 NVL,143771,881,0,0,33,97.94,2063872,55080,1613629,2.42,683
2026-08-30T18:22:05+00:00,NVIDIA H200 NVL,143771,881,0,0,33,97.89,2063872,54572,1614137,1.92,683
2026-08-30T18:22:36+00:00,NVIDIA H200 NVL,143771,881,0,0,33,97.77,2063872,54543,1614166,1.75,683
2026-08-30T18:23:06+00:00,NVIDIA H200 NVL,143771,881,0,0,33,97.74,2063872,54485,1614224,1.45,683
2026-08-30T18:23:36+00:00,NVIDIA H200 NVL,143771,881,0,0,33,97.59,2063872,54461,1614248,1.27,683
2026-08-30T18:24:06+00:00,NVIDIA H200 NVL,143771,881,0,0,33,97.57,2063872,54473,1614236,1.16,683
2026-08-30T18:24:36+00:00,NVIDIA H200 NVL,143771,881,0,0,33,97.68,2063872,54469,1614240,1.32,683
2026-08-30T18:25:06+00:00,NVIDIA H200 NVL,143771,881,0,0,33,97.75,2063872,54469,1614240,1.34,683
2026-08-30T18:25:36+00:00,NVIDIA H200 NVL,143771,881,0,0,33,97.73,2063872,54456,1614253,1.20,683
2026-08-30T18:26:06+00:00,NVIDIA H200 NVL,143771,881,0,0,33,97.55,2063872,54441,1614267,1.12,683
2026-08-30T18:26:36+00:00,NVIDIA H200 NVL,143771,881,0,0,33,97.53,2063872,54429,1614279,1.07,683
2026-08-30T18:27:06+00:00,NVIDIA H200 NVL,143771,881,0,0,33,97.73,2063872,54410,1614299,1.18,683
2026-08-30T18:27:36+00:00,NVIDIA H200 NVL,143771,881,0,0,33,97.79,2063872,54403,1614306,1.24,683
2026-08-30T18:28:06+00:00,NVIDIA H200 NVL,143771,881,0,0,33,97.67,2063872,54391,1614318,1.15,683
2026-08-30T18:28:36+00:00,NVIDIA H200 NVL,143771,881,0,0,33,97.48,2063872,52928,1615780,2.09,683
2026-08-30T18:29:06+00:00,NVIDIA H200 NVL,143771,997,11,1,33,107.64,2063872,54416,1614291,6.25,683
2026-08-30T18:29:36+00:00,NVIDIA H200 NVL,143771,997,12,1,34,110.96,2063872,54074,1614633,11.05,683
2026-08-30T18:30:06+00:00,NVIDIA H200 NVL,143771,997,0,0,33,98.10,2063872,53493,1615209,7.47,683
2026-08-30T18:30:36+00:00,NVIDIA H200 NVL,143771,903,0,0,34,102.20,2063872,53169,1615534,5.31,683
2026-08-30T18:31:06+00:00,NVIDIA H200 NVL,143771,903,0,0,33,98.07,2063872,54081,1614624,4.33,683
2026-08-30T18:31:36+00:00,NVIDIA H200 NVL,143771,903,0,0,33,98.10,2063872,53694,1615010,3.10,683
2026-08-30T18:32:07+00:00,NVIDIA H200 NVL,143771,903,0,0,33,97.77,2063872,53677,1615028,2.27,683
2026-08-30T18:32:37+00:00,NVIDIA H200 NVL,143771,903,0,0,33,97.73,2063872,53671,1615033,1.92,683
2026-08-30T18:33:07+00:00,NVIDIA H200 NVL,143771,903,0,0,33,97.65,2063872,53636,1615069,1.55,683
2026-08-30T18:33:37+00:00,NVIDIA H200 NVL,143771,903,0,0,33,97.66,2063872,53620,1615085,1.33,683
2026-08-30T18:34:07+00:00,NVIDIA H200 NVL,143771,903,0,0,33,97.77,2063872,53593,1615112,1.20,683
2026-08-30T18:34:37+00:00,NVIDIA H200 NVL,143771,903,0,0,33,97.71,2063872,53341,1615363,1.34,683
2026-08-30T18:35:07+00:00,NVIDIA H200 NVL,143771,881,0,0,33,98.20,2063872,53712,1614992,1.37,683
2026-08-30T18:35:37+00:00,NVIDIA H200 NVL,143771,881,0,0,33,97.92,2063872,54164,1614540,1.59,683
2026-08-30T18:36:07+00:00,NVIDIA H200 NVL,143771,881,0,0,33,97.77,2063872,53717,1614987,1.35,683
2026-08-30T18:36:37+00:00,NVIDIA H200 NVL,143771,881,0,0,33,97.73,2063872,53643,1615061,1.21,683
2026-08-30T18:37:07+00:00,NVIDIA H200 NVL,143771,881,0,0,33,97.65,2063872,53633,1615071,1.20,683
2026-08-30T18:37:37+00:00,NVIDIA H200 NVL,143771,881,0,0,33,97.65,2063872,53638,1615066,1.41,683
2026-08-30T18:38:07+00:00,NVIDIA H200 NVL,143771,881,0,0,33,97.68,2063872,53615,1615089,1.33,683
2026-08-30T18:38:37+00:00,NVIDIA H200 NVL,143771,881,0,0,33,97.64,2063872,53611,1615093,1.25,683
2026-08-30T18:39:07+00:00,NVIDIA H200 NVL,143771,881,0,0,33,97.82,2063872,53636,1615067,1.37,683
2026-08-30T18:39:37+00:00,NVIDIA H200 NVL,143771,1015,13,1,34,109.47,2063872,53954,1614750,1.38,683
2026-08-30T18:40:07+00:00,NVIDIA H200 NVL,143771,1015,42,1,34,123.71,2063872,54680,1614019,1.86,683
2026-08-30T18:40:38+00:00,NVIDIA H200 NVL,143771,1015,0,0,33,97.83,2063872,53812,1614890,2.06,683
2026-08-30T18:41:08+00:00,NVIDIA H200 NVL,143771,1015,0,0,33,97.66,2063872,53638,1615064,1.69,683
2026-08-30T18:41:38+00:00,NVIDIA H200 NVL,143771,1015,0,0,33,97.55,2063872,53587,1615115,1.42,683
2026-08-30T18:42:08+00:00,NVIDIA H200 NVL,143771,1015,0,0,33,97.58,2063872,53582,1615120,1.25,683
2026-08-30T18:42:38+00:00,NVIDIA H200 NVL,143771,1015,0,0,33,97.71,2063872,53546,1615156,7.40,683
2026-08-30T18:43:08+00:00,NVIDIA H200 NVL,143771,1015,0,0,33,97.86,2063872,53542,1615160,5.10,683
2026-08-30T18:43:38+00:00,NVIDIA H200 NVL,143771,1015,0,0,33,97.71,2063872,55071,1613630,3.56,683
2026-08-30T18:44:08+00:00,NVIDIA H200 NVL,143771,1015,0,0,33,97.71,2063872,55311,1613391,2.72,683
2026-08-30T18:44:38+00:00,NVIDIA H200 NVL,143771,1015,0,0,33,97.68,2063872,53632,1615069,2.51,683
2026-08-30T18:45:08+00:00,NVIDIA H200 NVL,143771,1015,0,0,33,97.80,2063872,53567,1615134,2.16,683
2026-08-30T18:45:38+00:00,NVIDIA H200 NVL,143771,1015,0,0,33,97.67,2063872,53546,1615155,1.96,683
2026-08-30T18:46:08+00:00,NVIDIA H200 NVL,143771,1015,0,0,33,97.72,2063872,53526,1615175,1.79,683
2026-08-30T18:46:38+00:00,NVIDIA H200 NVL,143771,1015,0,0,33,97.82,2063872,53543,1615158,1.75,683
2026-08-30T18:47:08+00:00,NVIDIA H200 NVL,143771,1015,0,0,33,97.62,2063872,53526,1615175,8.72,683
2026-08-30T18:47:38+00:00,NVIDIA H200 NVL,143771,1015,0,0,33,97.63,2063872,55117,1613583,13.82,683
2026-08-30T18:48:08+00:00,NVIDIA H200 NVL,143771,1015,12,1,33,108.89,2063872,54030,1614671,17.28,683
2026-08-30T18:48:38+00:00,NVIDIA H200 NVL,143771,1015,0,0,33,98.13,2063872,53394,1615306,13.78,683
2026-08-30T18:49:08+00:00,NVIDIA H200 NVL,143771,1015,0,0,33,98.07,2063872,55477,1613223,15.83,683
2026-08-30T18:49:38+00:00,NVIDIA H200 NVL,143771,1015,0,0,33,97.71,2063872,53840,1614860,10.54,683
2026-08-30T18:50:08+00:00,NVIDIA H200 NVL,143771,1015,0,0,33,97.62,2063872,54005,1614691,11.95,683
2026-08-30T18:50:39+00:00,NVIDIA H200 NVL,143771,1015,0,0,33,97.58,2063872,53678,1615020,7.84,683
2026-08-30T18:51:09+00:00,NVIDIA H200 NVL,143771,1015,0,0,33,97.79,2063872,53675,1615025,12.14,683
2026-08-30T18:51:39+00:00,NVIDIA H200 NVL,143771,1015,0,0,33,97.68,2063872,53657,1615043,8.03,683
2026-08-30T18:52:09+00:00,NVIDIA H200 NVL,143771,1015,0,0,33,97.54,2063872,53626,1615073,5.54,683
2026-08-30T18:52:39+00:00,NVIDIA H200 NVL,143771,1015,0,0,33,97.78,2063872,53746,1614953,12.15,683
2026-08-30T18:53:09+00:00,NVIDIA H200 NVL,143771,1015,15,0,33,102.37,2063872,54181,1614517,8.26,683
2026-08-30T18:53:39+00:00,NVIDIA H200 NVL,143771,1015,0,0,33,97.60,2063872,53937,1614762,5.85,683
2026-08-30T18:54:09+00:00,NVIDIA H200 NVL,143771,1015,0,0,33,97.83,2063872,53725,1614973,4.14,683
2026-08-30T18:54:39+00:00,NVIDIA H200 NVL,143771,1015,0,0,33,97.67,2063872,53707,1614992,13.42,683
2026-08-30T18:55:09+00:00,NVIDIA H200 NVL,143771,1015,0,0,33,97.76,2063872,53683,1615015,13.70,683
2026-08-30T18:55:39+00:00,NVIDIA H200 NVL,143771,1015,0,0,33,97.85,2063872,53698,1615000,14.50,683
2026-08-30T18:56:09+00:00,NVIDIA H200 NVL,143771,1015,0,0,33,97.49,2063872,53680,1615019,9.39,683
2026-08-30T18:56:39+00:00,NVIDIA H200 NVL,143771,1015,0,0,33,97.80,2063872,53671,1615028,6.29,683
2026-08-30T18:57:09+00:00,NVIDIA H200 NVL,143771,1015,13,1,33,107.97,2063872,54260,1614438,5.18,683
2026-08-30T18:57:39+00:00,NVIDIA H200 NVL,143771,1015,0,0,33,97.92,2063872,55242,1613456,12.40,683
2026-08-30T18:58:09+00:00,NVIDIA H200 NVL,143771,1015,0,0,33,97.97,2063872,55625,1613072,8.34,683
2026-08-30T18:58:39+00:00,NVIDIA H200 NVL,143771,1015,0,0,33,97.60,2063872,53717,1614980,6.00,683
2026-08-30T18:59:09+00:00,NVIDIA H200 NVL,143771,1015,0,0,33,97.72,2063872,53586,1615111,19.25,683
2026-08-30T18:59:39+00:00,NVIDIA H200 NVL,143771,1015,0,0,33,97.67,2063872,53577,1615120,12.26,683
2026-08-30T19:00:10+00:00,NVIDIA H200 NVL,143771,1015,0,0,33,97.58,2063872,53529,1615163,8.23,683
2026-08-30T19:00:40+00:00,NVIDIA H200 NVL,143771,1015,0,0,33,97.81,2063872,53511,1615186,5.58,683
2026-08-30T19:01:10+00:00,NVIDIA H200 NVL,143771,1015,0,0,33,97.72,2063872,53495,1615201,3.98,683
2026-08-30T19:01:40+00:00,NVIDIA H200 NVL,143771,1015,0,0,33,97.70,2063872,53539,1615157,9.63,683
2026-08-30T19:02:10+00:00,NVIDIA H200 NVL,143771,1015,0,0,33,97.82,2063872,54310,1614385,7.04,683
2026-08-30T19:02:40+00:00,NVIDIA H200 NVL,143771,1015,0,0,33,97.70,2063872,53754,1614941,5.11,683
2026-08-30T19:03:10+00:00,NVIDIA H200 NVL,143771,1015,0,0,33,97.72,2063872,53633,1615063,19.02,683
2026-08-30T19:03:40+00:00,NVIDIA H200 NVL,143771,1015,0,0,33,97.62,2063872,53573,1615122,12.43,683
2026-08-30T19:04:10+00:00,NVIDIA H200 NVL,143771,1015,0,0,33,97.59,2063872,53525,1615171,8.26,683
2026-08-30T19:04:40+00:00,NVIDIA H200 NVL,143771,1015,0,0,33,97.75,2063872,53470,1615226,5.75,683
2026-08-30T19:05:10+00:00,NVIDIA H200 NVL,143771,1015,0,0,33,97.69,2063872,53291,1615404,19.06,683
2026-08-30T19:05:40+00:00,NVIDIA H200 NVL,143771,1015,12,1,33,108.09,2063872,54283,1614412,12.43,683
2026-08-30T19:06:10+00:00,NVIDIA H200 NVL,143771,1015,0,0,33,97.93,2063872,53810,1614884,22.37,683
2026-08-30T19:06:40+00:00,NVIDIA H200 NVL,143771,1015,0,0,33,97.93,2063872,53556,1615138,14.22,683
2026-08-30T19:07:10+00:00,NVIDIA H200 NVL,143771,1015,0,0,33,97.77,2063872,53869,1614826,9.43,683
2026-08-30T19:07:40+00:00,NVIDIA H200 NVL,143771,1015,0,0,33,97.84,2063872,53756,1614938,6.44,683
2026-08-30T19:08:10+00:00,NVIDIA H200 NVL,143771,1015,0,0,33,97.82,2063872,53607,1615088,5.18,683
2026-08-30T19:08:40+00:00,NVIDIA H200 NVL,143771,1015,0,0,33,97.65,2063872,53580,1615114,3.72,683
2026-08-30T19:09:10+00:00,NVIDIA H200 NVL,143771,1015,0,0,33,97.55,2063872,53560,1615134,15.36,683
2026-08-30T19:09:41+00:00,NVIDIA H200 NVL,143771,1015,0,0,33,97.80,2063872,53575,1615119,10.01,683
2026-08-30T19:10:11+00:00,NVIDIA H200 NVL,143771,1015,19,0,33,115.20,2063872,54155,1614537,11.10,683
2026-08-30T19:10:41+00:00,NVIDIA H200 NVL,143771,1015,0,0,33,97.58,2063872,53703,1614990,13.19,683
2026-08-30T19:11:11+00:00,NVIDIA H200 NVL,143771,1015,0,0,33,97.82,2063872,53545,1615148,8.65,683
2026-08-30T19:11:41+00:00,NVIDIA H200 NVL,143771,1015,0,0,33,97.56,2063872,53532,1615161,5.83,683
2026-08-30T19:12:11+00:00,NVIDIA H200 NVL,143771,1015,0,0,33,97.59,2063872,53536,1615156,21.26,683
2026-08-30T19:12:41+00:00,NVIDIA H200 NVL,143771,1015,0,0,33,97.69,2063872,53524,1615169,13.52,683
2026-08-30T19:13:11+00:00,NVIDIA H200 NVL,143771,1015,0,0,33,97.91,2063872,53525,1615168,8.90,683
2026-08-30T19:13:41+00:00,NVIDIA H200 NVL,143771,1015,0,0,33,97.77,2063872,55181,1613512,25.26,683
2026-08-30T19:14:11+00:00,NVIDIA H200 NVL,143771,1015,12,1,33,108.91,2063872,54108,1614584,21.13,683
2026-08-30T19:14:41+00:00,NVIDIA H200 NVL,143771,1015,0,0,33,98.00,2063872,55133,1613559,21.05,683
2026-08-30T19:15:11+00:00,NVIDIA H200 NVL,143771,1015,0,0,33,100.86,2063872,54442,1614250,19.62,683
2026-08-30T19:15:41+00:00,NVIDIA H200 NVL,143771,1015,0,0,33,98.07,2063872,54008,1614683,27.51,683
2026-08-30T19:16:11+00:00,NVIDIA H200 NVL,143771,1015,0,0,33,97.80,2063872,53838,1614854,17.31,683
2026-08-30T19:16:41+00:00,NVIDIA H200 NVL,143771,1015,0,0,33,97.80,2063872,53687,1615005,15.63,683
2026-08-30T19:17:11+00:00,NVIDIA H200 NVL,143771,1015,0,0,33,97.69,2063872,53637,1615055,10.21,683
2026-08-30T19:17:41+00:00,NVIDIA H200 NVL,143771,1015,0,0,33,97.58,2063872,53608,1615084,13.20,683
2026-08-30T19:18:11+00:00,NVIDIA H200 NVL,143771,1015,0,0,33,97.59,2063872,53597,1615095,8.65,683
2026-08-30T19:18:41+00:00,NVIDIA H200 NVL,143771,1015,0,0,33,97.71,2063872,53589,1615102,20.64,683
2026-08-30T19:19:12+00:00,NVIDIA H200 NVL,143771,1015,19,0,34,115.45,2063872,54340,1614351,27.96,683
2026-08-30T19:19:42+00:00,NVIDIA H200 NVL,143771,1015,0,0,33,97.99,2063872,53434,1615257,17.78,683
2026-08-30T19:20:12+00:00,NVIDIA H200 NVL,143771,1015,0,0,33,97.72,2063872,53819,1614869,14.82,683
2026-08-30T19:20:42+00:00,NVIDIA H200 NVL,143771,1015,0,0,33,97.73,2063872,53628,1615062,9.62,683
2026-08-30T19:21:12+00:00,NVIDIA H200 NVL,143771,1015,0,0,33,97.82,2063872,53569,1615121,6.55,683
2026-08-30T19:21:42+00:00,NVIDIA H200 NVL,143771,1015,0,0,33,97.84,2063872,53568,1615122,4.61,683
2026-08-30T19:22:12+00:00,NVIDIA H200 NVL,143771,1015,0,0,33,97.97,2063872,53563,1615127,10.08,683
2026-08-30T19:22:42+00:00,NVIDIA H200 NVL,143771,1015,0,0,33,97.97,2063872,53553,1615137,6.83,683
2026-08-30T19:23:12+00:00,NVIDIA H200 NVL,143771,1015,0,0,33,98.15,2063872,55210,1613479,5.17,683
2026-08-30T19:23:42+00:00,NVIDIA H200 NVL,143771,1015,13,1,34,108.83,2063872,53997,1614692,3.77,683
2026-08-30T19:24:12+00:00,NVIDIA H200 NVL,143771,1015,0,0,33,98.07,2063872,54045,1614644,3.20,683
2026-08-30T19:24:42+00:00,NVIDIA H200 NVL,143771,1015,0,0,33,98.14,2063872,54226,1614463,9.62,683
2026-08-30T19:25:12+00:00,NVIDIA H200 NVL,143771,1015,0,0,33,97.97,2063872,53796,1614893,6.58,683
2026-08-30T19:25:42+00:00,NVIDIA H200 NVL,143771,1015,0,0,33,97.88,2063872,53657,1615031,18.72,683
2026-08-30T19:26:12+00:00,NVIDIA H200 NVL,143771,1015,0,0,33,97.75,2063872,53606,1615082,12.04,683
2026-08-30T19:26:42+00:00,NVIDIA H200 NVL,143771,1015,0,0,33,97.71,2063872,53580,1615109,16.63,683
2026-08-30T19:27:12+00:00,NVIDIA H200 NVL,143771,1015,0,0,33,97.68,2063872,53539,1615150,10.79,683
2026-08-30T19:27:42+00:00,NVIDIA H200 NVL,143771,1015,0,0,33,97.65,2063872,53501,1615188,13.54,683
2026-08-30T19:28:12+00:00,NVIDIA H200 NVL,143771,1015,0,0,33,97.66,2063872,55115,1613574,9.31,683
2026-08-30T19:28:43+00:00,NVIDIA H200 NVL,143771,1015,0,0,33,98.06,2063872,53604,1615084,14.22,683
2026-08-30T19:29:13+00:00,NVIDIA H200 NVL,143771,1015,0,0,33,97.82,2063872,53815,1614873,15.33,683
2026-08-30T19:29:43+00:00,NVIDIA H200 NVL,143771,1015,0,0,33,97.70,2063872,53570,1615118,11.41,683
2026-08-30T19:30:13+00:00,NVIDIA H200 NVL,143771,1015,0,0,33,97.78,2063872,53596,1615089,14.46,683
2026-08-30T19:30:43+00:00,NVIDIA H200 NVL,143771,1015,0,0,33,97.79,2063872,53472,1615215,9.56,683
2026-08-30T19:31:13+00:00,NVIDIA H200 NVL,143771,1015,0,0,33,97.74,2063872,53426,1615261,6.37,683
2026-08-30T19:31:43+00:00,NVIDIA H200 NVL,143771,1015,0,0,33,97.60,2063872,53410,1615277,11.12,683
2026-08-30T19:32:13+00:00,NVIDIA H200 NVL,143771,1015,0,0,33,97.64,2063872,53418,1615269,7.45,683
2026-08-30T19:32:43+00:00,NVIDIA H200 NVL,143771,1015,12,1,33,108.53,2063872,53418,1615269,5.34,683
2026-08-30T19:33:13+00:00,NVIDIA H200 NVL,143771,1003,12,1,34,108.26,2063872,53357,1615329,3.82,683
2026-08-30T19:33:43+00:00,NVIDIA H200 NVL,143771,1005,12,1,34,108.94,2063872,53364,1615323,14.67,683
2026-08-30T19:34:13+00:00,NVIDIA H200 NVL,143771,1007,12,1,34,108.84,2063872,53368,1615319,9.47,683
2026-08-30T19:34:43+00:00,NVIDIA H200 NVL,143771,1013,12,1,34,108.47,2063872,53404,1615282,6.32,683
2026-08-30T19:35:13+00:00,NVIDIA H200 NVL,143771,1017,14,1,34,108.97,2063872,53400,1615287,4.41,683
2026-08-30T19:35:43+00:00,NVIDIA H200 NVL,143771,1019,13,1,34,108.71,2063872,53406,1615281,10.74,683
2026-08-30T19:36:13+00:00,NVIDIA H200 NVL,143771,1025,12,1,34,107.85,2063872,53418,1615268,14.53,683
2026-08-30T19:36:43+00:00,NVIDIA H200 NVL,143771,1029,13,1,34,108.16,2063872,53385,1615301,16.73,683
2026-08-30T19:37:14+00:00,NVIDIA H200 NVL,143771,1031,12,1,34,106.76,2063872,53387,1615299,15.95,683
2026-08-30T19:37:44+00:00,NVIDIA H200 NVL,143771,1037,15,1,34,108.38,2063872,53416,1615270,10.31,683
2026-08-30T19:38:14+00:00,NVIDIA H200 NVL,143771,1039,11,1,34,108.20,2063872,53386,1615300,6.96,683
2026-08-30T19:38:44+00:00,NVIDIA H200 NVL,143771,1041,12,1,34,108.64,2063872,53372,1615314,10.03,683
2026-08-30T19:39:14+00:00,NVIDIA H200 NVL,143771,1047,14,1,34,106.82,2063872,53424,1615263,13.78,683
2026-08-30T19:39:44+00:00,NVIDIA H200 NVL,143771,1049,12,1,34,108.78,2063872,53417,1615270,14.88,683
2026-08-30T19:40:14+00:00,NVIDIA H200 NVL,143771,1047,12,1,34,108.16,2063872,53508,1615176,9.94,683
2026-08-30T19:40:44+00:00,NVIDIA H200 NVL,143771,1051,12,1,34,108.03,2063872,53391,1615294,14.25,683
2026-08-30T19:41:14+00:00,NVIDIA H200 NVL,143771,1055,0,0,33,98.09,2063872,53472,1615213,28.14,683
2026-08-30T19:41:44+00:00,NVIDIA H200 NVL,143771,903,41,1,35,119.12,2063872,53702,1614983,17.79,683
2026-08-30T19:42:14+00:00,NVIDIA H200 NVL,143771,903,42,1,35,120.32,2063872,53531,1615154,15.03,683
2026-08-30T19:42:44+00:00,NVIDIA H200 NVL,143771,903,41,1,35,118.67,2063872,53495,1615190,14.55,683
2026-08-30T19:43:14+00:00,NVIDIA H200 NVL,143771,903,42,1,35,118.76,2063872,53447,1615238,14.50,683
2026-08-30T19:43:44+00:00,NVIDIA H200 NVL,143771,903,42,1,35,118.90,2063872,53433,1615252,9.37,683
2026-08-30T19:44:14+00:00,NVIDIA H200 NVL,143771,901,21,0,35,121.02,2063872,53408,1615277,10.24,683
2026-08-30T19:44:44+00:00,NVIDIA H200 NVL,143771,901,0,0,33,97.75,2063872,53595,1615089,7.18,683
2026-08-30T19:45:14+00:00,NVIDIA H200 NVL,143771,901,0,0,33,97.73,2063872,53507,1615178,4.93,683
2026-08-30T19:45:44+00:00,NVIDIA H200 NVL,143771,901,0,0,33,97.81,2063872,53393,1615292,14.77,683
2026-08-30T19:46:14+00:00,NVIDIA H200 NVL,143771,901,0,0,33,97.81,2063872,53408,1615276,9.53,683
2026-08-30T19:46:45+00:00,NVIDIA H200 NVL,143771,901,0,0,33,97.82,2063872,53355,1615329,6.57,683
2026-08-30T19:47:15+00:00,NVIDIA H200 NVL,143771,883,2,0,34,111.97,2063872,53620,1615064,4.57,683
2026-08-30T19:47:45+00:00,NVIDIA H200 NVL,143771,885,20,0,34,112.24,2063872,53530,1615154,3.35,683
2026-08-30T19:48:15+00:00,NVIDIA H200 NVL,143771,887,20,0,35,112.25,2063872,53497,1615187,2.75,683
2026-08-30T19:48:45+00:00,NVIDIA H200 NVL,143771,889,20,0,35,112.00,2063872,53469,1615215,7.81,683
2026-08-30T19:49:15+00:00,NVIDIA H200 NVL,143771,891,19,0,35,115.94,2063872,53426,1615258,12.38,683
2026-08-30T19:49:45+00:00,NVIDIA H200 NVL,143771,891,0,0,34,98.09,2063872,53616,1615067,8.34,683
2026-08-30T19:50:15+00:00,NVIDIA H200 NVL,143771,891,0,0,33,97.82,2063872,53479,1615202,5.89,683
2026-08-30T19:50:45+00:00,NVIDIA H200 NVL,143771,891,0,0,33,97.80,2063872,53326,1615357,13.47,683
2026-08-30T19:51:15+00:00,NVIDIA H200 NVL,143771,891,0,0,33,97.76,2063872,53316,1615367,9.05,683
2026-08-30T19:51:45+00:00,NVIDIA H200 NVL,143771,891,0,0,33,97.74,2063872,53347,1615336,6.19,683
2026-08-30T19:52:15+00:00,NVIDIA H200 NVL,143771,1019,13,1,33,108.46,2063872,54209,1614474,5.32,683
2026-08-30T19:52:45+00:00,NVIDIA H200 NVL,143771,1019,13,1,34,108.46,2063872,53776,1614907,3.87,683
2026-08-30T19:53:15+00:00,NVIDIA H200 NVL,143771,1019,12,1,34,108.81,2063872,53731,1614952,2.98,683
2026-08-30T19:53:45+00:00,NVIDIA H200 NVL,143771,1019,13,1,34,108.82,2063872,53707,1614975,8.87,683
2026-08-30T19:54:15+00:00,NVIDIA H200 NVL,143771,1021,12,1,34,108.33,2063872,53692,1614990,16.12,683
2026-08-30T19:54:45+00:00,NVIDIA H200 NVL,143771,1021,10,1,34,109.66,2063872,53700,1614983,22.08,683
2026-08-30T19:55:15+00:00,NVIDIA H200 NVL,143771,1021,14,1,34,109.07,2063872,53699,1614984,18.23,683
2026-08-30T19:55:45+00:00,NVIDIA H200 NVL,143771,1023,16,1,34,108.76,2063872,53794,1614888,11.68,683
2026-08-30T19:56:16+00:00,NVIDIA H200 NVL,143771,1023,14,1,34,108.99,2063872,53695,1614988,7.66,683
2026-08-30T19:56:46+00:00,NVIDIA H200 NVL,143771,1023,11,1,34,108.57,2063872,53695,1614988,5.29,683
2026-08-30T19:57:16+00:00,NVIDIA H200 NVL,143771,1023,12,1,34,108.48,2063872,53694,1614989,9.61,683
2026-08-30T19:57:46+00:00,NVIDIA H200 NVL,143771,1025,11,1,34,110.63,2063872,53684,1614998,12.08,683
2026-08-30T19:58:16+00:00,NVIDIA H200 NVL,143771,1025,33,2,35,119.00,2063872,53687,1614995,10.32,683
2026-08-30T19:58:46+00:00,NVIDIA H200 NVL,143771,1025,12,1,34,109.59,2063872,53680,1615002,6.84,683
2026-08-30T19:59:16+00:00,NVIDIA H200 NVL,143771,1027,11,1,34,108.24,2063872,53658,1615025,13.04,683
2026-08-30T19:59:46+00:00,NVIDIA H200 NVL,143771,1027,13,1,34,109.84,2063872,53658,1615025,8.56,683
2026-08-30T20:00:16+00:00,NVIDIA H200 NVL,143771,1027,12,1,34,108.52,2063872,53735,1614945,13.44,683
2026-08-30T20:00:47+00:00,NVIDIA H200 NVL,143771,1027,0,0,34,98.33,2063872,53321,1615361,28.85,683
2026-08-30T20:01:17+00:00,NVIDIA H200 NVL,143771,1027,43,1,35,123.98,2063872,53801,1614881,25.27,683
2026-08-30T20:01:47+00:00,NVIDIA H200 NVL,143771,1027,52,1,36,131.24,2063872,53770,1614912,16.05,683
2026-08-30T20:02:17+00:00,NVIDIA H200 NVL,143771,1027,43,1,36,125.05,2063872,53759,1614923,10.40,683
2026-08-30T20:02:47+00:00,NVIDIA H200 NVL,143771,1027,42,1,36,125.06,2063872,53822,1614860,12.73,683
2026-08-30T20:03:17+00:00,NVIDIA H200 NVL,143771,1027,43,1,36,123.84,2063872,53737,1614945,16.32,683
2026-08-30T20:03:47+00:00,NVIDIA H200 NVL,143771,1027,42,1,36,124.90,2063872,53737,1614944,18.76,683
2026-08-30T20:04:17+00:00,NVIDIA H200 NVL,143771,1027,0,0,34,98.32,2063872,53607,1615074,12.24,683
2026-08-30T20:04:47+00:00,NVIDIA H200 NVL,143771,1027,0,0,33,97.89,2063872,53477,1615205,8.18,683
2026-08-30T20:05:17+00:00,NVIDIA H200 NVL,143771,1027,0,0,33,97.85,2063872,53447,1615235,20.59,683
2026-08-30T20:05:47+00:00,NVIDIA H200 NVL,143771,1027,0,0,33,97.78,2063872,53404,1615278,21.28,683
2026-08-30T20:06:17+00:00,NVIDIA H200 NVL,143771,1027,0,0,33,97.92,2063872,53426,1615255,25.01,683
2026-08-30T20:06:47+00:00,NVIDIA H200 NVL,143771,1027,20,0,34,115.95,2063872,53857,1614825,24.33,683
2026-08-30T20:07:17+00:00,NVIDIA H200 NVL,143771,1027,20,0,34,116.29,2063872,53756,1614925,15.34,683
2026-08-30T20:07:47+00:00,NVIDIA H200 NVL,143771,1027,20,0,35,116.18,2063872,53721,1614961,17.65,683
2026-08-30T20:08:17+00:00,NVIDIA H200 NVL,143771,1027,20,0,35,116.71,2063872,53702,1614980,12.21,683
2026-08-30T20:08:47+00:00,NVIDIA H200 NVL,143771,1027,20,0,35,116.03,2063872,53645,1615037,8.17,683
2026-08-30T20:09:18+00:00,NVIDIA H200 NVL,143771,1027,0,0,34,98.36,2063872,53823,1614859,5.75,683
2026-08-30T20:09:48+00:00,NVIDIA H200 NVL,143771,1027,0,0,33,98.00,2063872,53553,1615128,9.91,683
2026-08-30T20:10:18+00:00,NVIDIA H200 NVL,143771,1027,0,0,33,97.68,2063872,53442,1615236,6.73,683
2026-08-30T20:10:48+00:00,NVIDIA H200 NVL,143771,1027,0,0,33,97.68,2063872,53377,1615303,4.68,683
2026-08-30T20:11:18+00:00,NVIDIA H200 NVL,143771,1027,0,0,33,97.78,2063872,53394,1615286,11.13,683
2026-08-30T20:11:48+00:00,NVIDIA H200 NVL,143771,1027,0,0,33,97.74,2063872,55228,1613452,16.39,683
2026-08-30T20:12:18+00:00,NVIDIA H200 NVL,143771,1015,12,1,34,108.11,2063872,53229,1615450,22.81,683
2026-08-30T20:12:48+00:00,NVIDIA H200 NVL,143771,999,12,1,34,109.55,2063872,53200,1615479,30.52,683
2026-08-30T20:13:18+00:00,NVIDIA H200 NVL,143771,999,12,1,34,108.38,2063872,53167,1615513,19.09,683
2026-08-30T20:13:48+00:00,NVIDIA H200 NVL,143771,1001,12,1,34,108.02,2063872,53183,1615497,12.40,683
2026-08-30T20:14:18+00:00,NVIDIA H200 NVL,143771,1001,12,1,34,109.25,2063872,53175,1615504,13.10,683
2026-08-30T20:14:48+00:00,NVIDIA H200 NVL,143771,1003,12,1,34,108.53,2063872,53159,1615520,8.54,683
2026-08-30T20:15:18+00:00,NVIDIA H200 NVL,143771,1005,13,1,34,108.83,2063872,53207,1615472,5.77,683
2026-08-30T20:15:48+00:00,NVIDIA H200 NVL,143771,1005,13,1,34,109.06,2063872,53187,1615492,4.10,683
2026-08-30T20:16:18+00:00,NVIDIA H200 NVL,143771,1009,13,1,34,108.86,2063872,53181,1615499,10.18,683
2026-08-30T20:16:48+00:00,NVIDIA H200 NVL,143771,1009,14,1,34,107.30,2063872,53518,1615162,6.90,683
2026-08-30T20:17:18+00:00,NVIDIA H200 NVL,143771,1011,12,1,34,109.50,2063872,53183,1615497,11.22,683
2026-08-30T20:17:48+00:00,NVIDIA H200 NVL,143771,1015,13,1,34,109.12,2063872,53217,1615463,7.40,683
2026-08-30T20:18:18+00:00,NVIDIA H200 NVL,143771,1015,13,1,34,107.91,2063872,53217,1615462,16.13,683
2026-08-30T20:18:49+00:00,NVIDIA H200 NVL,143771,1017,13,1,34,108.94,2063872,53221,1615458,18.61,683
2026-08-30T20:19:19+00:00,NVIDIA H200 NVL,143771,1019,13,1,34,108.65,2063872,53289,1615390,11.93,683
2026-08-30T20:19:49+00:00,NVIDIA H200 NVL,143771,1019,12,1,34,108.93,2063872,53209,1615470,17.87,683
2026-08-30T20:20:19+00:00,NVIDIA H200 NVL,143771,1023,12,1,34,108.63,2063872,53170,1615507,19.37,683
2026-08-30T20:20:49+00:00,NVIDIA H200 NVL,143771,1023,13,1,34,109.49,2063872,53119,1615559,20.76,683
2026-08-30T20:21:19+00:00,NVIDIA H200 NVL,143771,1025,12,1,34,110.45,2063872,53129,1615549,13.24,683
2026-08-30T20:21:49+00:00,NVIDIA H200 NVL,143771,1029,12,1,34,108.50,2063872,53139,1615540,8.68,683
2026-08-30T20:22:19+00:00,NVIDIA H200 NVL,143771,1029,14,1,34,108.74,2063872,53141,1615537,13.80,683
2026-08-30T20:22:49+00:00,NVIDIA H200 NVL,143771,1031,13,1,34,108.48,2063872,53134,1615544,15.59,683
2026-08-30T20:23:19+00:00,NVIDIA H200 NVL,143771,1035,12,1,34,106.58,2063872,53200,1615479,15.20,683
2026-08-30T20:23:49+00:00,NVIDIA H200 NVL,143771,1035,13,1,34,108.49,2063872,53125,1615553,24.73,683
2026-08-30T20:24:19+00:00,NVIDIA H200 NVL,143771,1037,12,1,34,108.39,2063872,53149,1615529,18.59,683
2026-08-30T20:24:49+00:00,NVIDIA H200 NVL,143771,1037,12,1,34,109.05,2063872,53164,1615514,17.74,683
2026-08-30T20:25:19+00:00,NVIDIA H200 NVL,143771,1039,13,1,34,108.82,2063872,53149,1615529,13.11,683
2026-08-30T20:25:49+00:00,NVIDIA H200 NVL,143771,1043,12,1,34,108.26,2063872,53192,1615486,12.88,683
2026-08-30T20:26:19+00:00,NVIDIA H200 NVL,143771,1043,12,1,34,110.14,2063872,53166,1615512,8.41,683
2026-08-30T20:26:49+00:00,NVIDIA H200 NVL,143771,1045,13,1,34,108.40,2063872,53165,1615513,15.25,683
2026-08-30T20:27:19+00:00,NVIDIA H200 NVL,143771,1045,13,1,34,108.92,2063872,53146,1615532,14.64,683
2026-08-30T20:27:49+00:00,NVIDIA H200 NVL,143771,1049,12,1,34,108.76,2063872,53141,1615538,9.47,683
2026-08-30T20:28:20+00:00,NVIDIA H200 NVL,143771,1051,13,1,34,108.13,2063872,53157,1615521,17.35,683
2026-08-30T20:28:50+00:00,NVIDIA H200 NVL,143771,1051,12,1,34,109.24,2063872,53147,1615531,11.30,683
2026-08-30T20:29:20+00:00,NVIDIA H200 NVL,143771,1053,12,1,34,106.56,2063872,53138,1615540,11.97,683
2026-08-30T20:29:50+00:00,NVIDIA H200 NVL,143771,1053,12,1,34,108.39,2063872,53116,1615563,13.30,683
2026-08-30T20:30:20+00:00,NVIDIA H200 NVL,143771,1057,12,1,34,108.61,2063872,53211,1615465,13.46,683
2026-08-30T20:30:50+00:00,NVIDIA H200 NVL,143771,1059,12,1,34,108.29,2063872,53217,1615460,8.69,683
2026-08-30T20:31:20+00:00,NVIDIA H200 NVL,143771,1059,12,1,34,108.33,2063872,53173,1615505,6.00,683
2026-08-30T20:31:50+00:00,NVIDIA H200 NVL,143771,1061,13,1,34,108.09,2063872,53170,1615508,4.15,683
2026-08-30T20:32:20+00:00,NVIDIA H200 NVL,143771,1061,12,1,34,108.17,2063872,53178,1615499,3.06,683
2026-08-30T20:32:50+00:00,NVIDIA H200 NVL,143771,1065,12,1,34,109.82,2063872,53180,1615498,6.62,683
2026-08-30T20:33:20+00:00,NVIDIA H200 NVL,143771,1067,13,1,34,109.90,2063872,53178,1615500,4.59,683
2026-08-30T20:33:50+00:00,NVIDIA H200 NVL,143771,1067,12,1,34,108.18,2063872,53158,1615520,3.24,683
2026-08-30T20:34:20+00:00,NVIDIA H200 NVL,143771,1069,12,1,34,109.42,2063872,53176,1615501,2.57,683
2026-08-30T20:34:51+00:00,NVIDIA H200 NVL,143771,1069,13,1,34,108.43,2063872,53159,1615519,2.07,683
2026-08-30T20:35:21+00:00,NVIDIA H200 NVL,143771,1073,13,1,34,107.93,2063872,53161,1615517,1.79,683
2026-08-30T20:35:51+00:00,NVIDIA H200 NVL,143771,1075,12,1,34,109.74,2063872,53181,1615497,1.59,683
2026-08-30T20:36:21+00:00,NVIDIA H200 NVL,143771,1075,13,1,34,109.02,2063872,53160,1615518,1.36,683
2026-08-30T20:36:51+00:00,NVIDIA H200 NVL,143771,1077,12,1,34,107.28,2063872,53105,1615572,1.30,683
2026-08-30T20:37:21+00:00,NVIDIA H200 NVL,143771,1077,15,1,34,108.97,2063872,53117,1615561,1.45,683
2026-08-30T20:37:51+00:00,NVIDIA H200 NVL,143771,1081,13,1,34,109.11,2063872,53140,1615538,1.33,683
2026-08-30T20:38:21+00:00,NVIDIA H200 NVL,143771,1083,12,1,34,108.51,2063872,53185,1615492,1.27,683
2026-08-30T20:38:51+00:00,NVIDIA H200 NVL,143771,1083,12,1,34,108.67,2063872,53148,1615529,1.30,683
2026-08-30T20:39:21+00:00,NVIDIA H200 NVL,143771,1085,13,1,34,109.36,2063872,53165,1615513,1.25,683
2026-08-30T20:39:51+00:00,NVIDIA H200 NVL,143771,1085,13,1,34,108.80,2063872,53160,1615517,1.26,683
2026-08-30T20:40:21+00:00,NVIDIA H200 NVL,143771,1089,12,1,34,109.23,2063872,53019,1615656,1.29,683
2026-08-30T20:40:51+00:00,NVIDIA H200 NVL,143771,1091,13,1,34,108.99,2063872,53019,1615658,1.41,683
2026-08-30T20:41:21+00:00,NVIDIA H200 NVL,143771,1091,12,1,34,108.17,2063872,53012,1615665,1.65,683
2026-08-30T20:41:51+00:00,NVIDIA H200 NVL,143771,1093,14,1,34,108.55,2063872,53041,1615636,1.60,683
2026-08-30T20:42:21+00:00,NVIDIA H200 NVL,143771,1093,0,0,34,107.48,2063872,53394,1615283,1.70,683
2026-08-30T20:42:51+00:00,NVIDIA H200 NVL,143771,1097,12,1,34,108.49,2063872,53055,1615622,1.69,683
2026-08-30T20:43:21+00:00,NVIDIA H200 NVL,143771,1099,12,1,34,107.84,2063872,53073,1615604,5.78,683
2026-08-30T20:43:51+00:00,NVIDIA H200 NVL,143771,1099,12,1,34,109.72,2063872,53090,1615587,8.98,683
2026-08-30T20:44:22+00:00,NVIDIA H200 NVL,143771,1101,12,1,34,108.21,2063872,53113,1615564,6.02,683
2026-08-30T20:44:52+00:00,NVIDIA H200 NVL,143771,1101,7,1,34,108.14,2063872,52945,1615732,8.49,683
2026-08-30T20:45:22+00:00,NVIDIA H200 NVL,143771,901,43,1,35,124.57,2063872,53229,1615447,6.06,683
2026-08-30T20:45:52+00:00,NVIDIA H200 NVL,143771,901,42,1,35,125.05,2063872,53195,1615481,4.06,683
2026-08-30T20:46:22+00:00,NVIDIA H200 NVL,143771,901,43,1,36,124.66,2063872,53197,1615479,2.86,683
2026-08-30T20:46:52+00:00,NVIDIA H200 NVL,143771,901,42,1,36,124.28,2063872,53183,1615494,2.18,683
2026-08-30T20:47:22+00:00,NVIDIA H200 NVL,143771,901,42,1,36,124.30,2063872,53203,1615473,1.71,683
2026-08-30T20:47:52+00:00,NVIDIA H200 NVL,143771,901,43,1,36,124.86,2063872,53227,1615449,2.08,683
2026-08-30T20:48:22+00:00,NVIDIA H200 NVL,143771,901,42,1,36,125.03,2063872,53200,1615476,1.76,683
2026-08-30T20:48:52+00:00,NVIDIA H200 NVL,143771,901,41,1,36,124.89,2063872,53180,1615496,1.58,683
2026-08-30T20:49:22+00:00,NVIDIA H200 NVL,143771,901,43,1,36,124.97,2063872,53164,1615513,1.42,683
2026-08-30T20:49:52+00:00,NVIDIA H200 NVL,143771,901,42,1,36,124.98,2063872,53147,1615529,1.44,683
2026-08-30T20:50:22+00:00,NVIDIA H200 NVL,143771,901,42,1,36,124.91,2063872,53102,1615572,1.65,683
2026-08-30T20:50:52+00:00,NVIDIA H200 NVL,143771,901,42,1,36,124.21,2063872,53066,1615610,1.39,683
2026-08-30T20:51:22+00:00,NVIDIA H200 NVL,143771,901,43,1,36,124.50,2063872,53050,1615626,1.30,683
2026-08-30T20:51:52+00:00,NVIDIA H200 NVL,143771,901,43,1,36,124.68,2063872,53074,1615602,1.18,683
2026-08-30T20:52:22+00:00,NVIDIA H200 NVL,143771,901,43,1,36,124.85,2063872,53077,1615598,1.36,683
2026-08-30T20:52:52+00:00,NVIDIA H200 NVL,143771,901,43,1,36,124.97,2063872,53096,1615580,1.22,683
2026-08-30T20:53:22+00:00,NVIDIA H200 NVL,143771,901,43,1,36,125.62,2063872,53116,1615559,1.19,683
2026-08-30T20:53:53+00:00,NVIDIA H200 NVL,143771,903,42,1,36,125.19,2063872,53125,1615551,1.25,683
2026-08-30T20:54:23+00:00,NVIDIA H200 NVL,143771,903,42,1,36,121.77,2063872,53195,1615481,1.23,683
2026-08-30T20:54:53+00:00,NVIDIA H200 NVL,143771,903,42,1,36,125.03,2063872,53161,1615514,1.14,683
2026-08-30T20:55:23+00:00,NVIDIA H200 NVL,143771,903,41,1,36,124.47,2063872,53195,1615481,1.14,683
2026-08-30T20:55:53+00:00,NVIDIA H200 NVL,143771,903,41,1,36,124.19,2063872,53199,1615476,1.16,683
2026-08-30T20:56:23+00:00,NVIDIA H200 NVL,143771,903,0,0,34,98.08,2063872,53190,1615485,1.35,683
2026-08-30T20:56:53+00:00,NVIDIA H200 NVL,143771,903,0,0,33,97.93,2063872,53157,1615518,1.21,683
2026-08-30T20:57:23+00:00,NVIDIA H200 NVL,143771,903,0,0,33,97.82,2063872,53021,1615654,2.14,683
2026-08-30T20:57:54+00:00,NVIDIA H200 NVL,143771,881,19,0,34,107.78,2063872,53353,1615322,1.81,683
2026-08-30T20:58:24+00:00,NVIDIA H200 NVL,143771,881,20,0,35,116.69,2063872,53275,1615400,1.56,683
2026-08-30T20:58:54+00:00,NVIDIA H200 NVL,143771,883,20,0,35,116.06,2063872,53288,1615387,1.51,683
2026-08-30T20:59:24+00:00,NVIDIA H200 NVL,143771,883,0,0,34,111.47,2063872,53379,1615296,1.38,683
2026-08-30T20:59:54+00:00,NVIDIA H200 NVL,143771,885,20,0,35,116.56,2063872,53323,1615352,1.23,683
2026-08-30T21:00:24+00:00,NVIDIA H200 NVL,143771,885,20,0,35,115.79,2063872,53293,1615379,1.36,683
2026-08-30T21:00:54+00:00,NVIDIA H200 NVL,143771,885,20,0,35,116.44,2063872,53103,1615571,1.33,683
2026-08-30T21:01:24+00:00,NVIDIA H200 NVL,143771,887,20,0,35,116.27,2063872,53233,1615442,1.20,683
2026-08-30T21:01:54+00:00,NVIDIA H200 NVL,143771,887,20,0,35,115.92,2063872,53241,1615433,1.12,683
2026-08-30T21:02:24+00:00,NVIDIA H200 NVL,143771,889,20,0,34,113.75,2063872,53533,1615141,1.02,683
2026-08-30T21:02:54+00:00,NVIDIA H200 NVL,143771,889,19,0,35,116.34,2063872,53228,1615446,1.12,683
2026-08-30T21:03:24+00:00,NVIDIA H200 NVL,143771,891,20,0,35,116.55,2063872,53249,1615425,1.07,683
2026-08-30T21:03:54+00:00,NVIDIA H200 NVL,143771,891,20,0,35,116.54,2063872,53341,1615333,1.04,683
2026-08-30T21:04:24+00:00,NVIDIA H200 NVL,143771,893,20,0,35,116.43,2063872,53265,1615409,1.09,683
2026-08-30T21:04:54+00:00,NVIDIA H200 NVL,143771,893,20,0,35,116.24,2063872,53246,1615429,0.99,683
2026-08-30T21:05:24+00:00,NVIDIA H200 NVL,143771,893,20,0,35,116.32,2063872,53232,1615443,1.00,683
2026-08-30T21:05:54+00:00,NVIDIA H200 NVL,143771,895,20,0,35,116.27,2063872,53247,1615428,1.00,683
2026-08-30T21:06:24+00:00,NVIDIA H200 NVL,143771,895,0,0,34,98.02,2063872,53273,1615401,1.20,683
2026-08-30T21:06:54+00:00,NVIDIA H200 NVL,143771,895,0,0,33,97.86,2063872,53122,1615552,1.32,683
2026-08-30T21:07:25+00:00,NVIDIA H200 NVL,143771,895,0,0,33,97.81,2063872,53063,1615611,2.96,683
2026-08-30T21:07:55+00:00,NVIDIA H200 NVL,143771,895,0,0,33,97.65,2063872,55211,1613463,2.56,683
2026-08-30T21:08:25+00:00,NVIDIA H200 NVL,143771,995,14,1,33,107.76,2063872,53720,1614953,2.35,683
2026-08-30T21:08:55+00:00,NVIDIA H200 NVL,143771,999,14,1,34,108.60,2063872,53532,1615141,1.96,683
2026-08-30T21:09:25+00:00,NVIDIA H200 NVL,143771,1001,12,1,34,107.77,2063872,53511,1615161,1.58,683
2026-08-30T21:09:55+00:00,NVIDIA H200 NVL,143771,1007,12,1,34,107.61,2063872,53572,1615101,9.35,683
2026-08-30T21:10:25+00:00,NVIDIA H200 NVL,143771,1009,13,1,34,108.96,2063872,53449,1615222,6.30,683
2026-08-30T21:10:55+00:00,NVIDIA H200 NVL,143771,1011,13,1,34,108.51,2063872,53382,1615291,4.35,683
2026-08-30T21:11:25+00:00,NVIDIA H200 NVL,143771,1015,13,1,34,109.15,2063872,53373,1615299,3.14,683
2026-08-30T21:11:55+00:00,NVIDIA H200 NVL,143771,1019,13,1,34,108.90,2063872,53398,1615274,2.29,683
2026-08-30T21:12:25+00:00,NVIDIA H200 NVL,143771,1023,12,1,34,108.14,2063872,53398,1615274,2.07,683
2026-08-30T21:12:55+00:00,NVIDIA H200 NVL,143771,1025,11,1,34,109.22,2063872,53424,1615248,1.73,683
2026-08-30T21:13:25+00:00,NVIDIA H200 NVL,143771,1031,11,1,34,108.33,2063872,53420,1615253,1.50,683
2026-08-30T21:13:55+00:00,NVIDIA H200 NVL,143771,1033,13,1,34,107.73,2063872,53410,1615263,1.36,683
2026-08-30T21:14:25+00:00,NVIDIA H200 NVL,143771,1035,12,1,34,108.61,2063872,53438,1615234,1.28,683
2026-08-30T21:14:55+00:00,NVIDIA H200 NVL,143771,1039,12,1,34,107.07,2063872,53439,1615234,1.24,683
2026-08-30T21:15:25+00:00,NVIDIA H200 NVL,143771,1041,13,1,34,108.21,2063872,53444,1615229,1.31,683
2026-08-30T21:15:55+00:00,NVIDIA H200 NVL,143771,1045,11,1,34,108.90,2063872,53471,1615201,1.19,683
2026-08-30T21:16:25+00:00,NVIDIA H200 NVL,143771,1049,12,1,34,108.32,2063872,53473,1615199,1.22,683
2026-08-30T21:16:56+00:00,NVIDIA H200 NVL,143771,1051,14,1,34,108.88,2063872,53472,1615200,12.67,683
2026-08-30T21:17:26+00:00,NVIDIA H200 NVL,143771,1053,11,1,34,108.01,2063872,53453,1615220,8.07,683
2026-08-30T21:17:56+00:00,NVIDIA H200 NVL,143771,1057,12,1,34,108.35,2063872,53471,1615202,5.28,683
2026-08-30T21:18:26+00:00,NVIDIA H200 NVL,143771,1059,15,1,34,108.43,2063872,53457,1615216,3.59,683
2026-08-30T21:18:56+00:00,NVIDIA H200 NVL,143771,1065,13,1,34,108.17,2063872,53477,1615196,2.89,683
2026-08-30T21:19:26+00:00,NVIDIA H200 NVL,143771,1067,12,1,34,107.69,2063872,53472,1615200,2.19,683
2026-08-30T21:19:56+00:00,NVIDIA H200 NVL,143771,1069,13,1,34,107.35,2063872,53472,1615200,1.72,683
2026-08-30T21:20:26+00:00,NVIDIA H200 NVL,143771,1073,10,1,34,108.82,2063872,53462,1615209,7.34,683
2026-08-30T21:20:56+00:00,NVIDIA H200 NVL,143771,1075,12,1,34,107.33,2063872,53408,1615264,4.92,683
2026-08-30T21:21:26+00:00,NVIDIA H200 NVL,143771,1081,11,1,34,105.89,2063872,53453,1615219,3.43,683
2026-08-30T21:21:56+00:00,NVIDIA H200 NVL,143771,1083,12,1,34,108.35,2063872,53432,1615240,2.53,683
2026-08-30T21:22:26+00:00,NVIDIA H200 NVL,143771,1085,12,1,34,107.41,2063872,53438,1615234,1.93,683
2026-08-30T21:22:56+00:00,NVIDIA H200 NVL,143771,1089,13,1,34,107.53,2063872,53438,1615234,1.71,683
2026-08-30T21:23:27+00:00,NVIDIA H200 NVL,143771,1091,12,1,34,107.32,2063872,53422,1615250,1.48,683
2026-08-30T21:23:57+00:00,NVIDIA H200 NVL,143771,1093,12,1,34,108.06,2063872,53439,1615233,1.29,683
2026-08-30T21:24:27+00:00,NVIDIA H200 NVL,143771,1099,11,1,34,108.98,2063872,53452,1615220,1.17,683
2026-08-30T21:24:57+00:00,NVIDIA H200 NVL,143771,1099,0,0,33,97.90,2063872,53481,1615191,1.41,683
2026-08-30T21:25:27+00:00,NVIDIA H200 NVL,143771,1099,0,0,33,97.96,2063872,55566,1613105,1.83,683
2026-08-30T21:25:57+00:00,NVIDIA H200 NVL,143771,901,42,1,35,122.10,2063872,53562,1615109,1.66,683
2026-08-30T21:26:27+00:00,NVIDIA H200 NVL,143771,901,42,1,35,123.39,2063872,53524,1615147,1.40,683
2026-08-30T21:26:57+00:00,NVIDIA H200 NVL,143771,901,40,1,35,123.07,2063872,53504,1615167,1.43,683
2026-08-30T21:27:27+00:00,NVIDIA H200 NVL,143771,901,41,1,35,123.54,2063872,53533,1615138,1.31,683
2026-08-30T21:27:57+00:00,NVIDIA H200 NVL,143771,903,0,0,35,117.55,2063872,53522,1615149,10.30,683
2026-08-30T21:28:27+00:00,NVIDIA H200 NVL,143771,903,41,1,35,123.58,2063872,53491,1615180,6.71,683
2026-08-30T21:28:57+00:00,NVIDIA H200 NVL,143771,903,42,1,36,118.66,2063872,53517,1615154,4.54,683
2026-08-30T21:29:27+00:00,NVIDIA H200 NVL,143771,903,42,1,36,123.13,2063872,53463,1615208,3.14,683
2026-08-30T21:29:57+00:00,NVIDIA H200 NVL,143771,903,41,1,36,122.80,2063872,53494,1615177,2.37,683
2026-08-30T21:30:27+00:00,NVIDIA H200 NVL,143771,903,42,1,36,123.83,2063872,53349,1615320,2.12,683
2026-08-30T21:30:57+00:00,NVIDIA H200 NVL,143771,903,42,1,35,124.33,2063872,53394,1615277,1.68,683
2026-08-30T21:31:27+00:00,NVIDIA H200 NVL,143771,903,0,0,34,98.37,2063872,55252,1613417,1.84,683
2026-08-30T21:31:57+00:00,NVIDIA H200 NVL,143771,903,0,0,33,97.81,2063872,53876,1614793,6.95,683
2026-08-30T21:32:27+00:00,NVIDIA H200 NVL,143771,903,0,0,33,97.77,2063872,53473,1615196,5.16,683
2026-08-30T21:32:58+00:00,NVIDIA H200 NVL,143771,903,0,0,33,97.78,2063872,53404,1615265,3.94,683
2026-08-30T21:33:28+00:00,NVIDIA H200 NVL,143771,903,0,0,33,97.79,2063872,53359,1615310,2.83,683
2026-08-30T21:33:58+00:00,NVIDIA H200 NVL,143771,903,0,0,33,97.75,2063872,53371,1615298,2.24,683
2026-08-30T21:34:28+00:00,NVIDIA H200 NVL,143771,903,0,0,33,97.51,2063872,53335,1615334,2.16,683
2026-08-30T21:34:58+00:00,NVIDIA H200 NVL,143771,881,20,0,33,115.52,2063872,53943,1614726,2.23,683
2026-08-30T21:35:28+00:00,NVIDIA H200 NVL,143771,883,19,0,34,115.23,2063872,53600,1615069,1.86,683
2026-08-30T21:35:58+00:00,NVIDIA H200 NVL,143771,883,17,0,34,115.69,2063872,53537,1615132,1.59,683
2026-08-30T21:36:28+00:00,NVIDIA H200 NVL,143771,885,20,0,35,116.16,2063872,53513,1615156,1.48,683
2026-08-30T21:36:58+00:00,NVIDIA H200 NVL,143771,887,0,0,34,113.60,2063872,53574,1615094,1.29,683
2026-08-30T21:37:28+00:00,NVIDIA H200 NVL,143771,889,20,0,35,115.93,2063872,53492,1615176,1.36,683
2026-08-30T21:37:58+00:00,NVIDIA H200 NVL,143771,891,20,0,35,111.50,2063872,53536,1615133,1.29,683
2026-08-30T21:38:28+00:00,NVIDIA H200 NVL,143771,893,19,0,35,116.05,2063872,53468,1615200,1.26,683
2026-08-30T21:38:58+00:00,NVIDIA H200 NVL,143771,893,20,0,35,115.19,2063872,53512,1615157,1.15,683
2026-08-30T21:39:28+00:00,NVIDIA H200 NVL,143771,895,0,0,34,98.19,2063872,53157,1615511,1.52,683
2026-08-30T21:39:58+00:00,NVIDIA H200 NVL,143771,895,0,0,33,97.64,2063872,55576,1613092,1.99,683
2026-08-30T21:40:28+00:00,NVIDIA H200 NVL,143771,895,0,0,33,97.95,2063872,53453,1615212,6.08,683
2026-08-30T21:40:58+00:00,NVIDIA H200 NVL,143771,895,0,0,33,97.65,2063872,53402,1615265,4.08,683
2026-08-30T21:41:28+00:00,NVIDIA H200 NVL,143771,895,0,0,33,97.60,2063872,53343,1615324,2.94,683
2026-08-30T21:41:59+00:00,NVIDIA H200 NVL,143771,895,0,0,33,97.68,2063872,53317,1615350,2.18,683
2026-08-30T21:42:29+00:00,NVIDIA H200 NVL,143771,895,0,0,33,97.69,2063872,54035,1614632,3.51,683
2026-08-30T21:42:59+00:00,NVIDIA H200 NVL,143771,991,13,1,33,108.76,2063872,53464,1615202,2.65,683
2026-08-30T21:43:29+00:00,NVIDIA H200 NVL,143771,995,13,1,34,108.54,2063872,53297,1615369,2.00,683
2026-08-30T21:43:59+00:00,NVIDIA H200 NVL,143771,995,12,1,34,108.35,2063872,53270,1615396,1.61,683
2026-08-30T21:44:29+00:00,NVIDIA H200 NVL,143771,997,13,1,34,109.19,2063872,53276,1615389,3.52,683
2026-08-30T21:44:59+00:00,NVIDIA H200 NVL,143771,999,13,1,34,108.49,2063872,53258,1615408,2.58,683
2026-08-30T21:45:29+00:00,NVIDIA H200 NVL,143771,1003,13,1,34,108.86,2063872,53253,1615412,2.04,683
2026-08-30T21:45:59+00:00,NVIDIA H200 NVL,143771,1005,13,1,34,108.87,2063872,53243,1615422,1.68,683
2026-08-30T21:46:29+00:00,NVIDIA H200 NVL,143771,1005,17,1,34,108.55,2063872,53220,1615446,5.77,683
2026-08-30T21:46:59+00:00,NVIDIA H200 NVL,143771,1007,13,1,34,108.56,2063872,53205,1615461,3.89,683
2026-08-30T21:47:29+00:00,NVIDIA H200 NVL,143771,1011,10,1,34,108.58,2063872,53226,1615440,12.70,683
2026-08-30T21:47:59+00:00,NVIDIA H200 NVL,143771,1013,12,1,34,109.17,2063872,53217,1615448,8.09,683
2026-08-30T21:48:29+00:00,NVIDIA H200 NVL,143771,1015,14,1,34,108.92,2063872,53238,1615427,5.69,683
2026-08-30T21:48:59+00:00,NVIDIA H200 NVL,143771,1015,12,1,34,108.99,2063872,53211,1615455,3.90,683
2026-08-30T21:49:29+00:00,NVIDIA H200 NVL,143771,1019,14,1,34,108.60,2063872,53208,1615458,2.87,683
2026-08-30T21:49:59+00:00,NVIDIA H200 NVL,143771,1021,12,1,34,108.13,2063872,53194,1615472,2.13,683
2026-08-30T21:50:29+00:00,NVIDIA H200 NVL,143771,1023,12,1,34,108.57,2063872,53094,1615570,1.86,683
2026-08-30T21:51:00+00:00,NVIDIA H200 NVL,143771,1027,13,1,34,108.34,2063872,53126,1615539,1.52,683
2026-08-30T21:51:30+00:00,NVIDIA H200 NVL,143771,1027,0,0,34,105.40,2063872,53158,1615507,1.31,683
2026-08-30T21:52:00+00:00,NVIDIA H200 NVL,143771,1029,12,1,34,108.37,2063872,53153,1615512,1.19,683
2026-08-30T21:52:30+00:00,NVIDIA H200 NVL,143771,1031,13,1,34,108.91,2063872,53134,1615532,1.17,683
2026-08-30T21:53:00+00:00,NVIDIA H200 NVL,143771,1035,12,1,34,108.67,2063872,53141,1615524,1.23,683
2026-08-30T21:53:30+00:00,NVIDIA H200 NVL,143771,1037,12,1,34,109.01,2063872,53130,1615536,1.19,683
2026-08-30T21:54:00+00:00,NVIDIA H200 NVL,143771,1039,12,1,34,108.73,2063872,53127,1615538,1.18,683
2026-08-30T21:54:30+00:00,NVIDIA H200 NVL,143771,1043,12,1,34,109.27,2063872,53127,1615538,1.16,683
2026-08-30T21:55:00+00:00,NVIDIA H200 NVL,143771,1043,12,1,34,109.20,2063872,53134,1615531,1.23,683
2026-08-30T21:55:30+00:00,NVIDIA H200 NVL,143771,1045,14,1,34,109.01,2063872,53128,1615537,1.14,683
2026-08-30T21:56:00+00:00,NVIDIA H200 NVL,143771,1047,13,1,34,108.76,2063872,53123,1615542,7.25,683
2026-08-30T21:56:31+00:00,NVIDIA H200 NVL,143771,1051,12,1,34,108.40,2063872,53149,1615517,4.84,683
2026-08-30T21:57:01+00:00,NVIDIA H200 NVL,143771,1053,12,1,34,108.50,2063872,53146,1615519,3.46,683
2026-08-30T21:57:31+00:00,NVIDIA H200 NVL,143771,1053,12,1,34,108.52,2063872,53151,1615514,2.49,683
2026-08-30T21:58:01+00:00,NVIDIA H200 NVL,143771,1055,13,1,34,108.18,2063872,53155,1615510,1.90,683
2026-08-30T21:58:31+00:00,NVIDIA H200 NVL,143771,1059,12,1,34,107.97,2063872,53145,1615520,1.55,683
2026-08-30T21:59:01+00:00,NVIDIA H200 NVL,143771,1061,13,1,34,108.27,2063872,53151,1615514,1.33,683
2026-08-30T21:59:31+00:00,NVIDIA H200 NVL,143771,1063,13,1,34,108.60,2063872,53198,1615467,1.57,683
2026-08-30T22:00:01+00:00,NVIDIA H200 NVL,143771,1063,15,1,34,110.24,2063872,53378,1615286,1.35,683
2026-08-30T22:00:31+00:00,NVIDIA H200 NVL,143771,1067,13,1,34,108.43,2063872,53058,1615605,1.32,683
2026-08-30T22:01:01+00:00,NVIDIA H200 NVL,143771,1069,14,1,34,108.82,2063872,53056,1615609,1.25,683
2026-08-30T22:01:31+00:00,NVIDIA H200 NVL,143771,1071,12,1,34,109.04,2063872,53075,1615589,1.15,683
2026-08-30T22:02:01+00:00,NVIDIA H200 NVL,143771,1075,12,1,34,107.84,2063872,53106,1615559,1.15,683
2026-08-30T22:02:31+00:00,NVIDIA H200 NVL,143771,1075,13,1,34,108.63,2063872,53072,1615592,1.09,683
2026-08-30T22:03:01+00:00,NVIDIA H200 NVL,143771,1077,12,1,34,108.75,2063872,53075,1615589,1.11,683
2026-08-30T22:03:31+00:00,NVIDIA H200 NVL,143771,1079,12,1,34,108.31,2063872,53077,1615588,1.06,683
2026-08-30T22:04:01+00:00,NVIDIA H200 NVL,143771,1083,12,1,34,108.07,2063872,53091,1615573,1.04,683
2026-08-30T22:04:31+00:00,NVIDIA H200 NVL,143771,1085,13,1,34,107.96,2063872,53092,1615572,1.08,683
2026-08-30T22:05:01+00:00,NVIDIA H200 NVL,143771,1085,14,1,34,108.41,2063872,53086,1615579,1.25,683
2026-08-30T22:05:31+00:00,NVIDIA H200 NVL,143771,1087,12,1,34,108.76,2063872,53120,1615544,1.30,683
2026-08-30T22:06:02+00:00,NVIDIA H200 NVL,143771,1091,13,1,34,109.46,2063872,53141,1615523,1.84,683
2026-08-30T22:06:32+00:00,NVIDIA H200 NVL,143771,1093,12,1,34,107.22,2063872,53156,1615508,2.03,683
2026-08-30T22:07:02+00:00,NVIDIA H200 NVL,143771,1095,12,1,34,108.93,2063872,53188,1615476,1.83,683
2026-08-30T22:07:32+00:00,NVIDIA H200 NVL,143771,1095,13,1,34,108.76,2063872,53176,1615489,1.76,683
2026-08-30T22:08:02+00:00,NVIDIA H200 NVL,143771,909,42,1,34,124.22,2063872,53523,1615141,8.07,683
2026-08-30T22:08:32+00:00,NVIDIA H200 NVL,143771,909,36,1,35,124.21,2063872,53278,1615386,5.36,683
2026-08-30T22:09:02+00:00,NVIDIA H200 NVL,143771,909,37,1,35,119.48,2063872,53339,1615324,3.71,683
2026-08-30T22:09:32+00:00,NVIDIA H200 NVL,143771,909,42,1,36,125.00,2063872,53289,1615375,2.72,683
2026-08-30T22:10:02+00:00,NVIDIA H200 NVL,143771,909,43,1,36,125.14,2063872,53598,1615052,2.09,683
2026-08-30T22:10:32+00:00,NVIDIA H200 NVL,143771,909,42,1,36,124.34,2063872,53306,1615356,1.77,683
2026-08-30T22:11:02+00:00,NVIDIA H200 NVL,143771,909,41,1,36,125.53,2063872,53249,1615414,1.75,683
2026-08-30T22:11:32+00:00,NVIDIA H200 NVL,143771,909,43,1,36,124.20,2063872,53254,1615409,1.72,683
2026-08-30T22:12:02+00:00,NVIDIA H200 NVL,143771,909,42,1,36,125.11,2063872,53232,1615432,1.43,683
2026-08-30T22:12:32+00:00,NVIDIA H200 NVL,143771,911,42,1,36,124.95,2063872,53222,1615441,1.38,683
2026-08-30T22:13:02+00:00,NVIDIA H200 NVL,143771,911,41,1,36,124.87,2063872,53233,1615430,1.39,683
2026-08-30T22:13:32+00:00,NVIDIA H200 NVL,143771,911,42,1,36,125.05,2063872,53195,1615468,1.43,683
2026-08-30T22:14:02+00:00,NVIDIA H200 NVL,143771,911,41,1,36,125.02,2063872,53186,1615477,4.54,683
2026-08-30T22:14:32+00:00,NVIDIA H200 NVL,143771,911,42,1,36,126.04,2063872,53180,1615483,3.23,683
2026-08-30T22:15:02+00:00,NVIDIA H200 NVL,143771,911,42,1,36,124.44,2063872,53203,1615460,2.24,683
2026-08-30T22:15:33+00:00,NVIDIA H200 NVL,143771,911,41,1,36,125.12,2063872,53152,1615511,1.75,683
2026-08-30T22:16:03+00:00,NVIDIA H200 NVL,143771,911,42,1,36,125.19,2063872,53181,1615482,1.59,683
2026-08-30T22:16:33+00:00,NVIDIA H200 NVL,143771,911,0,0,34,98.42,2063872,55337,1613326,1.97,683
2026-08-30T22:17:03+00:00,NVIDIA H200 NVL,143771,911,0,0,34,97.90,2063872,53269,1615394,1.75,683
2026-08-30T22:17:33+00:00,NVIDIA H200 NVL,143771,911,0,0,33,97.83,2063872,53166,1615496,1.45,683
2026-08-30T22:18:03+00:00,NVIDIA H200 NVL,143771,911,0,0,33,97.78,2063872,53127,1615535,1.48,683
2026-08-30T22:18:33+00:00,NVIDIA H200 NVL,143771,897,20,0,34,116.31,2063872,53312,1615350,3.82,683
2026-08-30T22:19:03+00:00,NVIDIA H200 NVL,143771,899,0,0,34,110.27,2063872,53306,1615356,2.76,683
2026-08-30T22:19:33+00:00,NVIDIA H200 NVL,143771,899,19,0,35,109.31,2063872,53320,1615342,3.07,683
2026-08-30T22:20:03+00:00,NVIDIA H200 NVL,143771,901,20,0,35,116.46,2063872,53657,1615002,2.47,683
2026-08-30T22:20:33+00:00,NVIDIA H200 NVL,143771,901,20,0,35,116.67,2063872,53283,1615377,2.00,683
2026-08-30T22:21:03+00:00,NVIDIA H200 NVL,143771,903,20,0,35,116.58,2063872,53183,1615478,1.60,683
2026-08-30T22:21:33+00:00,NVIDIA H200 NVL,143771,903,20,0,35,116.43,2063872,53187,1615475,1.42,683
2026-08-30T22:22:03+00:00,NVIDIA H200 NVL,143771,905,20,0,35,116.26,2063872,53183,1615478,1.17,683
2026-08-30T22:22:33+00:00,NVIDIA H200 NVL,143771,905,19,0,35,116.04,2063872,53162,1615500,1.31,683
2026-08-30T22:23:03+00:00,NVIDIA H200 NVL,143771,907,20,0,35,116.16,2063872,53216,1615446,1.47,683
2026-08-30T22:23:33+00:00,NVIDIA H200 NVL,143771,909,20,0,35,116.97,2063872,53233,1615429,1.80,683
2026-08-30T22:24:03+00:00,NVIDIA H200 NVL,143771,909,20,0,35,116.23,2063872,53234,1615427,1.55,683
2026-08-30T22:24:33+00:00,NVIDIA H200 NVL,143771,911,19,0,35,115.97,2063872,53253,1615408,1.46,683
2026-08-30T22:25:04+00:00,NVIDIA H200 NVL,143771,911,0,0,34,98.01,2063872,55412,1613249,2.10,683
2026-08-30T22:25:34+00:00,NVIDIA H200 NVL,143771,911,0,0,33,97.73,2063872,53247,1615414,8.75,683
2026-08-30T22:26:04+00:00,NVIDIA H200 NVL,143771,911,0,0,33,97.81,2063872,53217,1615444,5.75,683
2026-08-30T22:26:34+00:00,NVIDIA H200 NVL,143771,911,0,0,33,97.49,2063872,53439,1615222,5.56,683
2026-08-30T22:27:04+00:00,NVIDIA H200 NVL,143771,911,0,0,33,97.56,2063872,53678,1614983,4.68,683
2026-08-30T22:27:34+00:00,NVIDIA H200 NVL,143771,1039,12,1,34,108.80,2063872,53757,1614904,3.68,683
2026-08-30T22:28:04+00:00,NVIDIA H200 NVL,143771,1039,12,1,34,107.96,2063872,53554,1615106,2.62,683
2026-08-30T22:28:34+00:00,NVIDIA H200 NVL,143771,1039,12,1,34,108.18,2063872,53584,1615076,2.17,683
2026-08-30T22:29:04+00:00,NVIDIA H200 NVL,143771,1043,11,1,34,109.35,2063872,53531,1615130,8.27,683
2026-08-30T22:29:34+00:00,NVIDIA H200 NVL,143771,1045,12,1,34,107.95,2063872,53513,1615147,5.53,683
2026-08-30T22:30:04+00:00,NVIDIA H200 NVL,143771,1047,13,1,34,108.56,2063872,53790,1614867,3.89,683
2026-08-30T22:30:34+00:00,NVIDIA H200 NVL,143771,1051,13,1,34,108.84,2063872,53507,1615151,6.67,683
2026-08-30T22:31:04+00:00,NVIDIA H200 NVL,143771,1053,15,1,34,108.05,2063872,53494,1615166,4.58,683
2026-08-30T22:31:34+00:00,NVIDIA H200 NVL,143771,1059,12,1,34,108.76,2063872,53543,1615117,6.35,683
2026-08-30T22:32:04+00:00,NVIDIA H200 NVL,143771,1061,13,1,34,107.99,2063872,53535,1615124,4.24,683
2026-08-30T22:32:34+00:00,NVIDIA H200 NVL,143771,1063,13,1,34,108.68,2063872,53508,1615152,7.38,683
2026-08-30T22:33:04+00:00,NVIDIA H200 NVL,143771,1067,13,1,34,107.78,2063872,53474,1615186,4.99,683
2026-08-30T22:33:34+00:00,NVIDIA H200 NVL,143771,1069,12,1,34,108.44,2063872,53467,1615193,3.61,683
2026-08-30T22:34:04+00:00,NVIDIA H200 NVL,143771,1073,12,1,34,108.14,2063872,53491,1615169,2.58,683
2026-08-30T22:34:35+00:00,NVIDIA H200 NVL,143771,1077,14,1,34,108.61,2063872,53471,1615189,2.15,683
2026-08-30T22:35:05+00:00,NVIDIA H200 NVL,143771,1079,12,1,34,108.50,2063872,53443,1615216,1.76,683
2026-08-30T22:35:35+00:00,NVIDIA H200 NVL,143771,1081,13,1,34,108.96,2063872,53421,1615239,1.52,683
2026-08-30T22:36:05+00:00,NVIDIA H200 NVL,143771,1085,12,1,34,108.21,2063872,53426,1615233,1.40,683
2026-08-30T22:36:35+00:00,NVIDIA H200 NVL,143771,1087,12,1,34,108.53,2063872,53434,1615225,1.36,683
2026-08-30T22:37:05+00:00,NVIDIA H200 NVL,143771,1093,12,1,34,108.67,2063872,53438,1615222,1.28,683
2026-08-30T22:37:35+00:00,NVIDIA H200 NVL,143771,1095,12,1,34,108.53,2063872,53410,1615250,1.42,683
2026-08-30T22:38:05+00:00,NVIDIA H200 NVL,143771,1097,14,1,34,108.62,2063872,53410,1615250,1.26,683
2026-08-30T22:38:35+00:00,NVIDIA H200 NVL,143771,1101,12,1,34,108.69,2063872,53418,1615241,1.37,683
2026-08-30T22:39:05+00:00,NVIDIA H200 NVL,143771,1103,12,1,34,108.93,2063872,53399,1615261,1.43,683
2026-08-30T22:39:35+00:00,NVIDIA H200 NVL,143771,1109,14,1,34,105.70,2063872,53454,1615206,1.26,683
2026-08-30T22:40:05+00:00,NVIDIA H200 NVL,143771,1111,14,1,34,109.08,2063872,53852,1614805,1.24,683
2026-08-30T22:40:35+00:00,NVIDIA H200 NVL,143771,1113,13,1,34,108.35,2063872,53432,1615226,1.20,683
2026-08-30T22:41:05+00:00,NVIDIA H200 NVL,143771,1117,12,1,34,108.09,2063872,53398,1615261,1.12,683
2026-08-30T22:41:35+00:00,NVIDIA H200 NVL,143771,1119,13,1,34,108.65,2063872,53420,1615239,1.07,683
2026-08-30T22:42:05+00:00,NVIDIA H200 NVL,143771,1121,19,1,34,108.21,2063872,53421,1615239,1.04,683
2026-08-30T22:42:35+00:00,NVIDIA H200 NVL,143771,1127,9,1,34,105.98,2063872,53480,1615180,1.18,683
2026-08-30T22:43:05+00:00,NVIDIA H200 NVL,143771,1131,12,1,34,108.26,2063872,53432,1615228,1.11,683
2026-08-30T22:43:35+00:00,NVIDIA H200 NVL,143771,1133,11,1,34,108.04,2063872,53459,1615201,1.14,683
2026-08-30T22:44:06+00:00,NVIDIA H200 NVL,143771,1135,12,1,34,106.52,2063872,53472,1615188,1.23,683
2026-08-30T22:44:36+00:00,NVIDIA H200 NVL,143771,1135,0,0,33,97.95,2063872,55526,1613133,2.27,683
2026-08-30T22:45:06+00:00,NVIDIA H200 NVL,143771,1135,41,1,34,123.70,2063872,54028,1614631,2.18,683
2026-08-30T22:45:36+00:00,NVIDIA H200 NVL,143771,1135,39,1,35,122.89,2063872,53665,1614994,1.77,683
2026-08-30T22:46:06+00:00,NVIDIA H200 NVL,143771,1135,33,1,35,123.41,2063872,53549,1615109,1.59,683
2026-08-30T22:46:36+00:00,NVIDIA H200 NVL,143771,1135,40,1,35,123.38,2063872,53517,1615142,2.17,683
2026-08-30T22:47:06+00:00,NVIDIA H200 NVL,143771,1135,37,1,35,122.98,2063872,53511,1615147,1.91,683
2026-08-30T22:47:36+00:00,NVIDIA H200 NVL,143771,1135,44,1,36,122.38,2063872,53513,1615145,1.61,683
2026-08-30T22:48:06+00:00,NVIDIA H200 NVL,143771,1135,42,1,36,124.01,2063872,53487,1615171,1.37,683
2026-08-30T22:48:36+00:00,NVIDIA H200 NVL,143771,1135,41,1,36,123.30,2063872,53488,1615171,1.22,683
2026-08-30T22:49:06+00:00,NVIDIA H200 NVL,143771,1135,42,1,36,123.84,2063872,53445,1615213,1.30,683
2026-08-30T22:49:36+00:00,NVIDIA H200 NVL,143771,1135,35,1,36,122.14,2063872,53431,1615227,1.25,683
2026-08-30T22:50:06+00:00,NVIDIA H200 NVL,143771,1135,41,1,36,120.81,2063872,53871,1614785,1.28,683
2026-08-30T22:50:36+00:00,NVIDIA H200 NVL,143771,1135,42,1,36,123.80,2063872,53424,1615233,1.34,683
2026-08-30T22:51:06+00:00,NVIDIA H200 NVL,143771,1135,0,0,34,97.93,2063872,54226,1614432,1.81,683
2026-08-30T22:51:36+00:00,NVIDIA H200 NVL,143771,1135,0,0,33,97.72,2063872,53763,1614895,1.97,683
2026-08-30T22:52:06+00:00,NVIDIA H200 NVL,143771,1135,0,0,33,97.69,2063872,53520,1615137,1.59,683
2026-08-30T22:52:37+00:00,NVIDIA H200 NVL,143771,1135,0,0,33,97.69,2063872,53478,1615179,4.66,683
2026-08-30T22:53:07+00:00,NVIDIA H200 NVL,143771,1135,0,0,33,97.75,2063872,53447,1615210,3.22,683
2026-08-30T22:53:37+00:00,NVIDIA H200 NVL,143771,1135,0,0,33,97.65,2063872,52973,1615684,2.46,683
2026-08-30T22:54:07+00:00,NVIDIA H200 NVL,143771,1135,0,0,33,97.54,2063872,55429,1613227,9.04,683
2026-08-30T22:54:37+00:00,NVIDIA H200 NVL,143771,1135,0,0,33,111.35,2063872,53863,1614793,6.41,683
2026-08-30T22:55:07+00:00,NVIDIA H200 NVL,143771,1135,18,0,34,114.58,2063872,53559,1615098,4.58,683
2026-08-30T22:55:37+00:00,NVIDIA H200 NVL,143771,1135,19,0,34,115.49,2063872,53538,1615119,3.23,683
2026-08-30T22:56:07+00:00,NVIDIA H200 NVL,143771,1135,19,0,34,115.38,2063872,53588,1615069,2.41,683
2026-08-30T22:56:37+00:00,NVIDIA H200 NVL,143771,1135,19,0,35,114.99,2063872,53577,1615080,1.98,683
2026-08-30T22:57:07+00:00,NVIDIA H200 NVL,143771,1135,19,0,35,118.46,2063872,53533,1615123,1.59,683
2026-08-30T22:57:37+00:00,NVIDIA H200 NVL,143771,1135,19,0,35,115.68,2063872,53527,1615129,1.42,683
2026-08-30T22:58:07+00:00,NVIDIA H200 NVL,143771,1135,19,0,35,115.92,2063872,53558,1615098,1.25,683
2026-08-30T22:58:37+00:00,NVIDIA H200 NVL,143771,1135,19,0,35,115.60,2063872,53470,1615186,1.15,683
2026-08-30T22:59:07+00:00,NVIDIA H200 NVL,143771,1135,0,0,34,98.07,2063872,53669,1614986,1.45,683
2026-08-30T22:59:37+00:00,NVIDIA H200 NVL,143771,1135,0,0,33,97.83,2063872,53670,1614985,1.87,683
2026-08-30T23:00:07+00:00,NVIDIA H200 NVL,143771,1135,0,0,33,97.82,2063872,53790,1614862,1.84,683
2026-08-30T23:00:37+00:00,NVIDIA H200 NVL,143771,1135,0,0,33,97.79,2063872,53385,1615269,1.62,683
2026-08-30T23:01:07+00:00,NVIDIA H200 NVL,143771,1135,0,0,33,97.73,2063872,53354,1615301,1.38,683
2026-08-30T23:01:37+00:00,NVIDIA H200 NVL,143771,1135,0,0,33,97.73,2063872,53349,1615305,1.40,683
2026-08-30T23:02:08+00:00,NVIDIA H200 NVL,143771,1135,0,0,33,97.62,2063872,55302,1613352,3.26,683
2026-08-30T23:02:38+00:00,NVIDIA H200 NVL,143771,1135,0,0,33,97.46,2063872,53873,1614781,2.78,683
2026-08-30T23:03:08+00:00,NVIDIA H200 NVL,143771,1135,14,1,33,107.86,2063872,53629,1615025,2.46,683
2026-08-30T23:03:38+00:00,NVIDIA H200 NVL,143771,1135,0,0,34,106.54,2063872,53653,1615000,2.03,683
2026-08-30T23:04:08+00:00,NVIDIA H200 NVL,143771,1135,13,1,34,108.36,2063872,53574,1615080,1.77,683
2026-08-30T23:04:38+00:00,NVIDIA H200 NVL,143771,1135,12,1,34,108.39,2063872,53542,1615111,1.47,683
2026-08-30T23:05:08+00:00,NVIDIA H200 NVL,143771,1135,12,1,34,108.46,2063872,53519,1615135,1.28,683
2026-08-30T23:05:38+00:00,NVIDIA H200 NVL,143771,1135,14,1,34,109.24,2063872,53515,1615139,1.32,683
2026-08-30T23:06:08+00:00,NVIDIA H200 NVL,143771,1135,14,1,34,108.04,2063872,53483,1615170,1.20,683
2026-08-30T23:06:38+00:00,NVIDIA H200 NVL,143771,1135,12,1,34,108.42,2063872,53506,1615148,1.12,683
2026-08-30T23:07:08+00:00,NVIDIA H200 NVL,143771,1135,12,1,34,107.54,2063872,53516,1615138,1.22,683
2026-08-30T23:07:38+00:00,NVIDIA H200 NVL,143771,1135,12,1,34,107.64,2063872,53512,1615142,1.20,683
2026-08-30T23:08:08+00:00,NVIDIA H200 NVL,143771,1135,12,1,34,108.44,2063872,53465,1615189,1.12,683
2026-08-30T23:08:38+00:00,NVIDIA H200 NVL,143771,1135,12,1,34,108.61,2063872,53469,1615185,1.14,683
2026-08-30T23:09:08+00:00,NVIDIA H200 NVL,143771,1135,12,1,34,108.20,2063872,53484,1615170,1.14,683
2026-08-30T23:09:38+00:00,NVIDIA H200 NVL,143771,1135,12,1,34,108.78,2063872,53492,1615161,1.15,683
2026-08-30T23:10:08+00:00,NVIDIA H200 NVL,143771,1135,12,1,34,108.60,2063872,53884,1614767,1.25,683
2026-08-30T23:10:38+00:00,NVIDIA H200 NVL,143771,1135,12,1,34,108.04,2063872,53492,1615160,1.22,683
2026-08-30T23:11:08+00:00,NVIDIA H200 NVL,143771,1135,12,1,34,107.91,2063872,53444,1615209,1.37,683
2026-08-30T23:11:39+00:00,NVIDIA H200 NVL,143771,1135,13,1,34,108.86,2063872,53446,1615207,1.23,683
2026-08-30T23:12:09+00:00,NVIDIA H200 NVL,143771,1135,12,1,34,108.70,2063872,53452,1615201,1.14,683
2026-08-30T23:12:39+00:00,NVIDIA H200 NVL,143771,1135,12,1,34,108.13,2063872,53412,1615241,1.08,683
2026-08-30T23:13:09+00:00,NVIDIA H200 NVL,143771,1135,13,1,34,107.85,2063872,53385,1615268,1.05,683
2026-08-30T23:13:39+00:00,NVIDIA H200 NVL,143771,1135,13,1,34,108.00,2063872,53413,1615240,1.03,683
2026-08-30T23:14:09+00:00,NVIDIA H200 NVL,143771,1135,13,1,34,108.09,2063872,53412,1615242,8.00,683
2026-08-30T23:14:39+00:00,NVIDIA H200 NVL,143771,1135,11,1,34,108.00,2063872,53414,1615239,5.24,683
2026-08-30T23:15:09+00:00,NVIDIA H200 NVL,143771,1135,13,1,34,108.45,2063872,53419,1615235,3.57,683
2026-08-30T23:15:39+00:00,NVIDIA H200 NVL,143771,1135,12,1,34,108.16,2063872,53422,1615231,2.56,683
2026-08-30T23:16:09+00:00,NVIDIA H200 NVL,143771,1135,12,1,34,107.88,2063872,53401,1615253,2.02,683
2026-08-30T23:16:39+00:00,NVIDIA H200 NVL,143771,1135,13,1,34,108.16,2063872,53383,1615271,5.43,683
2026-08-30T23:17:10+00:00,NVIDIA H200 NVL,143771,1135,13,1,34,108.23,2063872,53393,1615260,3.68,683
2026-08-30T23:17:40+00:00,NVIDIA H200 NVL,143771,1135,1,0,34,106.98,2063872,53436,1615217,2.62,683
2026-08-30T23:18:10+00:00,NVIDIA H200 NVL,143771,1135,11,1,34,108.01,2063872,53433,1615220,1.98,683
2026-08-30T23:18:40+00:00,NVIDIA H200 NVL,143771,1135,14,1,34,108.04,2063872,53422,1615231,1.59,683
2026-08-30T23:19:10+00:00,NVIDIA H200 NVL,143771,1135,12,1,34,108.24,2063872,53439,1615214,1.54,683
2026-08-30T23:19:40+00:00,NVIDIA H200 NVL,143771,1135,13,1,34,107.72,2063872,53441,1615212,1.33,683
2026-08-30T23:20:10+00:00,NVIDIA H200 NVL,143771,1135,0,0,33,97.95,2063872,53202,1615448,1.76,683
2026-08-30T23:20:40+00:00,NVIDIA H200 NVL,143771,1135,41,1,34,124.36,2063872,53901,1614749,2.09,683
2026-08-30T23:21:10+00:00,NVIDIA H200 NVL,143771,1135,42,1,35,123.31,2063872,53628,1615024,1.73,683
2026-08-30T23:21:40+00:00,NVIDIA H200 NVL,143771,1135,41,1,35,123.69,2063872,53540,1615111,1.51,683
2026-08-30T23:22:10+00:00,NVIDIA H200 NVL,143771,1135,42,1,35,123.87,2063872,53541,1615111,1.25,683
2026-08-30T23:22:40+00:00,NVIDIA H200 NVL,143771,1135,28,1,35,120.43,2063872,53607,1615045,1.15,683
2026-08-30T23:23:10+00:00,NVIDIA H200 NVL,143771,1135,41,1,35,124.22,2063872,53509,1615142,1.14,683
2026-08-30T23:23:41+00:00,NVIDIA H200 NVL,143771,1135,41,1,35,124.02,2063872,53530,1615122,1.08,683
2026-08-30T23:24:11+00:00,NVIDIA H200 NVL,143771,1135,51,1,36,128.61,2063872,53507,1615144,1.26,683
2026-08-30T23:24:41+00:00,NVIDIA H200 NVL,143771,1135,38,1,36,123.83,2063872,53509,1615142,1.28,683
2026-08-30T23:25:11+00:00,NVIDIA H200 NVL,143771,1135,41,1,36,124.22,2063872,53519,1615133,1.22,683
2026-08-30T23:25:41+00:00,NVIDIA H200 NVL,143771,1135,33,1,35,117.44,2063872,53526,1615125,1.19,683
2026-08-30T23:26:11+00:00,NVIDIA H200 NVL,143771,1135,0,0,35,98.44,2063872,53928,1614723,1.11,683
2026-08-30T23:26:41+00:00,NVIDIA H200 NVL,143771,1135,0,0,33,97.82,2063872,53417,1615233,1.84,683
2026-08-30T23:27:11+00:00,NVIDIA H200 NVL,143771,1135,0,0,33,97.74,2063872,53777,1614874,1.76,683
2026-08-30T23:27:41+00:00,NVIDIA H200 NVL,143771,1135,0,0,33,97.93,2063872,53560,1615090,1.53,683
2026-08-30T23:28:11+00:00,NVIDIA H200 NVL,143771,1135,0,0,33,97.83,2063872,53510,1615140,1.44,683
2026-08-30T23:28:41+00:00,NVIDIA H200 NVL,143771,1135,0,0,33,97.84,2063872,53492,1615158,1.39,683
2026-08-30T23:29:11+00:00,NVIDIA H200 NVL,143771,1135,0,0,33,97.88,2063872,54042,1614608,1.55,683
2026-08-30T23:29:41+00:00,NVIDIA H200 NVL,143771,1135,0,0,33,97.73,2063872,54141,1614509,2.65,683
2026-08-30T23:30:11+00:00,NVIDIA H200 NVL,143771,1135,18,0,34,115.11,2063872,53771,1614876,2.53,683
2026-08-30T23:30:41+00:00,NVIDIA H200 NVL,143771,1135,19,0,34,115.58,2063872,53577,1615071,2.07,683
2026-08-30T23:31:11+00:00,NVIDIA H200 NVL,143771,1135,20,0,34,111.05,2063872,53548,1615100,8.69,683
2026-08-30T23:31:41+00:00,NVIDIA H200 NVL,143771,1135,19,0,35,115.44,2063872,53557,1615092,5.73,683
2026-08-30T23:32:11+00:00,NVIDIA H200 NVL,143771,1135,19,0,34,111.81,2063872,53564,1615085,3.94,683
2026-08-30T23:32:41+00:00,NVIDIA H200 NVL,143771,1135,19,0,35,116.15,2063872,53516,1615133,2.86,683
2026-08-30T23:33:12+00:00,NVIDIA H200 NVL,143771,1135,16,0,34,111.39,2063872,53530,1615119,2.12,683
2026-08-30T23:33:42+00:00,NVIDIA H200 NVL,143771,1135,20,0,35,115.58,2063872,53515,1615134,1.68,683
2026-08-30T23:34:12+00:00,NVIDIA H200 NVL,143771,1135,7,0,34,112.34,2063872,53555,1615094,1.49,683
2026-08-30T23:34:42+00:00,NVIDIA H200 NVL,143771,1135,0,0,33,98.01,2063872,53382,1615266,2.10,683
2026-08-30T23:35:12+00:00,NVIDIA H200 NVL,143771,1135,0,0,33,97.72,2063872,53746,1614902,2.18,683
2026-08-30T23:35:42+00:00,NVIDIA H200 NVL,143771,1135,0,0,33,97.84,2063872,53473,1615175,1.79,683
2026-08-30T23:36:12+00:00,NVIDIA H200 NVL,143771,1135,0,0,33,97.76,2063872,53390,1615258,1.48,683
2026-08-30T23:36:42+00:00,NVIDIA H200 NVL,143771,1135,0,0,33,97.60,2063872,53399,1615249,1.50,683
2026-08-30T23:37:12+00:00,NVIDIA H200 NVL,143771,1135,0,0,33,97.53,2063872,53402,1615245,10.04,683
2026-08-30T23:37:42+00:00,NVIDIA H200 NVL,143771,1135,0,0,33,97.57,2063872,54154,1614493,8.02,683
2026-08-30T23:38:12+00:00,NVIDIA H200 NVL,143771,1135,14,1,33,108.37,2063872,53389,1615258,5.48,683
2026-08-30T23:38:42+00:00,NVIDIA H200 NVL,143771,1135,12,1,34,108.39,2063872,53320,1615327,3.85,683
2026-08-30T23:39:12+00:00,NVIDIA H200 NVL,143771,1135,12,1,34,108.46,2063872,53328,1615319,2.73,683
2026-08-30T23:39:42+00:00,NVIDIA H200 NVL,143771,1135,13,1,34,108.88,2063872,53304,1615343,2.05,683
2026-08-30T23:40:12+00:00,NVIDIA H200 NVL,143771,1135,13,1,34,109.00,2063872,53354,1615291,1.79,683
2026-08-30T23:40:42+00:00,NVIDIA H200 NVL,143771,1135,13,1,34,108.14,2063872,53235,1615410,1.56,683
2026-08-30T23:41:12+00:00,NVIDIA H200 NVL,143771,1135,13,1,34,108.94,2063872,53220,1615427,1.34,683
2026-08-30T23:41:42+00:00,NVIDIA H200 NVL,143771,1135,13,1,34,108.21,2063872,53223,1615424,1.20,683
2026-08-30T23:42:13+00:00,NVIDIA H200 NVL,143771,1135,12,1,34,108.32,2063872,53195,1615452,1.26,683
2026-08-30T23:42:43+00:00,NVIDIA H200 NVL,143771,1135,13,1,34,108.79,2063872,53236,1615410,9.95,683
2026-08-30T23:43:13+00:00,NVIDIA H200 NVL,143771,1135,13,1,34,110.13,2063872,53260,1615387,6.42,683
2026-08-30T23:43:43+00:00,NVIDIA H200 NVL,143771,1135,12,1,34,108.37,2063872,53247,1615400,5.03,683
2026-08-30T23:44:13+00:00,NVIDIA H200 NVL,143771,1135,12,1,34,108.81,2063872,53282,1615364,3.44,683
2026-08-30T23:44:43+00:00,NVIDIA H200 NVL,143771,1135,13,1,34,108.76,2063872,53268,1615379,2.48,683
2026-08-30T23:45:13+00:00,NVIDIA H200 NVL,143771,1135,12,1,34,107.84,2063872,53258,1615389,1.95,683
2026-08-30T23:45:43+00:00,NVIDIA H200 NVL,143771,1135,13,1,34,108.34,2063872,53244,1615403,10.93,683
2026-08-30T23:46:13+00:00,NVIDIA H200 NVL,143771,1135,12,1,34,108.61,2063872,53255,1615391,7.02,683
2026-08-30T23:46:43+00:00,NVIDIA H200 NVL,143771,1135,11,1,34,109.13,2063872,53277,1615370,4.86,683
2026-08-30T23:47:13+00:00,NVIDIA H200 NVL,143771,1135,13,1,34,108.61,2063872,53260,1615387,3.34,683
2026-08-30T23:47:43+00:00,NVIDIA H200 NVL,143771,1135,12,1,34,108.56,2063872,53261,1615385,2.56,683
2026-08-30T23:48:13+00:00,NVIDIA H200 NVL,143771,1135,12,1,34,109.00,2063872,53270,1615377,2.00,683
2026-08-30T23:48:43+00:00,NVIDIA H200 NVL,143771,1135,12,1,34,108.38,2063872,53309,1615338,1.61,683
2026-08-30T23:49:13+00:00,NVIDIA H200 NVL,143771,1135,12,1,34,108.19,2063872,53289,1615357,1.49,683
2026-08-30T23:49:43+00:00,NVIDIA H200 NVL,143771,1135,12,1,34,108.18,2063872,53270,1615377,1.29,683
2026-08-30T23:50:13+00:00,NVIDIA H200 NVL,143771,1135,13,1,34,108.27,2063872,53462,1615182,1.26,683
2026-08-30T23:50:43+00:00,NVIDIA H200 NVL,143771,1135,13,1,34,108.65,2063872,53301,1615346,1.16,683
2026-08-30T23:51:13+00:00,NVIDIA H200 NVL,143771,1135,13,1,34,108.89,2063872,53293,1615353,1.15,683
2026-08-30T23:51:43+00:00,NVIDIA H200 NVL,143771,1135,14,1,34,107.97,2063872,53335,1615311,1.15,683
2026-08-30T23:52:14+00:00,NVIDIA H200 NVL,143771,1135,12,1,34,107.84,2063872,53307,1615339,1.09,683
2026-08-30T23:52:44+00:00,NVIDIA H200 NVL,143771,1135,12,1,34,108.29,2063872,53279,1615367,1.05,683
2026-08-30T23:53:14+00:00,NVIDIA H200 NVL,143771,1135,12,1,34,108.39,2063872,53311,1615335,1.87,683
2026-08-30T23:53:44+00:00,NVIDIA H200 NVL,143771,1135,12,1,34,108.52,2063872,53345,1615301,1.53,683
2026-08-30T23:54:14+00:00,NVIDIA H200 NVL,143771,1135,11,1,34,108.20,2063872,53321,1615325,13.01,683
2026-08-30T23:54:44+00:00,NVIDIA H200 NVL,143771,1135,12,1,34,108.82,2063872,53298,1615348,8.28,683
2026-08-30T23:55:14+00:00,NVIDIA H200 NVL,143771,1135,14,1,34,109.36,2063872,53267,1615380,5.48,683
2026-08-30T23:55:44+00:00,NVIDIA H200 NVL,143771,1135,12,1,34,108.31,2063872,53256,1615390,3.71,683
2026-08-30T23:56:14+00:00,NVIDIA H200 NVL,143771,1135,12,1,34,108.37,2063872,53252,1615395,2.72,683
2026-08-30T23:56:44+00:00,NVIDIA H200 NVL,143771,1135,12,1,34,107.64,2063872,53251,1615395,2.11,683
2026-08-30T23:57:14+00:00,NVIDIA H200 NVL,143771,1135,13,1,34,108.01,2063872,53261,1615385,1.80,683
2026-08-30T23:57:44+00:00,NVIDIA H200 NVL,143771,1135,12,1,34,108.56,2063872,53221,1615425,1.59,683
2026-08-30T23:58:14+00:00,NVIDIA H200 NVL,143771,1135,12,1,34,108.15,2063872,53243,1615403,1.88,683
2026-08-30T23:58:44+00:00,NVIDIA H200 NVL,143771,1135,12,1,34,108.71,2063872,53260,1615386,1.53,683
2026-08-30T23:59:14+00:00,NVIDIA H200 NVL,143771,1135,12,1,34,108.15,2063872,53270,1615376,1.32,683
2026-08-30T23:59:44+00:00,NVIDIA H200 NVL,143771,1135,13,1,34,108.87,2063872,53272,1615374,1.27,683
2026-08-31T00:00:14+00:00,NVIDIA H200 NVL,143771,1135,12,1,34,108.29,2063872,53341,1615304,1.44,683
2026-08-31T00:00:44+00:00,NVIDIA H200 NVL,143771,1135,12,1,34,107.54,2063872,53237,1615410,1.35,683
2026-08-31T00:01:14+00:00,NVIDIA H200 NVL,143771,1135,12,1,34,108.92,2063872,53222,1615424,1.28,683
2026-08-31T00:01:45+00:00,NVIDIA H200 NVL,143771,1135,12,1,34,108.14,2063872,53215,1615431,1.24,683
2026-08-31T00:02:15+00:00,NVIDIA H200 NVL,143771,1135,11,1,34,109.39,2063872,53205,1615441,1.29,683
2026-08-31T00:02:45+00:00,NVIDIA H200 NVL,143771,1135,12,1,34,108.39,2063872,53215,1615431,1.34,683
2026-08-31T00:03:15+00:00,NVIDIA H200 NVL,143771,1135,0,0,33,97.85,2063872,54016,1614629,1.73,683
2026-08-31T00:03:45+00:00,NVIDIA H200 NVL,143771,1135,42,1,35,123.98,2063872,53475,1615170,1.60,683
2026-08-31T00:04:15+00:00,NVIDIA H200 NVL,143771,1135,41,1,35,124.24,2063872,53337,1615308,1.50,683
2026-08-31T00:04:45+00:00,NVIDIA H200 NVL,143771,1135,41,1,35,124.66,2063872,53324,1615322,1.61,683
2026-08-31T00:05:15+00:00,NVIDIA H200 NVL,143771,1135,40,1,35,123.62,2063872,53366,1615280,1.56,683
2026-08-31T00:05:45+00:00,NVIDIA H200 NVL,143771,1135,41,1,36,124.74,2063872,53335,1615311,1.34,683
2026-08-31T00:06:15+00:00,NVIDIA H200 NVL,143771,1135,41,1,36,125.18,2063872,53342,1615303,1.43,683
2026-08-31T00:06:45+00:00,NVIDIA H200 NVL,143771,1135,41,1,36,124.99,2063872,53327,1615318,10.95,683
2026-08-31T00:07:15+00:00,NVIDIA H200 NVL,143771,1135,42,1,36,125.34,2063872,53252,1615397,12.89,683
2026-08-31T00:07:46+00:00,NVIDIA H200 NVL,143771,1135,38,1,36,123.67,2063872,53253,1615396,8.48,683
2026-08-31T00:08:16+00:00,NVIDIA H200 NVL,143771,1135,41,1,35,123.79,2063872,53259,1615391,5.68,683
2026-08-31T00:08:46+00:00,NVIDIA H200 NVL,143771,1135,42,1,35,124.15,2063872,53297,1615352,3.96,683
2026-08-31T00:09:16+00:00,NVIDIA H200 NVL,143771,1135,42,1,35,124.10,2063872,53259,1615390,3.16,683
2026-08-31T00:09:46+00:00,NVIDIA H200 NVL,143771,1135,41,1,35,123.55,2063872,53282,1615367,2.44,683
2026-08-31T00:10:16+00:00,NVIDIA H200 NVL,143771,1135,43,1,36,124.68,2063872,53341,1615307,2.10,683
2026-08-31T00:10:46+00:00,NVIDIA H200 NVL,143771,1135,0,0,35,114.60,2063872,53259,1615390,1.99,683
2026-08-31T00:11:16+00:00,NVIDIA H200 NVL,143771,1135,39,1,35,124.01,2063872,53217,1615432,1.73,683
2026-08-31T00:11:46+00:00,NVIDIA H200 NVL,143771,1135,0,0,34,98.30,2063872,53214,1615435,2.21,683
2026-08-31T00:12:16+00:00,NVIDIA H200 NVL,143771,1135,0,0,33,97.90,2063872,53287,1615362,1.93,683
2026-08-31T00:12:46+00:00,NVIDIA H200 NVL,143771,1135,0,0,33,97.87,2063872,53241,1615407,1.68,683
2026-08-31T00:13:16+00:00,NVIDIA H200 NVL,143771,1135,0,0,33,97.76,2063872,53942,1614706,1.41,683
2026-08-31T00:13:46+00:00,NVIDIA H200 NVL,143771,1135,17,0,34,115.05,2063872,53855,1614793,1.91,683
2026-08-31T00:14:16+00:00,NVIDIA H200 NVL,143771,1135,19,0,34,115.21,2063872,53383,1615264,1.62,683
2026-08-31T00:14:46+00:00,NVIDIA H200 NVL,143771,1135,1,0,34,111.34,2063872,53584,1615064,7.42,683
2026-08-31T00:15:17+00:00,NVIDIA H200 NVL,143771,1135,19,0,34,109.79,2063872,53382,1615266,4.89,683
2026-08-31T00:15:47+00:00,NVIDIA H200 NVL,143771,1135,20,0,35,113.56,2063872,53383,1615265,10.48,683
2026-08-31T00:16:17+00:00,NVIDIA H200 NVL,143771,1135,19,0,35,115.51,2063872,53381,1615267,6.75,683
2026-08-31T00:16:47+00:00,NVIDIA H200 NVL,143771,1135,20,0,35,115.00,2063872,53362,1615286,4.56,683
2026-08-31T00:17:17+00:00,NVIDIA H200 NVL,143771,1135,20,0,35,115.87,2063872,53361,1615287,3.22,683
2026-08-31T00:17:47+00:00,NVIDIA H200 NVL,143771,1135,20,0,35,116.32,2063872,53341,1615306,2.34,683
2026-08-31T00:18:17+00:00,NVIDIA H200 NVL,143771,1135,20,0,35,115.85,2063872,53331,1615317,1.87,683
2026-08-31T00:18:47+00:00,NVIDIA H200 NVL,143771,1135,19,0,35,115.15,2063872,53341,1615307,1.65,683
2026-08-31T00:19:17+00:00,NVIDIA H200 NVL,143771,1135,19,0,35,115.62,2063872,53345,1615303,1.39,683
2026-08-31T00:19:47+00:00,NVIDIA H200 NVL,143771,1135,20,0,35,115.70,2063872,53328,1615320,1.32,683
2026-08-31T00:20:17+00:00,NVIDIA H200 NVL,143771,1135,0,0,34,98.14,2063872,55447,1613199,1.76,683
2026-08-31T00:20:47+00:00,NVIDIA H200 NVL,143771,1135,0,0,33,97.87,2063872,53579,1615068,1.71,683
2026-08-31T00:21:17+00:00,NVIDIA H200 NVL,143771,1135,0,0,33,97.70,2063872,53353,1615294,1.73,683
2026-08-31T00:21:47+00:00,NVIDIA H200 NVL,143771,1135,0,0,33,97.70,2063872,53123,1615524,1.44,683
2026-08-31T00:22:17+00:00,NVIDIA H200 NVL,143771,1135,0,0,33,97.66,2063872,55546,1613101,3.00,683
2026-08-31T00:22:47+00:00,NVIDIA H200 NVL,143771,1135,13,1,33,107.99,2063872,53404,1615242,2.33,683
2026-08-31T00:23:17+00:00,NVIDIA H200 NVL,143771,1135,12,1,34,108.06,2063872,53363,1615284,1.94,683
2026-08-31T00:23:47+00:00,NVIDIA H200 NVL,143771,1135,14,1,34,108.93,2063872,53348,1615299,1.57,683
2026-08-31T00:24:17+00:00,NVIDIA H200 NVL,143771,1135,12,1,34,108.21,2063872,53357,1615290,1.41,683
2026-08-31T00:24:48+00:00,NVIDIA H200 NVL,143771,1135,12,1,34,108.09,2063872,53341,1615305,9.32,683
2026-08-31T00:25:18+00:00,NVIDIA H200 NVL,143771,1135,12,1,34,107.99,2063872,53354,1615292,6.09,683
2026-08-31T00:25:48+00:00,NVIDIA H200 NVL,143771,1135,12,1,34,108.45,2063872,53356,1615290,4.16,683
2026-08-31T00:26:18+00:00,NVIDIA H200 NVL,143771,1135,13,1,34,108.90,2063872,53363,1615284,2.99,683
2026-08-31T00:26:48+00:00,NVIDIA H200 NVL,143771,1135,12,1,34,109.26,2063872,53373,1615274,2.28,683
2026-08-31T00:27:18+00:00,NVIDIA H200 NVL,143771,1135,12,1,34,108.29,2063872,53308,1615338,1.77,683
2026-08-31T00:27:48+00:00,NVIDIA H200 NVL,143771,1135,12,1,34,108.36,2063872,53273,1615374,1.47,683
2026-08-31T00:28:18+00:00,NVIDIA H200 NVL,143771,1135,12,1,34,109.06,2063872,53258,1615388,1.35,683
2026-08-31T00:28:48+00:00,NVIDIA H200 NVL,143771,1135,12,1,34,108.48,2063872,53261,1615386,1.21,683
2026-08-31T00:29:18+00:00,NVIDIA H200 NVL,143771,1135,12,1,34,109.50,2063872,53278,1615368,1.13,683
2026-08-31T00:29:48+00:00,NVIDIA H200 NVL,143771,1135,0,0,34,109.33,2063872,53308,1615339,1.26,683
2026-08-31T00:30:18+00:00,NVIDIA H200 NVL,143771,1135,12,1,34,107.53,2063872,53286,1615359,1.30,683
2026-08-31T00:30:48+00:00,NVIDIA H200 NVL,143771,1135,12,1,34,106.92,2063872,53244,1615402,1.31,683
2026-08-31T00:31:18+00:00,NVIDIA H200 NVL,143771,1135,14,1,34,108.12,2063872,53241,1615405,1.25,683
2026-08-31T00:31:48+00:00,NVIDIA H200 NVL,143771,1135,13,1,34,108.59,2063872,53245,1615401,1.15,683
2026-08-31T00:32:18+00:00,NVIDIA H200 NVL,143771,1135,14,1,34,108.00,2063872,53244,1615402,1.22,683
2026-08-31T00:32:48+00:00,NVIDIA H200 NVL,143771,1135,13,1,34,108.97,2063872,53261,1615386,1.13,683
2026-08-31T00:33:18+00:00,NVIDIA H200 NVL,143771,1135,14,1,34,109.12,2063872,53227,1615419,1.08,683
2026-08-31T00:33:48+00:00,NVIDIA H200 NVL,143771,1135,12,1,34,108.45,2063872,53250,1615396,1.05,683
2026-08-31T00:34:19+00:00,NVIDIA H200 NVL,143771,1135,12,1,34,108.46,2063872,53248,1615398,1.03,683
2026-08-31T00:34:49+00:00,NVIDIA H200 NVL,143771,1135,13,1,34,107.93,2063872,53230,1615416,1.22,683
2026-08-31T00:35:19+00:00,NVIDIA H200 NVL,143771,1135,12,1,34,108.77,2063872,53272,1615374,1.27,683
2026-08-31T00:35:49+00:00,NVIDIA H200 NVL,143771,1135,13,1,34,108.57,2063872,53271,1615375,1.16,683
2026-08-31T00:36:19+00:00,NVIDIA H200 NVL,143771,1135,12,1,34,108.47,2063872,53286,1615359,1.26,683
2026-08-31T00:36:49+00:00,NVIDIA H200 NVL,143771,1135,13,1,34,109.17,2063872,53298,1615348,1.22,683
2026-08-31T00:37:19+00:00,NVIDIA H200 NVL,143771,1135,12,1,34,107.90,2063872,53277,1615369,1.13,683
2026-08-31T00:37:49+00:00,NVIDIA H200 NVL,143771,1135,12,1,34,108.68,2063872,53251,1615395,1.08,683
2026-08-31T00:38:20+00:00,NVIDIA H200 NVL,143771,1135,13,1,34,108.48,2063872,53230,1615416,1.13,683
2026-08-31T00:38:50+00:00,NVIDIA H200 NVL,143771,1135,12,1,34,108.78,2063872,53230,1615416,1.13,683
2026-08-31T00:39:20+00:00,NVIDIA H200 NVL,143771,1135,14,1,34,108.28,2063872,53217,1615429,1.13,683
2026-08-31T00:39:50+00:00,NVIDIA H200 NVL,143771,1135,9,0,34,108.11,2063872,53431,1615214,1.20,683
2026-08-31T00:40:20+00:00,NVIDIA H200 NVL,143771,1135,11,1,34,108.91,2063872,53240,1615404,1.25,683
2026-08-31T00:40:50+00:00,NVIDIA H200 NVL,143771,1135,12,1,34,108.40,2063872,53221,1615425,1.15,683
2026-08-31T00:41:20+00:00,NVIDIA H200 NVL,143771,1135,12,1,34,108.27,2063872,53216,1615429,1.23,683
2026-08-31T00:41:50+00:00,NVIDIA H200 NVL,143771,1135,12,1,34,107.90,2063872,53217,1615429,1.20,683
2026-08-31T00:42:20+00:00,NVIDIA H200 NVL,143771,1135,12,1,34,108.46,2063872,53206,1615440,7.83,683
2026-08-31T00:42:50+00:00,NVIDIA H200 NVL,143771,1135,12,1,34,108.79,2063872,53213,1615433,5.20,683
2026-08-31T00:43:20+00:00,NVIDIA H200 NVL,143771,1135,12,1,34,107.97,2063872,53225,1615420,3.60,683
2026-08-31T00:43:50+00:00,NVIDIA H200 NVL,143771,1135,15,1,34,108.13,2063872,53245,1615400,2.58,683
2026-08-31T00:44:20+00:00,NVIDIA H200 NVL,143771,1135,12,1,34,107.66,2063872,53262,1615384,2.01,683
2026-08-31T00:44:50+00:00,NVIDIA H200 NVL,143771,1135,12,1,34,108.34,2063872,53232,1615414,1.61,683
2026-08-31T00:45:20+00:00,NVIDIA H200 NVL,143771,1135,34,2,34,126.43,2063872,53224,1615422,1.37,683
2026-08-31T00:45:50+00:00,NVIDIA H200 NVL,143771,1135,12,1,34,108.36,2063872,53236,1615409,1.30,683
2026-08-31T00:46:20+00:00,NVIDIA H200 NVL,143771,1135,15,1,34,108.33,2063872,53251,1615395,1.18,683
2026-08-31T00:46:50+00:00,NVIDIA H200 NVL,143771,1135,13,1,34,108.52,2063872,53234,1615412,1.26,683
2026-08-31T00:47:20+00:00,NVIDIA H200 NVL,143771,1135,41,1,34,123.89,2063872,53666,1614979,1.85,683
2026-08-31T00:47:51+00:00,NVIDIA H200 NVL,143771,1135,41,1,35,123.82,2063872,53366,1615279,1.77,683
2026-08-31T00:48:21+00:00,NVIDIA H200 NVL,143771,1135,42,1,35,123.86,2063872,53358,1615287,1.47,683
2026-08-31T00:48:51+00:00,NVIDIA H200 NVL,143771,1135,41,1,35,124.55,2063872,53347,1615299,1.28,683
2026-08-31T00:49:21+00:00,NVIDIA H200 NVL,143771,1135,41,1,35,123.96,2063872,53325,1615320,1.17,683
2026-08-31T00:49:51+00:00,NVIDIA H200 NVL,143771,1135,41,1,35,124.48,2063872,53357,1615288,1.23,683
2026-08-31T00:50:21+00:00,NVIDIA H200 NVL,143771,1135,41,1,35,124.39,2063872,53304,1615339,1.42,683
2026-08-31T00:50:51+00:00,NVIDIA H200 NVL,143771,1135,41,1,35,124.47,2063872,53289,1615356,1.25,683
2026-08-31T00:51:21+00:00,NVIDIA H200 NVL,143771,1135,42,1,35,124.09,2063872,53281,1615363,1.28,683
2026-08-31T00:51:51+00:00,NVIDIA H200 NVL,143771,1135,41,1,36,119.24,2063872,53312,1615333,1.23,683
2026-08-31T00:52:21+00:00,NVIDIA H200 NVL,143771,1135,41,1,35,124.50,2063872,53283,1615362,1.14,683
2026-08-31T00:52:51+00:00,NVIDIA H200 NVL,143771,1135,43,1,36,125.02,2063872,53274,1615370,1.08,683
2026-08-31T00:53:21+00:00,NVIDIA H200 NVL,143771,1135,41,1,36,124.47,2063872,53252,1615393,1.19,683
2026-08-31T00:53:51+00:00,NVIDIA H200 NVL,143771,1135,34,1,35,124.33,2063872,53261,1615384,1.11,683
2026-08-31T00:54:21+00:00,NVIDIA H200 NVL,143771,1135,42,1,36,124.97,2063872,53278,1615367,2.01,683
2026-08-31T00:54:51+00:00,NVIDIA H200 NVL,143771,1135,41,1,36,124.41,2063872,53292,1615353,1.68,683
2026-08-31T00:55:21+00:00,NVIDIA H200 NVL,143771,1135,35,1,35,115.36,2063872,53298,1615347,1.81,683
2026-08-31T00:55:51+00:00,NVIDIA H200 NVL,143771,1135,0,0,34,98.28,2063872,54698,1613947,1.75,683
2026-08-31T00:56:21+00:00,NVIDIA H200 NVL,143771,1135,0,0,33,97.93,2063872,53256,1615388,1.68,683
2026-08-31T00:56:51+00:00,NVIDIA H200 NVL,143771,1135,0,0,33,97.92,2063872,53234,1615410,1.54,683
2026-08-31T00:57:22+00:00,NVIDIA H200 NVL,143771,1135,0,0,33,97.69,2063872,53289,1615355,2.10,683
2026-08-31T00:57:52+00:00,NVIDIA H200 NVL,143771,1135,19,0,34,115.39,2063872,53542,1615101,2.20,683
2026-08-31T00:58:22+00:00,NVIDIA H200 NVL,143771,1135,20,0,34,115.96,2063872,53423,1615220,1.84,683
2026-08-31T00:58:52+00:00,NVIDIA H200 NVL,143771,1135,20,0,34,115.96,2063872,53434,1615210,1.51,683
2026-08-31T00:59:22+00:00,NVIDIA H200 NVL,143771,1135,20,0,35,116.29,2063872,53424,1615220,1.38,683
2026-08-31T00:59:52+00:00,NVIDIA H200 NVL,143771,1135,20,0,35,116.52,2063872,53417,1615227,1.23,683
2026-08-31T01:00:22+00:00,NVIDIA H200 NVL,143771,1135,20,0,35,116.37,2063872,53379,1615263,1.35,683
2026-08-31T01:00:52+00:00,NVIDIA H200 NVL,143771,1135,20,0,35,116.32,2063872,53315,1615328,1.22,683
2026-08-31T01:01:22+00:00,NVIDIA H200 NVL,143771,1135,20,0,35,116.17,2063872,53291,1615352,1.21,683
2026-08-31T01:01:52+00:00,NVIDIA H200 NVL,143771,1135,18,0,35,115.66,2063872,53485,1615159,1.12,683
2026-08-31T01:02:22+00:00,NVIDIA H200 NVL,143771,1135,20,0,35,110.78,2063872,53308,1615336,1.07,683
2026-08-31T01:02:53+00:00,NVIDIA H200 NVL,143771,1135,20,0,35,116.53,2063872,53324,1615319,11.00,683
2026-08-31T01:03:23+00:00,NVIDIA H200 NVL,143771,1135,20,0,35,115.65,2063872,53254,1615389,7.20,683
2026-08-31T01:03:53+00:00,NVIDIA H200 NVL,143771,1135,20,0,35,115.89,2063872,53312,1615332,4.75,683
2026-08-31T01:04:23+00:00,NVIDIA H200 NVL,143771,1135,0,0,34,98.26,2063872,53377,1615266,3.50,683
2026-08-31T01:04:53+00:00,NVIDIA H200 NVL,143771,1135,0,0,33,97.84,2063872,53564,1615079,2.98,683
2026-08-31T01:05:23+00:00,NVIDIA H200 NVL,143771,1135,0,0,33,97.82,2063872,53309,1615334,2.20,683
2026-08-31T01:05:53+00:00,NVIDIA H200 NVL,143771,1135,0,0,33,97.77,2063872,53119,1615524,3.50,683
